structure_id,native_jar,native_resource,biome_selector,category_inferred_from_definition,dimension_evidence,placement_step,start_height,terrain_adaptation,effective_structure_sets,curated_ow_before_test4_count,curated_ow_test5_count,added_curated_ow_biomes,removed_curated_ow_biomes,native_direct_graph_vanilla_only,unresolved_native_tags,unresolved_effective_tags,resolved_curated_ow_biomes
adventuredungeons:bygonedungeon,adventuredungeons-neoforge-1.21-1.3.1.jar,data/adventuredungeons/worldgen/structure/bygonedungeon.json,#adventuredungeons:bygonedungeon,underground,Overworld,underground_decoration,"{""max_inclusive"":{""absolute"":25},""min_inclusive"":{""absolute"":18},""type"":""minecraft:uniform""}",encapsulate,adventuredungeons:bygonedungeon,0,19,biomesoplenty:highland | biomesoplenty:ominous_woods | biomesoplenty:pumpkin_patch | biomesoplenty:snowblossom_grove | biomeswevegone:prairie | biomeswevegone:redwood_thicket | biomeswevegone:sakura_grove | biomeswevegone:skyris_vale | biomeswevegone:weeping_witch_forest | biomeswevegone:zelkova_forest | natures_spirit:alpine_clearings | natures_spirit:floral_ridges | natures_spirit:windswept_sugi_forest | regions_unexplored:flower_fields | regions_unexplored:grassland | regions_unexplored:maple_forest | regions_unexplored:orchard | regions_unexplored:redwoods | regions_unexplored:rocky_meadow,,True,,,biomesoplenty:highland | biomesoplenty:ominous_woods | biomesoplenty:pumpkin_patch | biomesoplenty:snowblossom_grove | biomeswevegone:prairie | biomeswevegone:redwood_thicket | biomeswevegone:sakura_grove | biomeswevegone:skyris_vale | biomeswevegone:weeping_witch_forest | biomeswevegone:zelkova_forest | natures_spirit:alpine_clearings | natures_spirit:floral_ridges | natures_spirit:windswept_sugi_forest | regions_unexplored:flower_fields | regions_unexplored:grassland | regions_unexplored:maple_forest | regions_unexplored:orchard | regions_unexplored:redwoods | regions_unexplored:rocky_meadow
adventuredungeons:coldlair,adventuredungeons-neoforge-1.21-1.3.1.jar,data/adventuredungeons/worldgen/structure/coldlair.json,#adventuredungeons:coldlair,underground,Overworld,underground_decoration,"{""max_inclusive"":{""absolute"":2},""min_inclusive"":{""absolute"":-5},""type"":""minecraft:uniform""}",encapsulate,adventuredungeons:coldlair,0,8,biomesoplenty:auroral_garden | biomesoplenty:snowblossom_grove | biomeswevegone:frosted_coniferous_forest | biomeswevegone:shattered_glacier | regions_unexplored:cold_deciduous_forest | regions_unexplored:frozen_pine_taiga | regions_unexplored:icy_heights | regions_unexplored:spires,,True,,,biomesoplenty:auroral_garden | biomesoplenty:snowblossom_grove | biomeswevegone:frosted_coniferous_forest | biomeswevegone:shattered_glacier | regions_unexplored:cold_deciduous_forest | regions_unexplored:frozen_pine_taiga | regions_unexplored:icy_heights | regions_unexplored:spires
adventuredungeons:murkydungeon,adventuredungeons-neoforge-1.21-1.3.1.jar,data/adventuredungeons/worldgen/structure/murkydungeon.json,#adventuredungeons:murkydungeon,underground,Overworld,underground_decoration,"{""max_inclusive"":{""absolute"":16},""min_inclusive"":{""absolute"":8},""type"":""minecraft:uniform""}",encapsulate,adventuredungeons:murkydungeon,0,4,biomesoplenty:hot_springs | biomeswevegone:bayou | regions_unexplored:fen | regions_unexplored:marsh,,True,,,biomesoplenty:hot_springs | biomeswevegone:bayou | regions_unexplored:fen | regions_unexplored:marsh
adventuredungeons:ruins_desert,adventuredungeons-neoforge-1.21-1.3.1.jar,data/adventuredungeons/worldgen/structure/ruins_desert.json,#minecraft:has_structure/ruined_portal_desert,surface/other,Other/undetermined,surface_structures,"{""absolute"":0}",beard_thin,adventuredungeons:ruins_desert,0,0,,,False,,,
adventuredungeons:ruins_snow,adventuredungeons-neoforge-1.21-1.3.1.jar,data/adventuredungeons/worldgen/structure/ruins_snow.json,#adventuredungeons:ruins_snow,surface/other,Overworld,surface_structures,"{""absolute"":0}",beard_thin,adventuredungeons:ruins_snow,0,6,biomesoplenty:auroral_garden | biomesoplenty:snowblossom_grove | biomeswevegone:frosted_coniferous_forest | biomeswevegone:shattered_glacier | regions_unexplored:cold_deciduous_forest | regions_unexplored:frozen_pine_taiga,,True,,,biomesoplenty:auroral_garden | biomesoplenty:snowblossom_grove | biomeswevegone:frosted_coniferous_forest | biomeswevegone:shattered_glacier | regions_unexplored:cold_deciduous_forest | regions_unexplored:frozen_pine_taiga
adventuredungeons:ruins_standard,adventuredungeons-neoforge-1.21-1.3.1.jar,data/adventuredungeons/worldgen/structure/ruins_standard.json,#adventuredungeons:ruins_standard,surface/other,Overworld,surface_structures,"{""absolute"":0}",beard_thin,adventuredungeons:ruins_standard,0,18,biomesoplenty:highland | biomesoplenty:ominous_woods | biomesoplenty:pumpkin_patch | biomeswevegone:prairie | biomeswevegone:redwood_thicket | biomeswevegone:sakura_grove | biomeswevegone:skyris_vale | biomeswevegone:weeping_witch_forest | biomeswevegone:zelkova_forest | natures_spirit:alpine_clearings | natures_spirit:floral_ridges | natures_spirit:windswept_sugi_forest | regions_unexplored:flower_fields | regions_unexplored:grassland | regions_unexplored:maple_forest | regions_unexplored:orchard | regions_unexplored:redwoods | regions_unexplored:rocky_meadow,,True,,,biomesoplenty:highland | biomesoplenty:ominous_woods | biomesoplenty:pumpkin_patch | biomeswevegone:prairie | biomeswevegone:redwood_thicket | biomeswevegone:sakura_grove | biomeswevegone:skyris_vale | biomeswevegone:weeping_witch_forest | biomeswevegone:zelkova_forest | natures_spirit:alpine_clearings | natures_spirit:floral_ridges | natures_spirit:windswept_sugi_forest | regions_unexplored:flower_fields | regions_unexplored:grassland | regions_unexplored:maple_forest | regions_unexplored:orchard | regions_unexplored:redwoods | regions_unexplored:rocky_meadow
adventuredungeons:trialrooms,adventuredungeons-neoforge-1.21-1.3.1.jar,data/adventuredungeons/worldgen/structure/trialrooms.json,#adventuredungeons:trialrooms,underground,Overworld,underground_decoration,"{""max_inclusive"":{""absolute"":20},""min_inclusive"":{""absolute"":30},""type"":""minecraft:uniform""}",encapsulate,adventuredungeons:trialrooms,0,13,biomesoplenty:highland | biomesoplenty:pumpkin_patch | biomeswevegone:prairie | biomeswevegone:sakura_grove | biomeswevegone:shattered_glacier | natures_spirit:alpine_clearings | natures_spirit:floral_ridges | regions_unexplored:flower_fields | regions_unexplored:grassland | regions_unexplored:icy_heights | regions_unexplored:orchard | regions_unexplored:rocky_meadow | regions_unexplored:spires,,True,,,biomesoplenty:highland | biomesoplenty:pumpkin_patch | biomeswevegone:prairie | biomeswevegone:sakura_grove | biomeswevegone:shattered_glacier | natures_spirit:alpine_clearings | natures_spirit:floral_ridges | regions_unexplored:flower_fields | regions_unexplored:grassland | regions_unexplored:icy_heights | regions_unexplored:orchard | regions_unexplored:rocky_meadow | regions_unexplored:spires
adventuredungeons:underground_camp,adventuredungeons-neoforge-1.21-1.3.1.jar,data/adventuredungeons/worldgen/structure/underground_camp.json,#minecraft:has_structure/pillager_outpost,underground,Overworld,underground_decoration,"{""max_inclusive"":{""absolute"":40},""min_inclusive"":{""absolute"":-20},""type"":""minecraft:uniform""}",none,adventuredungeons:underground_camp,0,0,,,True,,,
aether:bronze_dungeon,aether-1.21.1-1.5.10-neoforge.jar,data/aether/worldgen/structure/bronze_dungeon.json,#aether:has_bronze_dungeon,surface/other,Aether,top_layer_modification,{},,aether:bronze_dungeon,0,0,,,False,,,
aether:gold_dungeon,aether-1.21.1-1.5.10-neoforge.jar,data/aether/worldgen/structure/gold_dungeon.json,#aether:has_gold_dungeon,surface/other,Aether,surface_structures,{},,aether:silver_and_gold_dungeons,0,0,,,False,,,
aether:large_aercloud,aether-1.21.1-1.5.10-neoforge.jar,data/aether/worldgen/structure/large_aercloud.json,#aether:has_large_aercloud,surface/other,Aether,surface_structures,{},,aether:large_aercloud,0,0,,,False,,,
aether:silver_dungeon,aether-1.21.1-1.5.10-neoforge.jar,data/aether/worldgen/structure/silver_dungeon.json,#aether:has_silver_dungeon,surface/other,Aether,surface_structures,{},,aether:silver_and_gold_dungeons,0,0,,,False,,,
aether_villages:olympic_citadel,AetherVillages-1.21.1-1.0.8-neoforge.jar,data/aether_villages/worldgen/structure/olympic_citadel.json,#aether_villages:has_structure/olympic_citadel_biomes,surface/other,Aether,surface_structures,"{""absolute"":100}",none,aether_villages:aether_villages_structures,0,0,,,False,ancient_aether:is_ancient_aether_biome,,
alexscaves:abyssal_ruins,alexscaves-2.0.3.jar,data/alexscaves/worldgen/structure/abyssal_ruins.json,alexscaves:abyssal_chasm,underground,Other/undetermined,underground_structures,"{""absolute"":0}",,alexscaves:abyssal_ruins,0,0,,,False,,,
alexscaves:acid_pit,alexscaves-2.0.3.jar,data/alexscaves/worldgen/structure/acid_pit.json,alexscaves:toxic_caves,underground,Other/undetermined,underground_structures,"{""absolute"":0}",,alexscaves:acid_pit,0,0,,,False,,,
alexscaves:cake_cave,alexscaves-2.0.3.jar,data/alexscaves/worldgen/structure/cake_cave.json,alexscaves:candy_cavity,surface/other,Other/undetermined,raw_generation,"{""absolute"":0}",,alexscaves:cake_cave,0,0,,,False,,,
alexscaves:dino_bowl,alexscaves-2.0.3.jar,data/alexscaves/worldgen/structure/dino_bowl.json,alexscaves:primordial_caves,surface/other,Other/undetermined,raw_generation,"{""absolute"":0}",,alexscaves:dino_bowl,0,0,,,False,,,
alexscaves:donut_arch,alexscaves-2.0.3.jar,data/alexscaves/worldgen/structure/donut_arch.json,alexscaves:candy_cavity,underground,Other/undetermined,underground_structures,"{""absolute"":0}",,alexscaves:donut_arch,0,0,,,False,,,
alexscaves:ferrocave,alexscaves-2.0.3.jar,data/alexscaves/worldgen/structure/ferrocave.json,alexscaves:magnetic_caves,surface/other,Other/undetermined,raw_generation,"{""absolute"":0}",,alexscaves:ferrocave,0,0,,,False,,,
alexscaves:forlorn_bridge,alexscaves-2.0.3.jar,data/alexscaves/worldgen/structure/forlorn_bridge.json,alexscaves:forlorn_hollows,underground,Other/undetermined,underground_structures,"{""absolute"":0}",,alexscaves:forlorn_bridge,0,0,,,False,,,
alexscaves:forlorn_canyon,alexscaves-2.0.3.jar,data/alexscaves/worldgen/structure/forlorn_canyon.json,alexscaves:forlorn_hollows,surface/other,Other/undetermined,raw_generation,"{""absolute"":0}",,alexscaves:forlorn_canyon,0,0,,,False,,,
alexscaves:gingerbread_town,alexscaves-2.0.3.jar,data/alexscaves/worldgen/structure/gingerbread_town.json,alexscaves:candy_cavity,underground,Other/undetermined,underground_structures,"{""absolute"":0}",,alexscaves:gingerbread_town,0,0,,,False,,,
alexscaves:licowitch_tower,alexscaves-2.0.3.jar,data/alexscaves/worldgen/structure/licowitch_tower.json,alexscaves:candy_cavity,underground,Other/undetermined,underground_structures,"{""absolute"":0}",,alexscaves:licowitch_tower,0,0,,,False,,,
alexscaves:ocean_trench,alexscaves-2.0.3.jar,data/alexscaves/worldgen/structure/ocean_trench.json,alexscaves:abyssal_chasm,surface/other,Other/undetermined,raw_generation,"{""absolute"":0}",,alexscaves:ocean_trench,0,0,,,False,,,
alexscaves:soda_bottle,alexscaves-2.0.3.jar,data/alexscaves/worldgen/structure/soda_bottle.json,alexscaves:candy_cavity,underground,Other/undetermined,underground_structures,"{""absolute"":0}",,alexscaves:soda_bottle,0,0,,,False,,,
alexscaves:underground_cabin,alexscaves-2.0.3.jar,data/alexscaves/worldgen/structure/underground_cabin.json,"{""type"": ""neoforge:and"", ""values"": [""#alexscaves:has_underground_cabins"", {""type"": ""neoforge:not"", ""value"": ""#alexscaves:has_no_underground_cabins""}]}",underground,Overworld,underground_structures,"{""absolute"":0}",,alexscaves:underground_cabin,25,25,,,False,,,biomesoplenty:auroral_garden | biomesoplenty:highland | biomesoplenty:hot_springs | biomesoplenty:ominous_woods | biomesoplenty:pumpkin_patch | biomesoplenty:snowblossom_grove | biomesoplenty:volcano | natures_spirit:alpine_clearings | regions_unexplored:ashen_woodland | regions_unexplored:cold_deciduous_forest | regions_unexplored:fen | regions_unexplored:flower_fields | regions_unexplored:frozen_pine_taiga | regions_unexplored:grassland | regions_unexplored:grassy_beach | regions_unexplored:hyacinth_deeps | regions_unexplored:icy_heights | regions_unexplored:maple_forest | regions_unexplored:marsh | regions_unexplored:muddy_river | regions_unexplored:orchard | regions_unexplored:redwoods | regions_unexplored:rocky_meadow | regions_unexplored:rocky_reef | regions_unexplored:spires
alexscaves:volcano,alexscaves-2.0.3.jar,data/alexscaves/worldgen/structure/volcano.json,alexscaves:primordial_caves,underground,Other/undetermined,underground_structures,"{""absolute"":0}",,alexscaves:volcano,0,0,,,False,,,
ambient_odyssey:heavenly_challenger_overworld,AO native-template clone,,#ambient_odyssey:sky_land,sky,Overworld,surface_structures,"{""absolute"":200}",False,ambient_odyssey:heavenly_challenger_overworld,0,31,biomesoplenty:auroral_garden | biomesoplenty:highland | biomesoplenty:hot_springs | biomesoplenty:ominous_woods | biomesoplenty:pumpkin_patch | biomesoplenty:snowblossom_grove | biomeswevegone:bayou | biomeswevegone:crag_gardens | biomeswevegone:ebony_woods | biomeswevegone:frosted_coniferous_forest | biomeswevegone:maple_taiga | biomeswevegone:prairie | biomeswevegone:redwood_thicket | biomeswevegone:sakura_grove | biomeswevegone:skyris_vale | biomeswevegone:weeping_witch_forest | biomeswevegone:zelkova_forest | natures_spirit:alpine_clearings | natures_spirit:floral_ridges | natures_spirit:windswept_sugi_forest | regions_unexplored:ashen_woodland | regions_unexplored:cold_deciduous_forest | regions_unexplored:fen | regions_unexplored:flower_fields | regions_unexplored:frozen_pine_taiga | regions_unexplored:grassland | regions_unexplored:maple_forest | regions_unexplored:marsh | regions_unexplored:orchard | regions_unexplored:redwoods | regions_unexplored:rocky_meadow,,False,ambient_odyssey:sky_land,,biomesoplenty:auroral_garden | biomesoplenty:highland | biomesoplenty:hot_springs | biomesoplenty:ominous_woods | biomesoplenty:pumpkin_patch | biomesoplenty:snowblossom_grove | biomeswevegone:bayou | biomeswevegone:crag_gardens | biomeswevegone:ebony_woods | biomeswevegone:frosted_coniferous_forest | biomeswevegone:maple_taiga | biomeswevegone:prairie | biomeswevegone:redwood_thicket | biomeswevegone:sakura_grove | biomeswevegone:skyris_vale | biomeswevegone:weeping_witch_forest | biomeswevegone:zelkova_forest | natures_spirit:alpine_clearings | natures_spirit:floral_ridges | natures_spirit:windswept_sugi_forest | regions_unexplored:ashen_woodland | regions_unexplored:cold_deciduous_forest | regions_unexplored:fen | regions_unexplored:flower_fields | regions_unexplored:frozen_pine_taiga | regions_unexplored:grassland | regions_unexplored:maple_forest | regions_unexplored:marsh | regions_unexplored:orchard | regions_unexplored:redwoods | regions_unexplored:rocky_meadow
ambient_odyssey:heavenly_conqueror_overworld,AO native-template clone,,#ambient_odyssey:sky_land,sky,Overworld,surface_structures,"{""absolute"":200}",False,ambient_odyssey:heavenly_conqueror_overworld,0,31,biomesoplenty:auroral_garden | biomesoplenty:highland | biomesoplenty:hot_springs | biomesoplenty:ominous_woods | biomesoplenty:pumpkin_patch | biomesoplenty:snowblossom_grove | biomeswevegone:bayou | biomeswevegone:crag_gardens | biomeswevegone:ebony_woods | biomeswevegone:frosted_coniferous_forest | biomeswevegone:maple_taiga | biomeswevegone:prairie | biomeswevegone:redwood_thicket | biomeswevegone:sakura_grove | biomeswevegone:skyris_vale | biomeswevegone:weeping_witch_forest | biomeswevegone:zelkova_forest | natures_spirit:alpine_clearings | natures_spirit:floral_ridges | natures_spirit:windswept_sugi_forest | regions_unexplored:ashen_woodland | regions_unexplored:cold_deciduous_forest | regions_unexplored:fen | regions_unexplored:flower_fields | regions_unexplored:frozen_pine_taiga | regions_unexplored:grassland | regions_unexplored:maple_forest | regions_unexplored:marsh | regions_unexplored:orchard | regions_unexplored:redwoods | regions_unexplored:rocky_meadow,,False,ambient_odyssey:sky_land,,biomesoplenty:auroral_garden | biomesoplenty:highland | biomesoplenty:hot_springs | biomesoplenty:ominous_woods | biomesoplenty:pumpkin_patch | biomesoplenty:snowblossom_grove | biomeswevegone:bayou | biomeswevegone:crag_gardens | biomeswevegone:ebony_woods | biomeswevegone:frosted_coniferous_forest | biomeswevegone:maple_taiga | biomeswevegone:prairie | biomeswevegone:redwood_thicket | biomeswevegone:sakura_grove | biomeswevegone:skyris_vale | biomeswevegone:weeping_witch_forest | biomeswevegone:zelkova_forest | natures_spirit:alpine_clearings | natures_spirit:floral_ridges | natures_spirit:windswept_sugi_forest | regions_unexplored:ashen_woodland | regions_unexplored:cold_deciduous_forest | regions_unexplored:fen | regions_unexplored:flower_fields | regions_unexplored:frozen_pine_taiga | regions_unexplored:grassland | regions_unexplored:maple_forest | regions_unexplored:marsh | regions_unexplored:orchard | regions_unexplored:redwoods | regions_unexplored:rocky_meadow
ambient_odyssey:heavenly_rider_overworld,AO native-template clone,,#ambient_odyssey:sky_land,sky,Overworld,surface_structures,"{""absolute"":200}",False,ambient_odyssey:heavenly_rider_overworld,0,31,biomesoplenty:auroral_garden | biomesoplenty:highland | biomesoplenty:hot_springs | biomesoplenty:ominous_woods | biomesoplenty:pumpkin_patch | biomesoplenty:snowblossom_grove | biomeswevegone:bayou | biomeswevegone:crag_gardens | biomeswevegone:ebony_woods | biomeswevegone:frosted_coniferous_forest | biomeswevegone:maple_taiga | biomeswevegone:prairie | biomeswevegone:redwood_thicket | biomeswevegone:sakura_grove | biomeswevegone:skyris_vale | biomeswevegone:weeping_witch_forest | biomeswevegone:zelkova_forest | natures_spirit:alpine_clearings | natures_spirit:floral_ridges | natures_spirit:windswept_sugi_forest | regions_unexplored:ashen_woodland | regions_unexplored:cold_deciduous_forest | regions_unexplored:fen | regions_unexplored:flower_fields | regions_unexplored:frozen_pine_taiga | regions_unexplored:grassland | regions_unexplored:maple_forest | regions_unexplored:marsh | regions_unexplored:orchard | regions_unexplored:redwoods | regions_unexplored:rocky_meadow,,False,ambient_odyssey:sky_land,,biomesoplenty:auroral_garden | biomesoplenty:highland | biomesoplenty:hot_springs | biomesoplenty:ominous_woods | biomesoplenty:pumpkin_patch | biomesoplenty:snowblossom_grove | biomeswevegone:bayou | biomeswevegone:crag_gardens | biomeswevegone:ebony_woods | biomeswevegone:frosted_coniferous_forest | biomeswevegone:maple_taiga | biomeswevegone:prairie | biomeswevegone:redwood_thicket | biomeswevegone:sakura_grove | biomeswevegone:skyris_vale | biomeswevegone:weeping_witch_forest | biomeswevegone:zelkova_forest | natures_spirit:alpine_clearings | natures_spirit:floral_ridges | natures_spirit:windswept_sugi_forest | regions_unexplored:ashen_woodland | regions_unexplored:cold_deciduous_forest | regions_unexplored:fen | regions_unexplored:flower_fields | regions_unexplored:frozen_pine_taiga | regions_unexplored:grassland | regions_unexplored:maple_forest | regions_unexplored:marsh | regions_unexplored:orchard | regions_unexplored:redwoods | regions_unexplored:rocky_meadow
antiquetradingship:antique_trading_ship,antiquetradingship-1.4.0-neoforge-1.21.1.jar,data/antiquetradingship/worldgen/structure/antique_trading_ship.json,"[""deep_frozen_ocean"", ""cold_ocean"", ""deep_cold_ocean"", ""deep_lukewarm_ocean"", ""deep_ocean"", ""frozen_ocean"", ""lukewarm_ocean"", ""ocean"", ""warm_ocean""]",ocean/river,Other/undetermined,surface_structures,"{""absolute"":0}",none,antiquetradingship:antique_trading_ship,0,0,,,True,,,
apotheosis:tower_leaf,Apotheosis-1.21.1-8.9.0.jar,data/apotheosis/worldgen/structure/tower_leaf.json,"{""type"": ""neoforge:and"", ""values"": [""#apotheosis:tower_leaf"", {""type"": ""neoforge:not"", ""value"": ""#minecraft:is_ocean""}]}",surface/other,Overworld,surface_structures,"{""absolute"":0}",beard_thin,apotheosis:towers,6,6,,,False,,,biomesoplenty:hot_springs | biomeswevegone:bayou | biomeswevegone:crag_gardens | biomeswevegone:ebony_woods | regions_unexplored:fen | regions_unexplored:marsh
apotheosis:tower_main,Apotheosis-1.21.1-8.9.0.jar,data/apotheosis/worldgen/structure/tower_main.json,"{""type"": ""neoforge:and"", ""values"": [""#apotheosis:tower_main"", {""type"": ""neoforge:not"", ""value"": ""#minecraft:is_ocean""}]}",surface/other,Overworld,surface_structures,"{""absolute"":0}",beard_thin,apotheosis:towers,29,29,,,False,,,biomesoplenty:auroral_garden | biomesoplenty:highland | biomesoplenty:ominous_woods | biomesoplenty:pumpkin_patch | biomesoplenty:snowblossom_grove | biomesoplenty:volcano | biomeswevegone:crag_gardens | biomeswevegone:ebony_woods | biomeswevegone:frosted_coniferous_forest | biomeswevegone:prairie | biomeswevegone:redwood_thicket | biomeswevegone:sakura_grove | biomeswevegone:shattered_glacier | biomeswevegone:skyris_vale | biomeswevegone:weeping_witch_forest | biomeswevegone:zelkova_forest | natures_spirit:alpine_clearings | natures_spirit:floral_ridges | natures_spirit:windswept_sugi_forest | regions_unexplored:ashen_woodland | regions_unexplored:cold_deciduous_forest | regions_unexplored:flower_fields | regions_unexplored:grassland | regions_unexplored:icy_heights | regions_unexplored:maple_forest | regions_unexplored:orchard | regions_unexplored:redwoods | regions_unexplored:rocky_meadow | regions_unexplored:spires
apotheosis:tower_sand,Apotheosis-1.21.1-8.9.0.jar,data/apotheosis/worldgen/structure/tower_sand.json,"{""type"": ""neoforge:and"", ""values"": [""#apotheosis:tower_sand"", {""type"": ""neoforge:not"", ""value"": ""#minecraft:is_ocean""}]}",ocean/river,Other/undetermined,surface_structures,"{""absolute"":0}",beard_thin,apotheosis:towers,0,0,,,False,,,
apotheosis:tower_spruce,Apotheosis-1.21.1-8.9.0.jar,data/apotheosis/worldgen/structure/tower_spruce.json,"{""type"": ""neoforge:and"", ""values"": [""#apotheosis:tower_spruce"", {""type"": ""neoforge:not"", ""value"": ""#minecraft:is_ocean""}]}",surface/other,Overworld,surface_structures,"{""absolute"":0}",beard_thin,apotheosis:towers,16,15,,natures_spirit:alpine_clearings,False,,,biomesoplenty:auroral_garden | biomesoplenty:hot_springs | biomesoplenty:ominous_woods | biomesoplenty:snowblossom_grove | biomeswevegone:frosted_coniferous_forest | biomeswevegone:maple_taiga | biomeswevegone:redwood_thicket | biomeswevegone:shattered_glacier | natures_spirit:windswept_sugi_forest | regions_unexplored:ashen_woodland | regions_unexplored:cold_deciduous_forest | regions_unexplored:frozen_pine_taiga | regions_unexplored:icy_heights | regions_unexplored:redwoods | regions_unexplored:spires
archaeology_ruins:adoberuins,archaeology_ruins-1.0.0-neoforge-1.21.1.jar,data/archaeology_ruins/worldgen/structure/adoberuins.json,"[""badlands"", ""eroded_badlands"", ""wooded_badlands""]",surface/other,Other/undetermined,surface_structures,"{""absolute"":0}",none,archaeology_ruins:adoberuins,0,0,,,True,,,
archaeology_ruins:mudblacksmithruin,archaeology_ruins-1.0.0-neoforge-1.21.1.jar,data/archaeology_ruins/worldgen/structure/mudblacksmithruin.json,"[""mangrove_swamp"", ""swamp""]",surface/other,Other/undetermined,surface_structures,"{""absolute"":0}",none,archaeology_ruins:mudblacksmithruin,0,0,,,True,,,
archaeology_ruins:mudpotterruin,archaeology_ruins-1.0.0-neoforge-1.21.1.jar,data/archaeology_ruins/worldgen/structure/mudpotterruin.json,"[""mangrove_swamp"", ""swamp""]",surface/other,Other/undetermined,surface_structures,"{""absolute"":0}",none,archaeology_ruins:mudpotterruin,0,0,,,True,,,
archaeology_ruins:mudschoolruin,archaeology_ruins-1.0.0-neoforge-1.21.1.jar,data/archaeology_ruins/worldgen/structure/mudschoolruin.json,"[""mangrove_swamp"", ""swamp""]",surface/other,Other/undetermined,surface_structures,"{""absolute"":0}",none,archaeology_ruins:mudschoolruin,0,0,,,True,,,
archaeology_ruins:ocean_ruin,archaeology_ruins-1.0.0-neoforge-1.21.1.jar,data/archaeology_ruins/worldgen/structure/ocean_ruin.json,"[""cold_ocean"", ""deep_cold_ocean"", ""deep_frozen_ocean"", ""deep_ocean"", ""frozen_ocean""]",ocean/river,Other/undetermined,surface_structures,"{""absolute"":0}",none,archaeology_ruins:ocean_ruin,0,0,,,True,,,
archaeology_ruins:ruined_desert_pyramid,archaeology_ruins-1.0.0-neoforge-1.21.1.jar,data/archaeology_ruins/worldgen/structure/ruined_desert_pyramid.json,desert,surface/other,Other/undetermined,surface_structures,"{""absolute"":0}",none,archaeology_ruins:ruined_desert_pyramid,0,0,,,True,,,
archaeology_ruins:ruined_ocean_monument,archaeology_ruins-1.0.0-neoforge-1.21.1.jar,data/archaeology_ruins/worldgen/structure/ruined_ocean_monument.json,"[""deep_cold_ocean"", ""deep_frozen_ocean"", ""deep_lukewarm_ocean"", ""deep_ocean""]",ocean/river,Other/undetermined,surface_structures,"{""absolute"":0}",beard_box,archaeology_ruins:ruined_ocean_monument,0,0,,,True,,,
archaeology_ruins:ruinedjungletemple,archaeology_ruins-1.0.0-neoforge-1.21.1.jar,data/archaeology_ruins/worldgen/structure/ruinedjungletemple.json,"[""bamboo_jungle"", ""jungle"", ""sparse_jungle""]",surface/other,Other/undetermined,surface_structures,"{""absolute"":0}",none,archaeology_ruins:ruinedjungletemple,0,0,,,True,,,
archaeology_ruins:small_ocean_ruin,archaeology_ruins-1.0.0-neoforge-1.21.1.jar,data/archaeology_ruins/worldgen/structure/small_ocean_ruin.json,"[""deep_lukewarm_ocean"", ""lukewarm_ocean"", ""warm_ocean""]",ocean/river,Other/undetermined,surface_structures,"{""absolute"":0}",beard_box,archaeology_ruins:small_ocean_ruin,0,0,,,True,,,
archaeology_ruins:smallmudruin,archaeology_ruins-1.0.0-neoforge-1.21.1.jar,data/archaeology_ruins/worldgen/structure/smallmudruin.json,"[""mangrove_swamp"", ""swamp""]",surface/other,Other/undetermined,surface_structures,"{""absolute"":0}",none,archaeology_ruins:smallmudruin,0,0,,,True,,,
archaeology_ruins:warm_ocean_ruin,archaeology_ruins-1.0.0-neoforge-1.21.1.jar,data/archaeology_ruins/worldgen/structure/warm_ocean_ruin.json,"[""deep_lukewarm_ocean"", ""lukewarm_ocean"", ""warm_ocean""]",ocean/river,Other/undetermined,surface_structures,"{""absolute"":0}",none,archaeology_ruins:warm_ocean_ruin,0,0,,,True,,,
ars_nouveau:guardian_wilden_den,ars_nouveau-1.21.1-5.13.3.jar,data/ars_nouveau/worldgen/structure/guardian_wilden_den.json,#c:is_taiga,surface/other,Overworld,surface_structures,"{""absolute"":0}",beard_thin,ars_nouveau:wilden_den_set,10,10,,,False,,,biomesoplenty:auroral_garden | biomesoplenty:ominous_woods | biomeswevegone:frosted_coniferous_forest | biomeswevegone:maple_taiga | biomeswevegone:redwood_thicket | natures_spirit:windswept_sugi_forest | regions_unexplored:ashen_woodland | regions_unexplored:cold_deciduous_forest | regions_unexplored:frozen_pine_taiga | regions_unexplored:redwoods
ars_nouveau:hunter_wilden_den,ars_nouveau-1.21.1-5.13.3.jar,data/ars_nouveau/worldgen/structure/hunter_wilden_den.json,#minecraft:is_forest,surface/other,Overworld,surface_structures,"{""absolute"":0}",beard_thin,ars_nouveau:wilden_den_set,18,18,,,False,,,biomesoplenty:auroral_garden | biomesoplenty:ominous_woods | biomesoplenty:pumpkin_patch | biomesoplenty:snowblossom_grove | biomeswevegone:ebony_woods | biomeswevegone:frosted_coniferous_forest | biomeswevegone:redwood_thicket | biomeswevegone:sakura_grove | biomeswevegone:skyris_vale | biomeswevegone:weeping_witch_forest | biomeswevegone:zelkova_forest | natures_spirit:floral_ridges | natures_spirit:windswept_sugi_forest | regions_unexplored:ashen_woodland | regions_unexplored:cold_deciduous_forest | regions_unexplored:maple_forest | regions_unexplored:orchard | regions_unexplored:redwoods
ars_nouveau:stalker_wilden_den,ars_nouveau-1.21.1-5.13.3.jar,data/ars_nouveau/worldgen/structure/stalker_wilden_den.json,#minecraft:is_forest,surface/other,Overworld,surface_structures,"{""absolute"":0}",beard_thin,ars_nouveau:wilden_den_set,18,18,,,False,,,biomesoplenty:auroral_garden | biomesoplenty:ominous_woods | biomesoplenty:pumpkin_patch | biomesoplenty:snowblossom_grove | biomeswevegone:ebony_woods | biomeswevegone:frosted_coniferous_forest | biomeswevegone:redwood_thicket | biomeswevegone:sakura_grove | biomeswevegone:skyris_vale | biomeswevegone:weeping_witch_forest | biomeswevegone:zelkova_forest | natures_spirit:floral_ridges | natures_spirit:windswept_sugi_forest | regions_unexplored:ashen_woodland | regions_unexplored:cold_deciduous_forest | regions_unexplored:maple_forest | regions_unexplored:orchard | regions_unexplored:redwoods
betterend:end_bridge,BetterEnd-21.0.35.jar,data/betterend/worldgen/structure/end_bridge.json,#betterend:has_structure/end_bridge,surface/other,End,surface_structures,{},,betterend:end_bridge,0,0,,,False,,,
betterend:end_lake,BetterEnd-21.0.35.jar,data/betterend/worldgen/structure/end_lake.json,#betterend:has_structure/end_lake,surface/other,End,lakes,{},,betterend:end_lake,0,0,,,False,,,
betterend:end_lake_normal,BetterEnd-21.0.35.jar,data/betterend/worldgen/structure/end_lake_normal.json,#betterend:has_structure/end_lake_normal,surface/other,End,lakes,{},,betterend:end_lake_normal,0,0,,,False,,,
betterend:end_lake_rare,BetterEnd-21.0.35.jar,data/betterend/worldgen/structure/end_lake_rare.json,#betterend:has_structure/end_lake_rare,surface/other,End,lakes,{},,betterend:end_lake_rare,0,0,,,False,,,
betterend:end_village,BetterEnd-21.0.35.jar,data/betterend/worldgen/structure/end_village.json,#betterend:has_structure/end_village,surface/other,End,surface_structures,"{""absolute"":0}",beard_thin,betterend:end_village,0,0,,,False,,,
betterend:eternal_portal,BetterEnd-21.0.35.jar,data/betterend/worldgen/structure/eternal_portal.json,#betterend:has_structure/eternal_portal,surface/other,End,raw_generation,{},,betterend:eternal_portal,0,0,,,False,,,
betterend:giant_ice_star,BetterEnd-21.0.35.jar,data/betterend/worldgen/structure/giant_ice_star.json,#betterend:has_structure/giant_ice_star,surface/other,End,surface_structures,{},,betterend:giant_ice_star,0,0,,,False,,,
betterend:giant_mossy_glowshroom,BetterEnd-21.0.35.jar,data/betterend/worldgen/structure/giant_mossy_glowshroom.json,#betterend:has_structure/giant_mossy_glowshroom,surface/other,End,surface_structures,{},,betterend:giant_mossy_glowshroom,0,0,,,False,,,
betterend:megalake,BetterEnd-21.0.35.jar,data/betterend/worldgen/structure/megalake.json,#betterend:has_structure/megalake,surface/other,End,lakes,{},,betterend:megalake,0,0,,,False,,,
betterend:megalake_small,BetterEnd-21.0.35.jar,data/betterend/worldgen/structure/megalake_small.json,#betterend:has_structure/megalake_small,surface/other,End,lakes,{},,betterend:megalake,0,0,,,False,,,
betterend:mountain,BetterEnd-21.0.35.jar,data/betterend/worldgen/structure/mountain.json,#betterend:has_structure/mountain,surface/other,End,raw_generation,{},,betterend:mountain,0,0,,,False,,,
betterend:painted_mountain,BetterEnd-21.0.35.jar,data/betterend/worldgen/structure/painted_mountain.json,#betterend:has_structure/painted_mountain,surface/other,End,raw_generation,{},,betterend:mountain,0,0,,,False,,,
betterend:small_island,BetterEnd-21.0.35.jar,data/betterend/worldgen/structure/small_island.json,#betterend:has_structure/small_island,surface/other,End,raw_generation,{},,betterend:small_island,0,0,,,False,,,
betterend:sulphuric_cave,BetterEnd-21.0.35.jar,data/betterend/worldgen/structure/sulphuric_cave.json,#betterend:has_structure/sulphuric_cave,surface/other,End,raw_generation,{},,betterend:sulphuric_cave,0,0,,,False,,,
betterfortresses:fortress,YungsBetterNetherFortresses-1.21.1-NeoForge-3.1.5.jar,data/betterfortresses/worldgen/structure/fortress.json,#betterfortresses:has_structure/better_fortress,surface/other,Nether,surface_structures,"{""max_inclusive"":{""absolute"":100},""min_inclusive"":{""absolute"":80},""type"":""minecraft:uniform""}",,betterfortresses:fortress,0,0,,,False,c:in_nether,c:in_nether,
bettermineshafts:mineshaft_acacia,YungsBetterMineshafts-1.21.1-NeoForge-5.1.1.jar,data/bettermineshafts/worldgen/structure/mineshaft_acacia.json,#bettermineshafts:has_structure/better_mineshaft_acacia,underground,Other/undetermined,underground_structures,{},,bettermineshafts:mineshafts,0,0,,,False,c:savanna | forge:is_savanna,c:savanna | forge:is_savanna,
bettermineshafts:mineshaft_desert,YungsBetterMineshafts-1.21.1-NeoForge-5.1.1.jar,data/bettermineshafts/worldgen/structure/mineshaft_desert.json,#bettermineshafts:has_structure/better_mineshaft_desert,underground,Other/undetermined,underground_structures,{},,bettermineshafts:mineshafts,0,0,,,False,c:desert | forge:is_desert,c:desert | forge:is_desert,
bettermineshafts:mineshaft_dripstone,YungsBetterMineshafts-1.21.1-NeoForge-5.1.1.jar,data/bettermineshafts/worldgen/structure/mineshaft_dripstone.json,#bettermineshafts:has_structure/better_mineshaft_dripstone,underground,Other/undetermined,underground_structures,{},,bettermineshafts:mineshafts,0,0,,,True,,,
bettermineshafts:mineshaft_ice,YungsBetterMineshafts-1.21.1-NeoForge-5.1.1.jar,data/bettermineshafts/worldgen/structure/mineshaft_ice.json,#bettermineshafts:has_structure/better_mineshaft_ice,underground,Overworld,underground_structures,{},,bettermineshafts:mineshafts,4,4,,,False,byg:is_icy | c:icy | forge:is_icy,byg:is_icy | c:icy,biomesoplenty:auroral_garden | biomeswevegone:shattered_glacier | regions_unexplored:icy_heights | regions_unexplored:spires
bettermineshafts:mineshaft_jungle,YungsBetterMineshafts-1.21.1-NeoForge-5.1.1.jar,data/bettermineshafts/worldgen/structure/mineshaft_jungle.json,#bettermineshafts:has_structure/better_mineshaft_jungle,underground,Overworld,underground_structures,{},,bettermineshafts:mineshafts,3,3,,,False,c:in_jungle | forge:is_jungle,c:in_jungle,biomeswevegone:bayou | biomeswevegone:crag_gardens | biomeswevegone:ebony_woods
bettermineshafts:mineshaft_lush,YungsBetterMineshafts-1.21.1-NeoForge-5.1.1.jar,data/bettermineshafts/worldgen/structure/mineshaft_lush.json,#bettermineshafts:has_structure/better_mineshaft_lush,underground,Other/undetermined,underground_structures,{},,bettermineshafts:mineshafts,0,0,,,True,,,
bettermineshafts:mineshaft_mesa,YungsBetterMineshafts-1.21.1-NeoForge-5.1.1.jar,data/bettermineshafts/worldgen/structure/mineshaft_mesa.json,#bettermineshafts:has_structure/better_mineshaft_mesa,underground,Other/undetermined,underground_structures,{},,bettermineshafts:mineshafts,0,0,,,False,c:badlands | c:in_mesa | forge:is_badlands | forge:is_mesa,c:badlands | c:in_mesa | forge:is_badlands | forge:is_mesa,
bettermineshafts:mineshaft_mushroom,YungsBetterMineshafts-1.21.1-NeoForge-5.1.1.jar,data/bettermineshafts/worldgen/structure/mineshaft_mushroom.json,#bettermineshafts:has_structure/better_mineshaft_mushroom,underground,Other/undetermined,underground_structures,{},,bettermineshafts:mineshafts,0,0,,,False,c:mushroom | forge:is_mushroom,c:mushroom | forge:is_mushroom,
bettermineshafts:mineshaft_oak,YungsBetterMineshafts-1.21.1-NeoForge-5.1.1.jar,data/bettermineshafts/worldgen/structure/mineshaft_oak.json,#bettermineshafts:has_structure/better_mineshaft_oak,underground,Overworld,underground_structures,{},,bettermineshafts:mineshafts,0,0,,,False,c:plains,c:plains,
bettermineshafts:mineshaft_overgrown,YungsBetterMineshafts-1.21.1-NeoForge-5.1.1.jar,data/bettermineshafts/worldgen/structure/mineshaft_overgrown.json,#bettermineshafts:has_structure/better_mineshaft_overgrown,underground,Overworld,underground_structures,{},,bettermineshafts:mineshafts,18,18,,,False,c:forest | forge:is_forest,,biomesoplenty:auroral_garden | biomesoplenty:ominous_woods | biomesoplenty:pumpkin_patch | biomesoplenty:snowblossom_grove | biomeswevegone:ebony_woods | biomeswevegone:frosted_coniferous_forest | biomeswevegone:redwood_thicket | biomeswevegone:sakura_grove | biomeswevegone:skyris_vale | biomeswevegone:weeping_witch_forest | biomeswevegone:zelkova_forest | natures_spirit:floral_ridges | natures_spirit:windswept_sugi_forest | regions_unexplored:ashen_woodland | regions_unexplored:cold_deciduous_forest | regions_unexplored:maple_forest | regions_unexplored:orchard | regions_unexplored:redwoods
bettermineshafts:mineshaft_red_desert,YungsBetterMineshafts-1.21.1-NeoForge-5.1.1.jar,data/bettermineshafts/worldgen/structure/mineshaft_red_desert.json,#bettermineshafts:has_structure/better_mineshaft_red_desert,underground,Other/undetermined,underground_structures,{},,bettermineshafts:mineshafts,0,0,,,False,c:badlands | forge:is_badlands,c:badlands | forge:is_badlands,
bettermineshafts:mineshaft_spruce,YungsBetterMineshafts-1.21.1-NeoForge-5.1.1.jar,data/bettermineshafts/worldgen/structure/mineshaft_spruce.json,#bettermineshafts:has_structure/better_mineshaft_spruce,underground,Overworld,underground_structures,{},,bettermineshafts:mineshafts,11,11,,,False,,,biomesoplenty:auroral_garden | biomesoplenty:hot_springs | biomesoplenty:ominous_woods | biomeswevegone:frosted_coniferous_forest | biomeswevegone:maple_taiga | biomeswevegone:redwood_thicket | natures_spirit:windswept_sugi_forest | regions_unexplored:ashen_woodland | regions_unexplored:cold_deciduous_forest | regions_unexplored:frozen_pine_taiga | regions_unexplored:redwoods
bettermineshafts:mineshaft_spruce_snowy,YungsBetterMineshafts-1.21.1-NeoForge-5.1.1.jar,data/bettermineshafts/worldgen/structure/mineshaft_spruce_snowy.json,#bettermineshafts:has_structure/better_mineshaft_spruce_snowy,underground,Overworld,underground_structures,{},,bettermineshafts:mineshafts,0,0,,,False,,,
betterwitchhuts:witch_circle,YungsBetterWitchHuts-1.21.1-NeoForge-4.1.1.jar,data/betterwitchhuts/worldgen/structure/witch_circle.json,#betterwitchhuts:has_structure/witch_circle,surface/other,Overworld,surface_structures,"{""absolute"":0}",,betterwitchhuts:witch_circle,4,4,,,False,c:swamp | forge:is_swamp,,biomesoplenty:hot_springs | biomeswevegone:bayou | regions_unexplored:fen | regions_unexplored:marsh
betterwitchhuts:witch_hut,YungsBetterWitchHuts-1.21.1-NeoForge-4.1.1.jar,data/betterwitchhuts/worldgen/structure/witch_hut.json,#betterwitchhuts:has_structure/better_witch_hut,surface/other,Overworld,surface_structures,"{""absolute"":1}",,betterwitchhuts:witch_hut,4,4,,,False,c:swamp | forge:is_swamp,,biomesoplenty:hot_springs | biomeswevegone:bayou | regions_unexplored:fen | regions_unexplored:marsh
biomeswevegone:abandoned_prairie_house,Oh-The-Biomes-Weve-Gone-NeoForge-2.6.2.jar,data/biomeswevegone/worldgen/structure/abandoned_prairie_house.json,#biomeswevegone:has_structure/prairie_house,surface/other,Overworld,surface_structures,"{""absolute"":1}",beard_thin,biomeswevegone:prairie_houses,1,1,,,False,,,biomeswevegone:prairie
biomeswevegone:aspen_manor_1,Oh-The-Biomes-Weve-Gone-NeoForge-2.6.2.jar,data/biomeswevegone/worldgen/structure/aspen_manor_1.json,#biomeswevegone:has_structure/aspen_manor,surface/other,Other/undetermined,surface_structures,"{""absolute"":1}",beard_thin,biomeswevegone:aspen_manors,0,0,,,False,,,
biomeswevegone:aspen_manor_2,Oh-The-Biomes-Weve-Gone-NeoForge-2.6.2.jar,data/biomeswevegone/worldgen/structure/aspen_manor_2.json,#biomeswevegone:has_structure/aspen_manor,surface/other,Other/undetermined,surface_structures,"{""absolute"":1}",beard_thin,biomeswevegone:aspen_manors,0,0,,,False,,,
biomeswevegone:bog_trial,Oh-The-Biomes-Weve-Gone-NeoForge-2.6.2.jar,data/biomeswevegone/worldgen/structure/bog_trial.json,#biomeswevegone:has_structure/bog_trial,surface/other,Other/undetermined,surface_structures,"{""absolute"":1}",beard_thin,biomeswevegone:bog_trial,0,0,,,False,,,
biomeswevegone:dripstone_arch,Oh-The-Biomes-Weve-Gone-NeoForge-2.6.2.jar,data/biomeswevegone/worldgen/structure/dripstone_arch.json,#biomeswevegone:dripstone_arch,surface/other,Other/undetermined,raw_generation,{},,biomeswevegone:dripstone_arches,0,0,,,False,,,
biomeswevegone:ironwood_gour_plateau,Oh-The-Biomes-Weve-Gone-NeoForge-2.6.2.jar,data/biomeswevegone/worldgen/structure/ironwood_gour_plateau.json,#biomeswevegone:ironwood_gour_plateau,surface/other,Other/undetermined,raw_generation,{},,biomeswevegone:ironwood_gour_plateau,0,0,,,False,,,
biomeswevegone:large_cold_lake,Oh-The-Biomes-Weve-Gone-NeoForge-2.6.2.jar,data/biomeswevegone/worldgen/structure/large_cold_lake.json,#biomeswevegone:large_cold_lake,surface/other,Overworld,raw_generation,{},,biomeswevegone:large_cold_lake,1,1,,,False,,,biomeswevegone:maple_taiga
biomeswevegone:lush_arch,Oh-The-Biomes-Weve-Gone-NeoForge-2.6.2.jar,data/biomeswevegone/worldgen/structure/lush_arch.json,#biomeswevegone:lush_arch,surface/other,Overworld,raw_generation,{},,biomeswevegone:lush_arch,1,1,,,False,,,biomeswevegone:lush_stacks
biomeswevegone:prairie_house,Oh-The-Biomes-Weve-Gone-NeoForge-2.6.2.jar,data/biomeswevegone/worldgen/structure/prairie_house.json,#biomeswevegone:has_structure/prairie_house,surface/other,Overworld,surface_structures,"{""absolute"":1}",beard_thin,biomeswevegone:prairie_houses,1,1,,,False,,,biomeswevegone:prairie
biomeswevegone:red_rock_arch,Oh-The-Biomes-Weve-Gone-NeoForge-2.6.2.jar,data/biomeswevegone/worldgen/structure/red_rock_arch.json,#biomeswevegone:red_rock_arch,surface/other,Other/undetermined,raw_generation,{},,biomeswevegone:red_rock_arches,0,0,,,False,,,
biomeswevegone:rugged_fossil,Oh-The-Biomes-Weve-Gone-NeoForge-2.6.2.jar,data/biomeswevegone/worldgen/structure/rugged_fossil.json,#biomeswevegone:has_structure/rugged_fossil,surface/other,Other/undetermined,surface_structures,"{""absolute"":1}",,biomeswevegone:rugged_fossils,0,0,,,False,,,
biomeswevegone:sharpened_rock,Oh-The-Biomes-Weve-Gone-NeoForge-2.6.2.jar,data/biomeswevegone/worldgen/structure/sharpened_rock.json,#biomeswevegone:sharpened_rocks,surface/other,Other/undetermined,raw_generation,{},,biomeswevegone:sharpened_rocks,0,0,,,False,,,
biomeswevegone:village/forgotten,Oh-The-Biomes-Weve-Gone-NeoForge-2.6.2.jar,data/biomeswevegone/worldgen/structure/village/forgotten.json,#biomeswevegone:has_structure/village_forgotten,surface/other,Other/undetermined,surface_structures,"{""absolute"":1}",beard_thin,biomeswevegone:villages,0,0,,,False,,,
biomeswevegone:village/pumpkin_patch,Oh-The-Biomes-Weve-Gone-NeoForge-2.6.2.jar,data/biomeswevegone/worldgen/structure/village/pumpkin_patch.json,#biomeswevegone:has_structure/village_pumpkin_patch,surface/other,Other/undetermined,surface_structures,"{""absolute"":1}",beard_thin,biomeswevegone:villages,0,0,,,False,,,
biomeswevegone:village/red_rock,Oh-The-Biomes-Weve-Gone-NeoForge-2.6.2.jar,data/biomeswevegone/worldgen/structure/village/red_rock.json,#biomeswevegone:has_structure/village_red_rock,surface/other,Other/undetermined,surface_structures,"{""absolute"":1}",beard_thin,biomeswevegone:villages,0,0,,,False,,,
biomeswevegone:village/salem,Oh-The-Biomes-Weve-Gone-NeoForge-2.6.2.jar,data/biomeswevegone/worldgen/structure/village/salem.json,#biomeswevegone:has_structure/village_salem,surface/other,Overworld,surface_structures,"{""absolute"":1}",beard_thin,biomeswevegone:villages,1,1,,,False,,,biomeswevegone:weeping_witch_forest
biomeswevegone:village/skyris,Oh-The-Biomes-Weve-Gone-NeoForge-2.6.2.jar,data/biomeswevegone/worldgen/structure/village/skyris.json,#biomeswevegone:has_structure/village_skyris,surface/other,Overworld,surface_structures,"{""absolute"":1}",beard_thin,biomeswevegone:villages,1,1,,,False,,,biomeswevegone:skyris_vale
biomeswevegone:village/swamp,Oh-The-Biomes-Weve-Gone-NeoForge-2.6.2.jar,data/biomeswevegone/worldgen/structure/village/swamp.json,#biomeswevegone:has_structure/village_swamp,surface/other,Other/undetermined,surface_structures,"{""absolute"":1}",beard_thin,biomeswevegone:villages,0,0,,,False,,,
block_factorys_bosses:dragon_tower,block_factorys_bosses-2.1.2-neo-1.21.1.jar,data/block_factorys_bosses/worldgen/structure/dragon_tower.json,#block_factorys_bosses:dragon_tower,surface/other,Overworld,surface_structures,"{""absolute"":8}",none,block_factorys_bosses:dragon_tower,27,30,biomeswevegone:bayou | regions_unexplored:fen | regions_unexplored:marsh,,True,,,biomesoplenty:auroral_garden | biomesoplenty:highland | biomesoplenty:hot_springs | biomesoplenty:ominous_woods | biomesoplenty:pumpkin_patch | biomesoplenty:snowblossom_grove | biomesoplenty:volcano | biomeswevegone:bayou | biomeswevegone:crag_gardens | biomeswevegone:ebony_woods | biomeswevegone:frosted_coniferous_forest | biomeswevegone:prairie | biomeswevegone:redwood_thicket | biomeswevegone:sakura_grove | biomeswevegone:skyris_vale | biomeswevegone:weeping_witch_forest | biomeswevegone:zelkova_forest | natures_spirit:alpine_clearings | natures_spirit:floral_ridges | natures_spirit:windswept_sugi_forest | regions_unexplored:ashen_woodland | regions_unexplored:cold_deciduous_forest | regions_unexplored:fen | regions_unexplored:flower_fields | regions_unexplored:grassland | regions_unexplored:maple_forest | regions_unexplored:marsh | regions_unexplored:orchard | regions_unexplored:redwoods | regions_unexplored:rocky_meadow
block_factorys_bosses:kraken_ship,block_factorys_bosses-2.1.2-neo-1.21.1.jar,data/block_factorys_bosses/worldgen/structure/kraken_ship.json,#block_factorys_bosses:kraken_ship,underground,Other/undetermined,surface_structures,"{""absolute"":-4}",none,block_factorys_bosses:kraken_ship,0,0,,,True,,,
block_factorys_bosses:sandworm_nest,block_factorys_bosses-2.1.2-neo-1.21.1.jar,data/block_factorys_bosses/worldgen/structure/sandworm_nest.json,#block_factorys_bosses:sandworm_nest,surface/other,Other/undetermined,surface_structures,"{""absolute"":0}",beard_box,block_factorys_bosses:sandworm_nest,0,0,,,True,,,
block_factorys_bosses:underworld_arena,block_factorys_bosses-2.1.2-neo-1.21.1.jar,data/block_factorys_bosses/worldgen/structure/underworld_arena.json,#block_factorys_bosses:underworld_arena,underground,Nether,underground_decoration,"{""absolute"":31}",beard_box,block_factorys_bosses:underworld_arena,0,0,,,True,,,
block_factorys_bosses:yeti_hideout,block_factorys_bosses-2.1.2-neo-1.21.1.jar,data/block_factorys_bosses/worldgen/structure/yeti_hideout.json,#block_factorys_bosses:yeti_hideout,surface/other,Overworld,surface_structures,"{""absolute"":0}",beard_thin,block_factorys_bosses:yeti_hideout,10,13,biomesoplenty:hot_springs | biomeswevegone:skyris_vale | biomeswevegone:weeping_witch_forest | biomeswevegone:zelkova_forest,natures_spirit:alpine_clearings,True,,,biomesoplenty:auroral_garden | biomesoplenty:hot_springs | biomesoplenty:snowblossom_grove | biomeswevegone:frosted_coniferous_forest | biomeswevegone:maple_taiga | biomeswevegone:shattered_glacier | biomeswevegone:skyris_vale | biomeswevegone:weeping_witch_forest | biomeswevegone:zelkova_forest | regions_unexplored:cold_deciduous_forest | regions_unexplored:frozen_pine_taiga | regions_unexplored:icy_heights | regions_unexplored:spires
bosses_of_mass_destruction:gauntlet_arena,BOMD-NeoForge-1.21-1.3.3.jar | IBOMD v1.0.0-1.21.1.jar,data/bosses_of_mass_destruction/worldgen/structure/gauntlet_arena.json | data/bosses_of_mass_destruction/worldgen/structure/gauntlet_arena.json,#bosses_of_mass_destruction:has_structure/gauntlet_arena,underground,Nether,underground_decoration,"{""absolute"":32}",beard_box,bosses_of_mass_destruction:gauntlet_arena,0,0,,,False,,,
bosses_of_mass_destruction:lich_tower,BOMD-NeoForge-1.21-1.3.3.jar | IBOMD v1.0.0-1.21.1.jar,data/bosses_of_mass_destruction/worldgen/structure/lich_tower.json | data/bosses_of_mass_destruction/worldgen/structure/lich_tower.json,#bosses_of_mass_destruction:has_structure/lich_tower,surface/other,Other/undetermined,surface_structures,"{""absolute"":55}",none,bosses_of_mass_destruction:lich_tower,0,0,,,True,,,
bosses_of_mass_destruction:obsidilith_arena,BOMD-NeoForge-1.21-1.3.3.jar | IBOMD v1.0.0-1.21.1.jar,data/bosses_of_mass_destruction/worldgen/structure/obsidilith_arena.json | data/bosses_of_mass_destruction/worldgen/structure/obsidilith_arena.json,#bosses_of_mass_destruction:has_structure/obsidilith_arena,surface/other,End,surface_structures,"{""absolute"":90}",none,bosses_of_mass_destruction:obsidilith_arena,0,0,,,False,,,
bosses_of_mass_destruction:void_blossom,BOMD-NeoForge-1.21-1.3.3.jar,data/bosses_of_mass_destruction/worldgen/structure/void_blossom.json,#bosses_of_mass_destruction:has_structure/void_blossom,surface/other,Overworld,surface_structures,{},,bosses_of_mass_destruction:void_blossom,35,40,biomeswevegone:prairie | regions_unexplored:fen | regions_unexplored:flower_fields | regions_unexplored:grassland | regions_unexplored:marsh,,False,,,biomesoplenty:auroral_garden | biomesoplenty:highland | biomesoplenty:hot_springs | biomesoplenty:ominous_woods | biomesoplenty:pumpkin_patch | biomesoplenty:snowblossom_grove | biomesoplenty:volcano | biomeswevegone:bayou | biomeswevegone:crag_gardens | biomeswevegone:ebony_woods | biomeswevegone:frosted_coniferous_forest | biomeswevegone:lush_stacks | biomeswevegone:maple_taiga | biomeswevegone:prairie | biomeswevegone:redwood_thicket | biomeswevegone:sakura_grove | biomeswevegone:shattered_glacier | biomeswevegone:skyris_vale | biomeswevegone:weeping_witch_forest | biomeswevegone:zelkova_forest | natures_spirit:alpine_clearings | natures_spirit:floral_ridges | natures_spirit:windswept_sugi_forest | regions_unexplored:ashen_woodland | regions_unexplored:cold_deciduous_forest | regions_unexplored:fen | regions_unexplored:flower_fields | regions_unexplored:frozen_pine_taiga | regions_unexplored:grassland | regions_unexplored:grassy_beach | regions_unexplored:hyacinth_deeps | regions_unexplored:icy_heights | regions_unexplored:maple_forest | regions_unexplored:marsh | regions_unexplored:muddy_river | regions_unexplored:orchard | regions_unexplored:redwoods | regions_unexplored:rocky_meadow | regions_unexplored:rocky_reef | regions_unexplored:spires
cataclysm:abandoned_spire,L_Ender's Cataclysm 1.21.1-3.33.jar,data/cataclysm/worldgen/structure/abandoned_spire.json,#cataclysm:has_structure/frosted_prison_biomes,surface/other,Overworld,surface_structures,"{""absolute"":0}",beard_thin,cataclysm:abandoned_structures,0,1,biomeswevegone:shattered_glacier,,True,,,biomeswevegone:shattered_glacier
cataclysm:abandoned_temple,L_Ender's Cataclysm 1.21.1-3.33.jar,data/cataclysm/worldgen/structure/abandoned_temple.json,#cataclysm:has_structure/frosted_prison_biomes,surface/other,Overworld,surface_structures,"{""absolute"":0}",beard_thin,cataclysm:abandoned_structures,0,1,biomeswevegone:shattered_glacier,,True,,,biomeswevegone:shattered_glacier
cataclysm:abandoned_village,L_Ender's Cataclysm 1.21.1-3.33.jar,data/cataclysm/worldgen/structure/abandoned_village.json,#cataclysm:has_structure/frosted_prison_biomes,surface/other,Overworld,surface_structures,"{""absolute"":0}",beard_thin,cataclysm:abandoned_structures,0,1,biomeswevegone:shattered_glacier,,True,,,biomeswevegone:shattered_glacier
cataclysm:acropolis,L_Ender's Cataclysm 1.21.1-3.33.jar,data/cataclysm/worldgen/structure/acropolis.json,#cataclysm:has_structure/acropolis_biomes,sky,Other/undetermined,surface_structures,"{""absolute"":200}",,cataclysm:acropolis,0,0,,,True,,,
cataclysm:amethyst_nest,L_Ender's Cataclysm 1.21.1-3.33.jar,data/cataclysm/worldgen/structure/amethyst_nest.json,minecraft:lush_caves,underground,Other/undetermined,underground_decoration,"{""max_inclusive"":{""absolute"":10},""min_inclusive"":{""absolute"":-10},""type"":""minecraft:uniform""}",,cataclysm:amethyst_nest,0,0,,,True,,,
cataclysm:ancient_factory,L_Ender's Cataclysm 1.21.1-3.33.jar | integrated_cataclysm-1.0.6+1.21.1-neoforge.jar,data/cataclysm/worldgen/structure/ancient_factory.json | data/cataclysm/worldgen/structure/ancient_factory.json,#cataclysm:has_structure/ancient_factory_biomes,underground,Other/undetermined,underground_decoration,"{""absolute"":-30}",beard_thin,cataclysm:ancient_factory,0,0,,,False,,,
cataclysm:burning_arena,L_Ender's Cataclysm 1.21.1-3.33.jar | integrated_cataclysm-1.0.6+1.21.1-neoforge.jar,data/cataclysm/worldgen/structure/burning_arena.json | data/cataclysm/worldgen/structure/burning_arena.json,#cataclysm:has_structure/burning_arena_biomes,surface/other,Nether,surface_structures,"{""absolute"":31}",beard_box,cataclysm:burning_arena,0,0,,,True,,,
cataclysm:cursed_pyramid,L_Ender's Cataclysm 1.21.1-3.33.jar | integrated_cataclysm-1.0.6+1.21.1-neoforge.jar,data/cataclysm/worldgen/structure/cursed_pyramid.json | data/cataclysm/worldgen/structure/cursed_pyramid.json,#cataclysm:has_structure/cursed_pyramid_biomes,underground,Other/undetermined,surface_structures,"{""absolute"":-3}",,cataclysm:cursed_pyramid,0,0,,,True,,,
cataclysm:desert_occupied_village,L_Ender's Cataclysm 1.21.1-3.33.jar,data/cataclysm/worldgen/structure/desert_occupied_village.json,#cataclysm:has_structure/cursed_pyramid_biomes,underground,Other/undetermined,surface_structures,"{""absolute"":-3}",beard_thin,cataclysm:desert_structures,0,0,,,True,,,
cataclysm:desert_site,L_Ender's Cataclysm 1.21.1-3.33.jar,data/cataclysm/worldgen/structure/desert_site.json,#cataclysm:has_structure/cursed_pyramid_biomes,surface/other,Other/undetermined,surface_structures,"{""max_inclusive"":{""absolute"":-15},""min_inclusive"":{""absolute"":-20},""type"":""minecraft:uniform""}",beard_thin,cataclysm:desert_structures,0,0,,,True,,,
cataclysm:desert_temple,L_Ender's Cataclysm 1.21.1-3.33.jar,data/cataclysm/worldgen/structure/desert_temple.json,#cataclysm:has_structure/cursed_pyramid_biomes,underground,Other/undetermined,surface_structures,"{""absolute"":-2}",beard_thin,cataclysm:desert_structures,0,0,,,True,,,
cataclysm:frosted_prison,L_Ender's Cataclysm 1.21.1-3.33.jar | integrated_cataclysm-1.0.6+1.21.1-neoforge.jar,data/cataclysm/worldgen/structure/frosted_prison.json | data/cataclysm/worldgen/structure/frosted_prison.json,#cataclysm:has_structure/frosted_prison_biomes,surface/other,Overworld,surface_structures,"{""absolute"":0}",,cataclysm:frosted_prison,0,1,biomeswevegone:shattered_glacier,,True,,,biomeswevegone:shattered_glacier
cataclysm:kobolediator_shrine,integrated_cataclysm-1.0.6+1.21.1-neoforge.jar,data/cataclysm/worldgen/structure/kobolediator_shrine.json,#cataclysm:has_structure/cursed_pyramid_biomes,surface/other,Other/undetermined,surface_structures,"{""absolute"":0}",beard_thin,cataclysm:small_integrated_cataclysm,0,0,,,True,,,
cataclysm:ruined_citadel,L_Ender's Cataclysm 1.21.1-3.33.jar | integrated_cataclysm-1.0.6+1.21.1-neoforge.jar,data/cataclysm/worldgen/structure/ruined_citadel.json | data/cataclysm/worldgen/structure/ruined_citadel.json,#cataclysm:has_structure/ruined_citadel_biomes,surface/other,End,surface_structures,"{""absolute"":62}",,cataclysm:ruined_citadel,0,0,,,True,,,
cataclysm:soul_black_smith,L_Ender's Cataclysm 1.21.1-3.33.jar | integrated_cataclysm-1.0.6+1.21.1-neoforge.jar,data/cataclysm/worldgen/structure/soul_black_smith.json | data/cataclysm/worldgen/structure/soul_black_smith.json,#cataclysm:has_structure/soul_black_smith_biomes,surface/other,Nether,surface_structures,"{""absolute"":31}",beard_box,cataclysm:soul_black_smith,0,0,,,True,,,
cataclysm:sunken_city,L_Ender's Cataclysm 1.21.1-3.33.jar | integrated_cataclysm-1.0.6+1.21.1-neoforge.jar,data/cataclysm/worldgen/structure/sunken_city.json | data/cataclysm/worldgen/structure/sunken_city.json,#cataclysm:has_structure/sunken_city_biomes,ocean/river,Other/undetermined,surface_structures,"{""absolute"":0}",,cataclysm:sunken_city,0,0,,,True,,,
create_rustic_structures:rustic_barn,create_rustic_structures-1.0.1-neoforge-1.21.1.jar,data/create_rustic_structures/worldgen/structure/rustic_barn.json,"{""type"": ""neoforge:or"", ""values"": [[""minecraft:plains"", ""minecraft:sunflower_plains"", ""minecraft:meadow""], ""#c:is_plains""]}",surface/other,Overworld,surface_structures,"{""absolute"":0}",beard_thin,create_rustic_structures:rustic_barn,0,10,biomesoplenty:highland | biomesoplenty:pumpkin_patch | biomeswevegone:prairie | biomeswevegone:sakura_grove | natures_spirit:alpine_clearings | natures_spirit:floral_ridges | regions_unexplored:flower_fields | regions_unexplored:grassland | regions_unexplored:orchard | regions_unexplored:rocky_meadow,,True,,,biomesoplenty:highland | biomesoplenty:pumpkin_patch | biomeswevegone:prairie | biomeswevegone:sakura_grove | natures_spirit:alpine_clearings | natures_spirit:floral_ridges | regions_unexplored:flower_fields | regions_unexplored:grassland | regions_unexplored:orchard | regions_unexplored:rocky_meadow
create_rustic_structures:rustic_smithy,create_rustic_structures-1.0.1-neoforge-1.21.1.jar,data/create_rustic_structures/worldgen/structure/rustic_smithy.json,"{""type"": ""neoforge:or"", ""values"": [[""minecraft:birch_forest"", ""minecraft:flower_forest"", ""minecraft:forest"", ""minecraft:old_growth_birch_forest""], ""#c:is_forest""]}",surface/other,Overworld,surface_structures,"{""absolute"":0}",beard_thin,create_rustic_structures:rustic_smithy,0,16,biomesoplenty:auroral_garden | biomesoplenty:ominous_woods | biomesoplenty:snowblossom_grove | biomeswevegone:ebony_woods | biomeswevegone:frosted_coniferous_forest | biomeswevegone:redwood_thicket | biomeswevegone:sakura_grove | biomeswevegone:skyris_vale | biomeswevegone:weeping_witch_forest | biomeswevegone:zelkova_forest | natures_spirit:windswept_sugi_forest | regions_unexplored:ashen_woodland | regions_unexplored:cold_deciduous_forest | regions_unexplored:maple_forest | regions_unexplored:orchard | regions_unexplored:redwoods,,True,,,biomesoplenty:auroral_garden | biomesoplenty:ominous_woods | biomesoplenty:snowblossom_grove | biomeswevegone:ebony_woods | biomeswevegone:frosted_coniferous_forest | biomeswevegone:redwood_thicket | biomeswevegone:sakura_grove | biomeswevegone:skyris_vale | biomeswevegone:weeping_witch_forest | biomeswevegone:zelkova_forest | natures_spirit:windswept_sugi_forest | regions_unexplored:ashen_woodland | regions_unexplored:cold_deciduous_forest | regions_unexplored:maple_forest | regions_unexplored:orchard | regions_unexplored:redwoods
create_rustic_structures:rustic_well,create_rustic_structures-1.0.1-neoforge-1.21.1.jar,data/create_rustic_structures/worldgen/structure/rustic_well.json,"{""type"": ""neoforge:or"", ""values"": [[""minecraft:birch_forest"", ""minecraft:flower_forest"", ""minecraft:forest"", ""minecraft:old_growth_birch_forest""], ""#c:is_forest""]}",surface/other,Overworld,surface_structures,"{""absolute"":0}",beard_thin,create_rustic_structures:rustic_well,0,16,biomesoplenty:auroral_garden | biomesoplenty:ominous_woods | biomesoplenty:snowblossom_grove | biomeswevegone:ebony_woods | biomeswevegone:frosted_coniferous_forest | biomeswevegone:redwood_thicket | biomeswevegone:sakura_grove | biomeswevegone:skyris_vale | biomeswevegone:weeping_witch_forest | biomeswevegone:zelkova_forest | natures_spirit:windswept_sugi_forest | regions_unexplored:ashen_woodland | regions_unexplored:cold_deciduous_forest | regions_unexplored:maple_forest | regions_unexplored:orchard | regions_unexplored:redwoods,,True,,,biomesoplenty:auroral_garden | biomesoplenty:ominous_woods | biomesoplenty:snowblossom_grove | biomeswevegone:ebony_woods | biomeswevegone:frosted_coniferous_forest | biomeswevegone:redwood_thicket | biomeswevegone:sakura_grove | biomeswevegone:skyris_vale | biomeswevegone:weeping_witch_forest | biomeswevegone:zelkova_forest | natures_spirit:windswept_sugi_forest | regions_unexplored:ashen_woodland | regions_unexplored:cold_deciduous_forest | regions_unexplored:maple_forest | regions_unexplored:orchard | regions_unexplored:redwoods
create_rustic_structures:rustic_windmill,create_rustic_structures-1.0.1-neoforge-1.21.1.jar,data/create_rustic_structures/worldgen/structure/rustic_windmill.json,"{""type"": ""neoforge:or"", ""values"": [[""minecraft:meadow"", ""minecraft:plains"", ""minecraft:sunflower_plains""], ""#c:is_plains""]}",surface/other,Overworld,surface_structures,"{""absolute"":0}",beard_thin,create_rustic_structures:rustic_windmill,0,10,biomesoplenty:highland | biomesoplenty:pumpkin_patch | biomeswevegone:prairie | biomeswevegone:sakura_grove | natures_spirit:alpine_clearings | natures_spirit:floral_ridges | regions_unexplored:flower_fields | regions_unexplored:grassland | regions_unexplored:orchard | regions_unexplored:rocky_meadow,,True,,,biomesoplenty:highland | biomesoplenty:pumpkin_patch | biomeswevegone:prairie | biomeswevegone:sakura_grove | natures_spirit:alpine_clearings | natures_spirit:floral_ridges | regions_unexplored:flower_fields | regions_unexplored:grassland | regions_unexplored:orchard | regions_unexplored:rocky_meadow
ctov:large/village_beach,[Neoforge]ctov-3.6.3.jar,data/ctov/worldgen/structure/large/village_beach.json,#minecraft:is_beach,surface/other,Overworld,surface_structures,"{""absolute"":0}",beard_thin,minecraft:villages,1,1,,,False,,,regions_unexplored:grassy_beach
ctov:large/village_christmas,[Neoforge]ctov-3.6.3.jar,data/ctov/worldgen/structure/large/village_christmas.json,"{""type"": ""neoforge:or"", ""values"": [""#minecraft:has_structure/village_snowy"", ""#c:is_snowy""]}",surface/other,Overworld,surface_structures,"{""absolute"":0}",beard_thin,minecraft:villages,0,8,biomesoplenty:auroral_garden | biomesoplenty:snowblossom_grove | biomeswevegone:frosted_coniferous_forest | biomeswevegone:shattered_glacier | regions_unexplored:cold_deciduous_forest | regions_unexplored:frozen_pine_taiga | regions_unexplored:icy_heights | regions_unexplored:spires,,False,,,biomesoplenty:auroral_garden | biomesoplenty:snowblossom_grove | biomeswevegone:frosted_coniferous_forest | biomeswevegone:shattered_glacier | regions_unexplored:cold_deciduous_forest | regions_unexplored:frozen_pine_taiga | regions_unexplored:icy_heights | regions_unexplored:spires
ctov:large/village_dark_forest,[Neoforge]ctov-3.6.3.jar,data/ctov/worldgen/structure/large/village_dark_forest.json,"{""type"": ""neoforge:or"", ""values"": [""#minecraft:has_structure/woodland_mansion"", ""#c:is_spooky""]}",surface/other,Overworld,surface_structures,"{""absolute"":0}",beard_thin,minecraft:villages,3,4,regions_unexplored:ashen_woodland,,False,,,biomesoplenty:ominous_woods | biomeswevegone:weeping_witch_forest | regions_unexplored:ashen_woodland | regions_unexplored:redwoods
ctov:large/village_desert,[Neoforge]ctov-3.6.3.jar,data/ctov/worldgen/structure/large/village_desert.json,#minecraft:has_structure/village_desert,surface/other,Other/undetermined,surface_structures,"{""absolute"":0}",beard_thin,minecraft:villages,0,0,,,False,,,
ctov:large/village_desert_oasis,[Neoforge]ctov-3.6.3.jar,data/ctov/worldgen/structure/large/village_desert_oasis.json,#minecraft:has_structure/village_desert,surface/other,Other/undetermined,surface_structures,"{""absolute"":0}",beard_thin,minecraft:villages,0,0,,,False,,,
ctov:large/village_jungle,[Neoforge]ctov-3.6.3.jar,data/ctov/worldgen/structure/large/village_jungle.json,#minecraft:is_jungle,surface/other,Overworld,surface_structures,"{""absolute"":0}",beard_thin,minecraft:villages,3,3,,,False,,,biomeswevegone:bayou | biomeswevegone:crag_gardens | biomeswevegone:ebony_woods
ctov:large/village_jungle_tree,[Neoforge]ctov-3.6.3.jar,data/ctov/worldgen/structure/large/village_jungle_tree.json,#minecraft:is_jungle,surface/other,Overworld,surface_structures,"{""absolute"":0}",beard_thin,minecraft:villages,3,3,,,False,,,biomeswevegone:bayou | biomeswevegone:crag_gardens | biomeswevegone:ebony_woods
ctov:large/village_mesa,[Neoforge]ctov-3.6.3.jar,data/ctov/worldgen/structure/large/village_mesa.json,#minecraft:is_badlands,surface/other,Other/undetermined,surface_structures,"{""absolute"":0}",beard_thin,minecraft:villages,0,0,,,False,,,
ctov:large/village_mesa_fortified,[Neoforge]ctov-3.6.3.jar,data/ctov/worldgen/structure/large/village_mesa_fortified.json,#minecraft:is_badlands,surface/other,Other/undetermined,surface_structures,"{""absolute"":0}",beard_thin,minecraft:villages,0,0,,,False,,,
ctov:large/village_mountain,[Neoforge]ctov-3.6.3.jar,data/ctov/worldgen/structure/large/village_mountain.json,#minecraft:is_mountain,surface/other,Overworld,surface_structures,"{""absolute"":0}",beard_thin,minecraft:villages,10,10,,,False,,,biomesoplenty:highland | biomesoplenty:volcano | biomeswevegone:crag_gardens | biomeswevegone:shattered_glacier | natures_spirit:alpine_clearings | natures_spirit:floral_ridges | natures_spirit:windswept_sugi_forest | regions_unexplored:icy_heights | regions_unexplored:rocky_meadow | regions_unexplored:spires
ctov:large/village_mountain_alpine,[Neoforge]ctov-3.6.3.jar,data/ctov/worldgen/structure/large/village_mountain_alpine.json,#minecraft:is_mountain,surface/other,Overworld,surface_structures,"{""absolute"":0}",beard_thin,minecraft:villages,10,10,,,False,,,biomesoplenty:highland | biomesoplenty:volcano | biomeswevegone:crag_gardens | biomeswevegone:shattered_glacier | natures_spirit:alpine_clearings | natures_spirit:floral_ridges | natures_spirit:windswept_sugi_forest | regions_unexplored:icy_heights | regions_unexplored:rocky_meadow | regions_unexplored:spires
ctov:large/village_mushroom,[Neoforge]ctov-3.6.3.jar,data/ctov/worldgen/structure/large/village_mushroom.json,minecraft:mushroom_fields,surface/other,Other/undetermined,surface_structures,"{""absolute"":0}",beard_thin,minecraft:villages,0,0,,,True,,,
ctov:large/village_plains,[Neoforge]ctov-3.6.3.jar,data/ctov/worldgen/structure/large/village_plains.json,"{""type"": ""neoforge:or"", ""values"": [""#minecraft:has_structure/village_plains"", ""#c:is_plains""]}",surface/other,Overworld,surface_structures,"{""absolute"":0}",beard_thin,minecraft:villages,0,10,biomesoplenty:highland | biomesoplenty:pumpkin_patch | biomeswevegone:prairie | biomeswevegone:sakura_grove | natures_spirit:alpine_clearings | natures_spirit:floral_ridges | regions_unexplored:flower_fields | regions_unexplored:grassland | regions_unexplored:orchard | regions_unexplored:rocky_meadow,,False,,,biomesoplenty:highland | biomesoplenty:pumpkin_patch | biomeswevegone:prairie | biomeswevegone:sakura_grove | natures_spirit:alpine_clearings | natures_spirit:floral_ridges | regions_unexplored:flower_fields | regions_unexplored:grassland | regions_unexplored:orchard | regions_unexplored:rocky_meadow
ctov:large/village_plains_fortified,[Neoforge]ctov-3.6.3.jar,data/ctov/worldgen/structure/large/village_plains_fortified.json,"{""type"": ""neoforge:or"", ""values"": [""#minecraft:has_structure/village_plains"", ""#c:is_plains""]}",surface/other,Overworld,surface_structures,"{""absolute"":0}",beard_thin,minecraft:villages,0,10,biomesoplenty:highland | biomesoplenty:pumpkin_patch | biomeswevegone:prairie | biomeswevegone:sakura_grove | natures_spirit:alpine_clearings | natures_spirit:floral_ridges | regions_unexplored:flower_fields | regions_unexplored:grassland | regions_unexplored:orchard | regions_unexplored:rocky_meadow,,False,,,biomesoplenty:highland | biomesoplenty:pumpkin_patch | biomeswevegone:prairie | biomeswevegone:sakura_grove | natures_spirit:alpine_clearings | natures_spirit:floral_ridges | regions_unexplored:flower_fields | regions_unexplored:grassland | regions_unexplored:orchard | regions_unexplored:rocky_meadow
ctov:large/village_savanna,[Neoforge]ctov-3.6.3.jar,data/ctov/worldgen/structure/large/village_savanna.json,#minecraft:has_structure/village_savanna,surface/other,Other/undetermined,surface_structures,"{""absolute"":0}",beard_thin,minecraft:villages,0,0,,,False,,,
ctov:large/village_savanna_na,[Neoforge]ctov-3.6.3.jar,data/ctov/worldgen/structure/large/village_savanna_na.json,#minecraft:has_structure/village_savanna,surface/other,Other/undetermined,surface_structures,"{""absolute"":0}",beard_thin,minecraft:villages,0,0,,,False,,,
ctov:large/village_snowy_igloo,[Neoforge]ctov-3.6.3.jar,data/ctov/worldgen/structure/large/village_snowy_igloo.json,"{""type"": ""neoforge:or"", ""values"": [""#minecraft:has_structure/village_snowy"", ""#c:is_snowy""]}",surface/other,Overworld,surface_structures,"{""absolute"":0}",beard_thin,minecraft:villages,0,8,biomesoplenty:auroral_garden | biomesoplenty:snowblossom_grove | biomeswevegone:frosted_coniferous_forest | biomeswevegone:shattered_glacier | regions_unexplored:cold_deciduous_forest | regions_unexplored:frozen_pine_taiga | regions_unexplored:icy_heights | regions_unexplored:spires,,False,,,biomesoplenty:auroral_garden | biomesoplenty:snowblossom_grove | biomeswevegone:frosted_coniferous_forest | biomeswevegone:shattered_glacier | regions_unexplored:cold_deciduous_forest | regions_unexplored:frozen_pine_taiga | regions_unexplored:icy_heights | regions_unexplored:spires
ctov:large/village_swamp,[Neoforge]ctov-3.6.3.jar,data/ctov/worldgen/structure/large/village_swamp.json,"{""type"": ""neoforge:or"", ""values"": [""#minecraft:has_structure/ruined_portal_swamp"", ""#c:is_swamp""]}",surface/other,Overworld,surface_structures,"{""absolute"":0}",beard_thin,minecraft:villages,2,4,biomesoplenty:hot_springs | biomeswevegone:bayou,,False,,,biomesoplenty:hot_springs | biomeswevegone:bayou | regions_unexplored:fen | regions_unexplored:marsh
ctov:large/village_swamp_fortified,[Neoforge]ctov-3.6.3.jar,data/ctov/worldgen/structure/large/village_swamp_fortified.json,"{""type"": ""neoforge:or"", ""values"": [""#minecraft:has_structure/ruined_portal_swamp"", ""#c:is_swamp""]}",surface/other,Overworld,surface_structures,"{""absolute"":0}",beard_thin,minecraft:villages,2,4,biomesoplenty:hot_springs | biomeswevegone:bayou,,False,,,biomesoplenty:hot_springs | biomeswevegone:bayou | regions_unexplored:fen | regions_unexplored:marsh
ctov:large/village_taiga,[Neoforge]ctov-3.6.3.jar,data/ctov/worldgen/structure/large/village_taiga.json,"{""type"": ""neoforge:or"", ""values"": [""#minecraft:has_structure/village_taiga"", ""#c:is_taiga""]}",surface/other,Overworld,surface_structures,"{""absolute"":0}",beard_thin,minecraft:villages,0,10,biomesoplenty:auroral_garden | biomesoplenty:ominous_woods | biomeswevegone:frosted_coniferous_forest | biomeswevegone:maple_taiga | biomeswevegone:redwood_thicket | natures_spirit:windswept_sugi_forest | regions_unexplored:ashen_woodland | regions_unexplored:cold_deciduous_forest | regions_unexplored:frozen_pine_taiga | regions_unexplored:redwoods,,False,,,biomesoplenty:auroral_garden | biomesoplenty:ominous_woods | biomeswevegone:frosted_coniferous_forest | biomeswevegone:maple_taiga | biomeswevegone:redwood_thicket | natures_spirit:windswept_sugi_forest | regions_unexplored:ashen_woodland | regions_unexplored:cold_deciduous_forest | regions_unexplored:frozen_pine_taiga | regions_unexplored:redwoods
ctov:large/village_taiga_fortified,[Neoforge]ctov-3.6.3.jar,data/ctov/worldgen/structure/large/village_taiga_fortified.json,"{""type"": ""neoforge:or"", ""values"": [""#minecraft:has_structure/village_taiga"", ""#c:is_taiga""]}",surface/other,Overworld,surface_structures,"{""absolute"":0}",beard_thin,minecraft:villages,0,10,biomesoplenty:auroral_garden | biomesoplenty:ominous_woods | biomeswevegone:frosted_coniferous_forest | biomeswevegone:maple_taiga | biomeswevegone:redwood_thicket | natures_spirit:windswept_sugi_forest | regions_unexplored:ashen_woodland | regions_unexplored:cold_deciduous_forest | regions_unexplored:frozen_pine_taiga | regions_unexplored:redwoods,,False,,,biomesoplenty:auroral_garden | biomesoplenty:ominous_woods | biomeswevegone:frosted_coniferous_forest | biomeswevegone:maple_taiga | biomeswevegone:redwood_thicket | natures_spirit:windswept_sugi_forest | regions_unexplored:ashen_woodland | regions_unexplored:cold_deciduous_forest | regions_unexplored:frozen_pine_taiga | regions_unexplored:redwoods
ctov:large/village_underground,[Neoforge]ctov-3.6.3.jar,data/ctov/worldgen/structure/large/village_underground.json,#minecraft:has_structure/village_plains,underground,Overworld,surface_structures,"{""absolute"":-14}",beard_thin,,0,0,,,False,,,
ctov:medium/village_beach,[Neoforge]ctov-3.6.3.jar,data/ctov/worldgen/structure/medium/village_beach.json,#minecraft:is_beach,surface/other,Overworld,surface_structures,"{""absolute"":0}",beard_thin,minecraft:villages,1,1,,,False,,,regions_unexplored:grassy_beach
ctov:medium/village_christmas,[Neoforge]ctov-3.6.3.jar,data/ctov/worldgen/structure/medium/village_christmas.json,"{""type"": ""neoforge:or"", ""values"": [""#minecraft:has_structure/village_snowy"", ""#c:is_snowy""]}",surface/other,Overworld,surface_structures,"{""absolute"":0}",beard_thin,minecraft:villages,0,8,biomesoplenty:auroral_garden | biomesoplenty:snowblossom_grove | biomeswevegone:frosted_coniferous_forest | biomeswevegone:shattered_glacier | regions_unexplored:cold_deciduous_forest | regions_unexplored:frozen_pine_taiga | regions_unexplored:icy_heights | regions_unexplored:spires,,False,,,biomesoplenty:auroral_garden | biomesoplenty:snowblossom_grove | biomeswevegone:frosted_coniferous_forest | biomeswevegone:shattered_glacier | regions_unexplored:cold_deciduous_forest | regions_unexplored:frozen_pine_taiga | regions_unexplored:icy_heights | regions_unexplored:spires
ctov:medium/village_dark_forest,[Neoforge]ctov-3.6.3.jar,data/ctov/worldgen/structure/medium/village_dark_forest.json,"{""type"": ""neoforge:or"", ""values"": [""#minecraft:has_structure/woodland_mansion"", ""#c:is_spooky""]}",surface/other,Overworld,surface_structures,"{""absolute"":0}",beard_thin,minecraft:villages,3,4,regions_unexplored:ashen_woodland,,False,,,biomesoplenty:ominous_woods | biomeswevegone:weeping_witch_forest | regions_unexplored:ashen_woodland | regions_unexplored:redwoods
ctov:medium/village_desert,[Neoforge]ctov-3.6.3.jar,data/ctov/worldgen/structure/medium/village_desert.json,#minecraft:has_structure/village_desert,surface/other,Other/undetermined,surface_structures,"{""absolute"":0}",beard_thin,minecraft:villages,0,0,,,False,,,
ctov:medium/village_desert_oasis,[Neoforge]ctov-3.6.3.jar,data/ctov/worldgen/structure/medium/village_desert_oasis.json,#minecraft:has_structure/village_desert,surface/other,Other/undetermined,surface_structures,"{""absolute"":0}",beard_thin,minecraft:villages,0,0,,,False,,,
ctov:medium/village_jungle,[Neoforge]ctov-3.6.3.jar,data/ctov/worldgen/structure/medium/village_jungle.json,#minecraft:is_jungle,surface/other,Overworld,surface_structures,"{""absolute"":0}",beard_thin,minecraft:villages,3,3,,,False,,,biomeswevegone:bayou | biomeswevegone:crag_gardens | biomeswevegone:ebony_woods
ctov:medium/village_jungle_tree,[Neoforge]ctov-3.6.3.jar,data/ctov/worldgen/structure/medium/village_jungle_tree.json,#minecraft:is_jungle,surface/other,Overworld,surface_structures,"{""absolute"":0}",beard_thin,minecraft:villages,3,3,,,False,,,biomeswevegone:bayou | biomeswevegone:crag_gardens | biomeswevegone:ebony_woods
ctov:medium/village_mesa,[Neoforge]ctov-3.6.3.jar,data/ctov/worldgen/structure/medium/village_mesa.json,#minecraft:is_badlands,surface/other,Other/undetermined,surface_structures,"{""absolute"":0}",beard_thin,minecraft:villages,0,0,,,False,,,
ctov:medium/village_mesa_fortified,[Neoforge]ctov-3.6.3.jar,data/ctov/worldgen/structure/medium/village_mesa_fortified.json,#minecraft:is_badlands,surface/other,Other/undetermined,surface_structures,"{""absolute"":0}",beard_thin,minecraft:villages,0,0,,,False,,,
ctov:medium/village_mountain,[Neoforge]ctov-3.6.3.jar,data/ctov/worldgen/structure/medium/village_mountain.json,#minecraft:is_mountain,surface/other,Overworld,surface_structures,"{""absolute"":0}",beard_thin,minecraft:villages,10,10,,,False,,,biomesoplenty:highland | biomesoplenty:volcano | biomeswevegone:crag_gardens | biomeswevegone:shattered_glacier | natures_spirit:alpine_clearings | natures_spirit:floral_ridges | natures_spirit:windswept_sugi_forest | regions_unexplored:icy_heights | regions_unexplored:rocky_meadow | regions_unexplored:spires
ctov:medium/village_mountain_alpine,[Neoforge]ctov-3.6.3.jar,data/ctov/worldgen/structure/medium/village_mountain_alpine.json,#minecraft:is_mountain,surface/other,Overworld,surface_structures,"{""absolute"":0}",beard_thin,minecraft:villages,10,10,,,False,,,biomesoplenty:highland | biomesoplenty:volcano | biomeswevegone:crag_gardens | biomeswevegone:shattered_glacier | natures_spirit:alpine_clearings | natures_spirit:floral_ridges | natures_spirit:windswept_sugi_forest | regions_unexplored:icy_heights | regions_unexplored:rocky_meadow | regions_unexplored:spires
ctov:medium/village_mushroom,[Neoforge]ctov-3.6.3.jar,data/ctov/worldgen/structure/medium/village_mushroom.json,minecraft:mushroom_fields,surface/other,Other/undetermined,surface_structures,"{""absolute"":0}",beard_thin,minecraft:villages,0,0,,,True,,,
ctov:medium/village_plains,[Neoforge]ctov-3.6.3.jar,data/ctov/worldgen/structure/medium/village_plains.json,"{""type"": ""neoforge:or"", ""values"": [""#minecraft:has_structure/village_plains"", ""#c:is_plains""]}",surface/other,Overworld,surface_structures,"{""absolute"":0}",beard_thin,minecraft:villages,0,10,biomesoplenty:highland | biomesoplenty:pumpkin_patch | biomeswevegone:prairie | biomeswevegone:sakura_grove | natures_spirit:alpine_clearings | natures_spirit:floral_ridges | regions_unexplored:flower_fields | regions_unexplored:grassland | regions_unexplored:orchard | regions_unexplored:rocky_meadow,,False,,,biomesoplenty:highland | biomesoplenty:pumpkin_patch | biomeswevegone:prairie | biomeswevegone:sakura_grove | natures_spirit:alpine_clearings | natures_spirit:floral_ridges | regions_unexplored:flower_fields | regions_unexplored:grassland | regions_unexplored:orchard | regions_unexplored:rocky_meadow
ctov:medium/village_plains_fortified,[Neoforge]ctov-3.6.3.jar,data/ctov/worldgen/structure/medium/village_plains_fortified.json,"{""type"": ""neoforge:or"", ""values"": [""#minecraft:has_structure/village_plains"", ""#c:is_plains""]}",surface/other,Overworld,surface_structures,"{""absolute"":0}",beard_thin,minecraft:villages,0,10,biomesoplenty:highland | biomesoplenty:pumpkin_patch | biomeswevegone:prairie | biomeswevegone:sakura_grove | natures_spirit:alpine_clearings | natures_spirit:floral_ridges | regions_unexplored:flower_fields | regions_unexplored:grassland | regions_unexplored:orchard | regions_unexplored:rocky_meadow,,False,,,biomesoplenty:highland | biomesoplenty:pumpkin_patch | biomeswevegone:prairie | biomeswevegone:sakura_grove | natures_spirit:alpine_clearings | natures_spirit:floral_ridges | regions_unexplored:flower_fields | regions_unexplored:grassland | regions_unexplored:orchard | regions_unexplored:rocky_meadow
ctov:medium/village_savanna,[Neoforge]ctov-3.6.3.jar,data/ctov/worldgen/structure/medium/village_savanna.json,#minecraft:has_structure/village_savanna,surface/other,Other/undetermined,surface_structures,"{""absolute"":0}",beard_thin,minecraft:villages,0,0,,,False,,,
ctov:medium/village_savanna_na,[Neoforge]ctov-3.6.3.jar,data/ctov/worldgen/structure/medium/village_savanna_na.json,#minecraft:has_structure/village_savanna,surface/other,Other/undetermined,surface_structures,"{""absolute"":0}",beard_thin,minecraft:villages,0,0,,,False,,,
ctov:medium/village_snowy_igloo,[Neoforge]ctov-3.6.3.jar,data/ctov/worldgen/structure/medium/village_snowy_igloo.json,"{""type"": ""neoforge:or"", ""values"": [""#minecraft:has_structure/village_snowy"", ""#c:is_snowy""]}",surface/other,Overworld,surface_structures,"{""absolute"":0}",beard_thin,minecraft:villages,0,8,biomesoplenty:auroral_garden | biomesoplenty:snowblossom_grove | biomeswevegone:frosted_coniferous_forest | biomeswevegone:shattered_glacier | regions_unexplored:cold_deciduous_forest | regions_unexplored:frozen_pine_taiga | regions_unexplored:icy_heights | regions_unexplored:spires,,False,,,biomesoplenty:auroral_garden | biomesoplenty:snowblossom_grove | biomeswevegone:frosted_coniferous_forest | biomeswevegone:shattered_glacier | regions_unexplored:cold_deciduous_forest | regions_unexplored:frozen_pine_taiga | regions_unexplored:icy_heights | regions_unexplored:spires
ctov:medium/village_swamp,[Neoforge]ctov-3.6.3.jar,data/ctov/worldgen/structure/medium/village_swamp.json,"{""type"": ""neoforge:or"", ""values"": [""#minecraft:has_structure/ruined_portal_swamp"", ""#c:is_swamp""]}",surface/other,Overworld,surface_structures,"{""absolute"":0}",beard_thin,minecraft:villages,2,4,biomesoplenty:hot_springs | biomeswevegone:bayou,,False,,,biomesoplenty:hot_springs | biomeswevegone:bayou | regions_unexplored:fen | regions_unexplored:marsh
ctov:medium/village_swamp_fortified,[Neoforge]ctov-3.6.3.jar,data/ctov/worldgen/structure/medium/village_swamp_fortified.json,"{""type"": ""neoforge:or"", ""values"": [""#minecraft:has_structure/ruined_portal_swamp"", ""#c:is_swamp""]}",surface/other,Overworld,surface_structures,"{""absolute"":0}",beard_thin,minecraft:villages,2,4,biomesoplenty:hot_springs | biomeswevegone:bayou,,False,,,biomesoplenty:hot_springs | biomeswevegone:bayou | regions_unexplored:fen | regions_unexplored:marsh
ctov:medium/village_taiga,[Neoforge]ctov-3.6.3.jar,data/ctov/worldgen/structure/medium/village_taiga.json,"{""type"": ""neoforge:or"", ""values"": [""#minecraft:has_structure/village_taiga"", ""#c:is_taiga""]}",surface/other,Overworld,surface_structures,"{""absolute"":0}",beard_thin,minecraft:villages,0,10,biomesoplenty:auroral_garden | biomesoplenty:ominous_woods | biomeswevegone:frosted_coniferous_forest | biomeswevegone:maple_taiga | biomeswevegone:redwood_thicket | natures_spirit:windswept_sugi_forest | regions_unexplored:ashen_woodland | regions_unexplored:cold_deciduous_forest | regions_unexplored:frozen_pine_taiga | regions_unexplored:redwoods,,False,,,biomesoplenty:auroral_garden | biomesoplenty:ominous_woods | biomeswevegone:frosted_coniferous_forest | biomeswevegone:maple_taiga | biomeswevegone:redwood_thicket | natures_spirit:windswept_sugi_forest | regions_unexplored:ashen_woodland | regions_unexplored:cold_deciduous_forest | regions_unexplored:frozen_pine_taiga | regions_unexplored:redwoods
ctov:medium/village_taiga_fortified,[Neoforge]ctov-3.6.3.jar,data/ctov/worldgen/structure/medium/village_taiga_fortified.json,"{""type"": ""neoforge:or"", ""values"": [""#minecraft:has_structure/village_taiga"", ""#c:is_taiga""]}",surface/other,Overworld,surface_structures,"{""absolute"":0}",beard_thin,minecraft:villages,0,10,biomesoplenty:auroral_garden | biomesoplenty:ominous_woods | biomeswevegone:frosted_coniferous_forest | biomeswevegone:maple_taiga | biomeswevegone:redwood_thicket | natures_spirit:windswept_sugi_forest | regions_unexplored:ashen_woodland | regions_unexplored:cold_deciduous_forest | regions_unexplored:frozen_pine_taiga | regions_unexplored:redwoods,,False,,,biomesoplenty:auroral_garden | biomesoplenty:ominous_woods | biomeswevegone:frosted_coniferous_forest | biomeswevegone:maple_taiga | biomeswevegone:redwood_thicket | natures_spirit:windswept_sugi_forest | regions_unexplored:ashen_woodland | regions_unexplored:cold_deciduous_forest | regions_unexplored:frozen_pine_taiga | regions_unexplored:redwoods
ctov:medium/village_underground,[Neoforge]ctov-3.6.3.jar,data/ctov/worldgen/structure/medium/village_underground.json,#minecraft:has_structure/village_plains,underground,Overworld,surface_structures,"{""absolute"":-14}",beard_thin,,0,0,,,False,,,
ctov:pillager_outpost_badlands,[Neoforge]ctov-3.6.3.jar,data/ctov/worldgen/structure/pillager_outpost_badlands.json,#minecraft:is_badlands,surface/other,Other/undetermined,surface_structures,"{""absolute"":0}",beard_thin,minecraft:pillager_outposts,0,0,,,False,,,
ctov:pillager_outpost_beach,[Neoforge]ctov-3.6.3.jar,data/ctov/worldgen/structure/pillager_outpost_beach.json,#minecraft:is_beach,surface/other,Overworld,surface_structures,"{""absolute"":0}",beard_thin,minecraft:pillager_outposts,1,1,,,False,,,regions_unexplored:grassy_beach
ctov:pillager_outpost_dark_forest,[Neoforge]ctov-3.6.3.jar,data/ctov/worldgen/structure/pillager_outpost_dark_forest.json,"{""type"": ""neoforge:or"", ""values"": [""#minecraft:has_structure/woodland_mansion"", ""#c:is_spooky""]}",surface/other,Overworld,surface_structures,"{""absolute"":0}",beard_thin,minecraft:pillager_outposts,3,4,regions_unexplored:ashen_woodland,,False,,,biomesoplenty:ominous_woods | biomeswevegone:weeping_witch_forest | regions_unexplored:ashen_woodland | regions_unexplored:redwoods
ctov:pillager_outpost_desert,[Neoforge]ctov-3.6.3.jar,data/ctov/worldgen/structure/pillager_outpost_desert.json,#minecraft:has_structure/village_desert,surface/other,Other/undetermined,surface_structures,"{""absolute"":0}",beard_thin,minecraft:pillager_outposts,0,0,,,False,,,
ctov:pillager_outpost_jungle,[Neoforge]ctov-3.6.3.jar,data/ctov/worldgen/structure/pillager_outpost_jungle.json,#minecraft:is_jungle,surface/other,Overworld,surface_structures,"{""absolute"":0}",beard_thin,minecraft:pillager_outposts,3,3,,,False,,,biomeswevegone:bayou | biomeswevegone:crag_gardens | biomeswevegone:ebony_woods
ctov:pillager_outpost_mesa,[Neoforge]ctov-3.6.3.jar,data/ctov/worldgen/structure/pillager_outpost_mesa.json,#minecraft:is_badlands,surface/other,Other/undetermined,surface_structures,"{""absolute"":0}",beard_thin,,0,0,,,False,,,
ctov:pillager_outpost_mountain,[Neoforge]ctov-3.6.3.jar,data/ctov/worldgen/structure/pillager_outpost_mountain.json,#minecraft:is_mountain,surface/other,Overworld,surface_structures,"{""absolute"":0}",beard_thin,minecraft:pillager_outposts,10,10,,,False,,,biomesoplenty:highland | biomesoplenty:volcano | biomeswevegone:crag_gardens | biomeswevegone:shattered_glacier | natures_spirit:alpine_clearings | natures_spirit:floral_ridges | natures_spirit:windswept_sugi_forest | regions_unexplored:icy_heights | regions_unexplored:rocky_meadow | regions_unexplored:spires
ctov:pillager_outpost_plains,[Neoforge]ctov-3.6.3.jar,data/ctov/worldgen/structure/pillager_outpost_plains.json,"{""type"": ""neoforge:or"", ""values"": [""#minecraft:has_structure/village_plains"", ""#c:is_plains""]}",surface/other,Overworld,surface_structures,"{""absolute"":0}",beard_thin,minecraft:pillager_outposts,0,10,biomesoplenty:highland | biomesoplenty:pumpkin_patch | biomeswevegone:prairie | biomeswevegone:sakura_grove | natures_spirit:alpine_clearings | natures_spirit:floral_ridges | regions_unexplored:flower_fields | regions_unexplored:grassland | regions_unexplored:orchard | regions_unexplored:rocky_meadow,,False,,,biomesoplenty:highland | biomesoplenty:pumpkin_patch | biomeswevegone:prairie | biomeswevegone:sakura_grove | natures_spirit:alpine_clearings | natures_spirit:floral_ridges | regions_unexplored:flower_fields | regions_unexplored:grassland | regions_unexplored:orchard | regions_unexplored:rocky_meadow
ctov:pillager_outpost_savanna,[Neoforge]ctov-3.6.3.jar,data/ctov/worldgen/structure/pillager_outpost_savanna.json,#minecraft:has_structure/village_savanna,surface/other,Other/undetermined,surface_structures,"{""absolute"":0}",beard_thin,minecraft:pillager_outposts,0,0,,,False,,,
ctov:pillager_outpost_snowy,[Neoforge]ctov-3.6.3.jar,data/ctov/worldgen/structure/pillager_outpost_snowy.json,"{""type"": ""neoforge:or"", ""values"": [""#minecraft:has_structure/village_snowy"", ""#c:is_snowy""]}",surface/other,Overworld,surface_structures,"{""absolute"":0}",beard_thin,minecraft:pillager_outposts,0,8,biomesoplenty:auroral_garden | biomesoplenty:snowblossom_grove | biomeswevegone:frosted_coniferous_forest | biomeswevegone:shattered_glacier | regions_unexplored:cold_deciduous_forest | regions_unexplored:frozen_pine_taiga | regions_unexplored:icy_heights | regions_unexplored:spires,,False,,,biomesoplenty:auroral_garden | biomesoplenty:snowblossom_grove | biomeswevegone:frosted_coniferous_forest | biomeswevegone:shattered_glacier | regions_unexplored:cold_deciduous_forest | regions_unexplored:frozen_pine_taiga | regions_unexplored:icy_heights | regions_unexplored:spires
ctov:pillager_outpost_swamp,[Neoforge]ctov-3.6.3.jar,data/ctov/worldgen/structure/pillager_outpost_swamp.json,"{""type"": ""neoforge:or"", ""values"": [""#minecraft:has_structure/ruined_portal_swamp"", ""#c:is_swamp""]}",surface/other,Overworld,surface_structures,"{""absolute"":0}",beard_thin,minecraft:pillager_outposts,2,4,biomesoplenty:hot_springs | biomeswevegone:bayou,,False,,,biomesoplenty:hot_springs | biomeswevegone:bayou | regions_unexplored:fen | regions_unexplored:marsh
ctov:pillager_outpost_taiga,[Neoforge]ctov-3.6.3.jar,data/ctov/worldgen/structure/pillager_outpost_taiga.json,"{""type"": ""neoforge:or"", ""values"": [""#minecraft:has_structure/village_taiga"", ""#c:is_taiga""]}",surface/other,Overworld,surface_structures,"{""absolute"":0}",beard_thin,minecraft:pillager_outposts,0,10,biomesoplenty:auroral_garden | biomesoplenty:ominous_woods | biomeswevegone:frosted_coniferous_forest | biomeswevegone:maple_taiga | biomeswevegone:redwood_thicket | natures_spirit:windswept_sugi_forest | regions_unexplored:ashen_woodland | regions_unexplored:cold_deciduous_forest | regions_unexplored:frozen_pine_taiga | regions_unexplored:redwoods,,False,,,biomesoplenty:auroral_garden | biomesoplenty:ominous_woods | biomeswevegone:frosted_coniferous_forest | biomeswevegone:maple_taiga | biomeswevegone:redwood_thicket | natures_spirit:windswept_sugi_forest | regions_unexplored:ashen_woodland | regions_unexplored:cold_deciduous_forest | regions_unexplored:frozen_pine_taiga | regions_unexplored:redwoods
ctov:small/village_beach,[Neoforge]ctov-3.6.3.jar,data/ctov/worldgen/structure/small/village_beach.json,#minecraft:is_beach,surface/other,Overworld,surface_structures,"{""absolute"":0}",beard_thin,minecraft:villages,1,1,,,False,,,regions_unexplored:grassy_beach
ctov:small/village_christmas,[Neoforge]ctov-3.6.3.jar,data/ctov/worldgen/structure/small/village_christmas.json,"{""type"": ""neoforge:or"", ""values"": [""#minecraft:has_structure/village_snowy"", ""#c:is_snowy""]}",surface/other,Overworld,surface_structures,"{""absolute"":0}",beard_thin,minecraft:villages,0,8,biomesoplenty:auroral_garden | biomesoplenty:snowblossom_grove | biomeswevegone:frosted_coniferous_forest | biomeswevegone:shattered_glacier | regions_unexplored:cold_deciduous_forest | regions_unexplored:frozen_pine_taiga | regions_unexplored:icy_heights | regions_unexplored:spires,,False,,,biomesoplenty:auroral_garden | biomesoplenty:snowblossom_grove | biomeswevegone:frosted_coniferous_forest | biomeswevegone:shattered_glacier | regions_unexplored:cold_deciduous_forest | regions_unexplored:frozen_pine_taiga | regions_unexplored:icy_heights | regions_unexplored:spires
ctov:small/village_dark_forest,[Neoforge]ctov-3.6.3.jar,data/ctov/worldgen/structure/small/village_dark_forest.json,"{""type"": ""neoforge:or"", ""values"": [""#minecraft:has_structure/woodland_mansion"", ""#c:is_spooky""]}",surface/other,Overworld,surface_structures,"{""absolute"":0}",beard_thin,minecraft:villages,3,4,regions_unexplored:ashen_woodland,,False,,,biomesoplenty:ominous_woods | biomeswevegone:weeping_witch_forest | regions_unexplored:ashen_woodland | regions_unexplored:redwoods
ctov:small/village_desert,[Neoforge]ctov-3.6.3.jar,data/ctov/worldgen/structure/small/village_desert.json,#minecraft:has_structure/village_desert,surface/other,Other/undetermined,surface_structures,"{""absolute"":0}",beard_thin,minecraft:villages,0,0,,,False,,,
ctov:small/village_desert_oasis,[Neoforge]ctov-3.6.3.jar,data/ctov/worldgen/structure/small/village_desert_oasis.json,#minecraft:has_structure/village_desert,surface/other,Other/undetermined,surface_structures,"{""absolute"":0}",beard_thin,minecraft:villages,0,0,,,False,,,
ctov:small/village_jungle,[Neoforge]ctov-3.6.3.jar,data/ctov/worldgen/structure/small/village_jungle.json,#minecraft:is_jungle,surface/other,Overworld,surface_structures,"{""absolute"":0}",beard_thin,minecraft:villages,3,3,,,False,,,biomeswevegone:bayou | biomeswevegone:crag_gardens | biomeswevegone:ebony_woods
ctov:small/village_jungle_tree,[Neoforge]ctov-3.6.3.jar,data/ctov/worldgen/structure/small/village_jungle_tree.json,#minecraft:is_jungle,surface/other,Overworld,surface_structures,"{""absolute"":0}",beard_thin,minecraft:villages,3,3,,,False,,,biomeswevegone:bayou | biomeswevegone:crag_gardens | biomeswevegone:ebony_woods
ctov:small/village_mesa,[Neoforge]ctov-3.6.3.jar,data/ctov/worldgen/structure/small/village_mesa.json,#minecraft:is_badlands,surface/other,Other/undetermined,surface_structures,"{""absolute"":0}",beard_thin,minecraft:villages,0,0,,,False,,,
ctov:small/village_mesa_fortified,[Neoforge]ctov-3.6.3.jar,data/ctov/worldgen/structure/small/village_mesa_fortified.json,#minecraft:is_badlands,surface/other,Other/undetermined,surface_structures,"{""absolute"":0}",beard_thin,minecraft:villages,0,0,,,False,,,
ctov:small/village_mountain,[Neoforge]ctov-3.6.3.jar,data/ctov/worldgen/structure/small/village_mountain.json,#minecraft:is_mountain,surface/other,Overworld,surface_structures,"{""absolute"":0}",beard_thin,minecraft:villages,10,10,,,False,,,biomesoplenty:highland | biomesoplenty:volcano | biomeswevegone:crag_gardens | biomeswevegone:shattered_glacier | natures_spirit:alpine_clearings | natures_spirit:floral_ridges | natures_spirit:windswept_sugi_forest | regions_unexplored:icy_heights | regions_unexplored:rocky_meadow | regions_unexplored:spires
ctov:small/village_mountain_alpine,[Neoforge]ctov-3.6.3.jar,data/ctov/worldgen/structure/small/village_mountain_alpine.json,#minecraft:is_mountain,surface/other,Overworld,surface_structures,"{""absolute"":0}",beard_thin,minecraft:villages,10,10,,,False,,,biomesoplenty:highland | biomesoplenty:volcano | biomeswevegone:crag_gardens | biomeswevegone:shattered_glacier | natures_spirit:alpine_clearings | natures_spirit:floral_ridges | natures_spirit:windswept_sugi_forest | regions_unexplored:icy_heights | regions_unexplored:rocky_meadow | regions_unexplored:spires
ctov:small/village_mushroom,[Neoforge]ctov-3.6.3.jar,data/ctov/worldgen/structure/small/village_mushroom.json,minecraft:mushroom_fields,surface/other,Other/undetermined,surface_structures,"{""absolute"":0}",beard_thin,minecraft:villages,0,0,,,True,,,
ctov:small/village_plains,[Neoforge]ctov-3.6.3.jar,data/ctov/worldgen/structure/small/village_plains.json,"{""type"": ""neoforge:or"", ""values"": [""#minecraft:has_structure/village_plains"", ""#c:is_plains""]}",surface/other,Overworld,surface_structures,"{""absolute"":0}",beard_thin,minecraft:villages,0,10,biomesoplenty:highland | biomesoplenty:pumpkin_patch | biomeswevegone:prairie | biomeswevegone:sakura_grove | natures_spirit:alpine_clearings | natures_spirit:floral_ridges | regions_unexplored:flower_fields | regions_unexplored:grassland | regions_unexplored:orchard | regions_unexplored:rocky_meadow,,False,,,biomesoplenty:highland | biomesoplenty:pumpkin_patch | biomeswevegone:prairie | biomeswevegone:sakura_grove | natures_spirit:alpine_clearings | natures_spirit:floral_ridges | regions_unexplored:flower_fields | regions_unexplored:grassland | regions_unexplored:orchard | regions_unexplored:rocky_meadow
ctov:small/village_plains_fortified,[Neoforge]ctov-3.6.3.jar,data/ctov/worldgen/structure/small/village_plains_fortified.json,"{""type"": ""neoforge:or"", ""values"": [""#minecraft:has_structure/village_plains"", ""#c:is_plains""]}",surface/other,Overworld,surface_structures,"{""absolute"":0}",beard_thin,minecraft:villages,0,10,biomesoplenty:highland | biomesoplenty:pumpkin_patch | biomeswevegone:prairie | biomeswevegone:sakura_grove | natures_spirit:alpine_clearings | natures_spirit:floral_ridges | regions_unexplored:flower_fields | regions_unexplored:grassland | regions_unexplored:orchard | regions_unexplored:rocky_meadow,,False,,,biomesoplenty:highland | biomesoplenty:pumpkin_patch | biomeswevegone:prairie | biomeswevegone:sakura_grove | natures_spirit:alpine_clearings | natures_spirit:floral_ridges | regions_unexplored:flower_fields | regions_unexplored:grassland | regions_unexplored:orchard | regions_unexplored:rocky_meadow
ctov:small/village_savanna,[Neoforge]ctov-3.6.3.jar,data/ctov/worldgen/structure/small/village_savanna.json,#minecraft:has_structure/village_savanna,surface/other,Other/undetermined,surface_structures,"{""absolute"":0}",beard_thin,minecraft:villages,0,0,,,False,,,
ctov:small/village_savanna_na,[Neoforge]ctov-3.6.3.jar,data/ctov/worldgen/structure/small/village_savanna_na.json,#minecraft:has_structure/village_savanna,surface/other,Other/undetermined,surface_structures,"{""absolute"":0}",beard_thin,minecraft:villages,0,0,,,False,,,
ctov:small/village_snowy_igloo,[Neoforge]ctov-3.6.3.jar,data/ctov/worldgen/structure/small/village_snowy_igloo.json,"{""type"": ""neoforge:or"", ""values"": [""#minecraft:has_structure/village_snowy"", ""#c:is_snowy""]}",surface/other,Overworld,surface_structures,"{""absolute"":0}",beard_thin,minecraft:villages,0,8,biomesoplenty:auroral_garden | biomesoplenty:snowblossom_grove | biomeswevegone:frosted_coniferous_forest | biomeswevegone:shattered_glacier | regions_unexplored:cold_deciduous_forest | regions_unexplored:frozen_pine_taiga | regions_unexplored:icy_heights | regions_unexplored:spires,,False,,,biomesoplenty:auroral_garden | biomesoplenty:snowblossom_grove | biomeswevegone:frosted_coniferous_forest | biomeswevegone:shattered_glacier | regions_unexplored:cold_deciduous_forest | regions_unexplored:frozen_pine_taiga | regions_unexplored:icy_heights | regions_unexplored:spires
ctov:small/village_swamp,[Neoforge]ctov-3.6.3.jar,data/ctov/worldgen/structure/small/village_swamp.json,"{""type"": ""neoforge:or"", ""values"": [""#minecraft:has_structure/ruined_portal_swamp"", ""#c:is_swamp""]}",surface/other,Overworld,surface_structures,"{""absolute"":0}",beard_thin,minecraft:villages,2,4,biomesoplenty:hot_springs | biomeswevegone:bayou,,False,,,biomesoplenty:hot_springs | biomeswevegone:bayou | regions_unexplored:fen | regions_unexplored:marsh
ctov:small/village_swamp_fortified,[Neoforge]ctov-3.6.3.jar,data/ctov/worldgen/structure/small/village_swamp_fortified.json,"{""type"": ""neoforge:or"", ""values"": [""#minecraft:has_structure/ruined_portal_swamp"", ""#c:is_swamp""]}",surface/other,Overworld,surface_structures,"{""absolute"":0}",beard_thin,minecraft:villages,2,4,biomesoplenty:hot_springs | biomeswevegone:bayou,,False,,,biomesoplenty:hot_springs | biomeswevegone:bayou | regions_unexplored:fen | regions_unexplored:marsh
ctov:small/village_taiga,[Neoforge]ctov-3.6.3.jar,data/ctov/worldgen/structure/small/village_taiga.json,"{""type"": ""neoforge:or"", ""values"": [""#minecraft:has_structure/village_taiga"", ""#c:is_taiga""]}",surface/other,Overworld,surface_structures,"{""absolute"":0}",beard_thin,minecraft:villages,0,10,biomesoplenty:auroral_garden | biomesoplenty:ominous_woods | biomeswevegone:frosted_coniferous_forest | biomeswevegone:maple_taiga | biomeswevegone:redwood_thicket | natures_spirit:windswept_sugi_forest | regions_unexplored:ashen_woodland | regions_unexplored:cold_deciduous_forest | regions_unexplored:frozen_pine_taiga | regions_unexplored:redwoods,,False,,,biomesoplenty:auroral_garden | biomesoplenty:ominous_woods | biomeswevegone:frosted_coniferous_forest | biomeswevegone:maple_taiga | biomeswevegone:redwood_thicket | natures_spirit:windswept_sugi_forest | regions_unexplored:ashen_woodland | regions_unexplored:cold_deciduous_forest | regions_unexplored:frozen_pine_taiga | regions_unexplored:redwoods
ctov:small/village_taiga_fortified,[Neoforge]ctov-3.6.3.jar,data/ctov/worldgen/structure/small/village_taiga_fortified.json,"{""type"": ""neoforge:or"", ""values"": [""#minecraft:has_structure/village_taiga"", ""#c:is_taiga""]}",surface/other,Overworld,surface_structures,"{""absolute"":0}",beard_thin,minecraft:villages,0,10,biomesoplenty:auroral_garden | biomesoplenty:ominous_woods | biomeswevegone:frosted_coniferous_forest | biomeswevegone:maple_taiga | biomeswevegone:redwood_thicket | natures_spirit:windswept_sugi_forest | regions_unexplored:ashen_woodland | regions_unexplored:cold_deciduous_forest | regions_unexplored:frozen_pine_taiga | regions_unexplored:redwoods,,False,,,biomesoplenty:auroral_garden | biomesoplenty:ominous_woods | biomeswevegone:frosted_coniferous_forest | biomeswevegone:maple_taiga | biomeswevegone:redwood_thicket | natures_spirit:windswept_sugi_forest | regions_unexplored:ashen_woodland | regions_unexplored:cold_deciduous_forest | regions_unexplored:frozen_pine_taiga | regions_unexplored:redwoods
ctov:small/village_underground,[Neoforge]ctov-3.6.3.jar,data/ctov/worldgen/structure/small/village_underground.json,#minecraft:has_structure/village_plains,underground,Overworld,surface_structures,"{""absolute"":-14}",beard_thin,,0,0,,,False,,,
dungeoncrawl:dungeon,DungeonCrawl-NeoForge-1.21-2.3.17.jar,data/dungeoncrawl/worldgen/structure/dungeon.json,#dungeoncrawl:has_structure/dungeon,underground,Overworld,underground_structures,{},none,dungeoncrawl:dungeons,31,36,biomeswevegone:prairie | regions_unexplored:fen | regions_unexplored:flower_fields | regions_unexplored:grassland | regions_unexplored:marsh,,False,,,biomesoplenty:auroral_garden | biomesoplenty:highland | biomesoplenty:hot_springs | biomesoplenty:ominous_woods | biomesoplenty:pumpkin_patch | biomesoplenty:snowblossom_grove | biomesoplenty:volcano | biomeswevegone:bayou | biomeswevegone:crag_gardens | biomeswevegone:ebony_woods | biomeswevegone:frosted_coniferous_forest | biomeswevegone:maple_taiga | biomeswevegone:prairie | biomeswevegone:redwood_thicket | biomeswevegone:sakura_grove | biomeswevegone:shattered_glacier | biomeswevegone:skyris_vale | biomeswevegone:weeping_witch_forest | biomeswevegone:zelkova_forest | natures_spirit:alpine_clearings | natures_spirit:floral_ridges | natures_spirit:windswept_sugi_forest | regions_unexplored:ashen_woodland | regions_unexplored:cold_deciduous_forest | regions_unexplored:fen | regions_unexplored:flower_fields | regions_unexplored:frozen_pine_taiga | regions_unexplored:grassland | regions_unexplored:grassy_beach | regions_unexplored:icy_heights | regions_unexplored:maple_forest | regions_unexplored:marsh | regions_unexplored:orchard | regions_unexplored:redwoods | regions_unexplored:rocky_meadow | regions_unexplored:spires
dungeons_arise:abandoned_temple,DungeonsArise-1.21.1-2.1.68-release.jar,data/dungeons_arise/worldgen/structure/abandoned_temple.json,#dungeons_arise:has_structure/abandoned_temple_biomes,underground,Overworld,surface_structures,"{""absolute"":-2}",beard_thin,dungeons_arise:minor_structures,20,20,,,False,forge:is_coniferous,,biomesoplenty:auroral_garden | biomesoplenty:highland | biomesoplenty:hot_springs | biomesoplenty:ominous_woods | biomesoplenty:volcano | biomeswevegone:crag_gardens | biomeswevegone:frosted_coniferous_forest | biomeswevegone:maple_taiga | biomeswevegone:redwood_thicket | biomeswevegone:shattered_glacier | natures_spirit:alpine_clearings | natures_spirit:floral_ridges | natures_spirit:windswept_sugi_forest | regions_unexplored:ashen_woodland | regions_unexplored:cold_deciduous_forest | regions_unexplored:frozen_pine_taiga | regions_unexplored:icy_heights | regions_unexplored:redwoods | regions_unexplored:rocky_meadow | regions_unexplored:spires
dungeons_arise:aviary,DungeonsArise-1.21.1-2.1.68-release.jar,data/dungeons_arise/worldgen/structure/aviary.json,#dungeons_arise:has_structure/aviary_biomes,surface/other,End,surface_structures,"{""absolute"":50}",False,dungeons_arise:major_structures,0,0,,,True,,,
dungeons_arise:bandit_towers,DungeonsArise-1.21.1-2.1.68-release.jar,data/dungeons_arise/worldgen/structure/bandit_towers.json,#dungeons_arise:has_structure/bandit_towers_biomes,surface/other,Other/undetermined,surface_structures,"{""absolute"":135}",False,dungeons_arise:major_structures,0,0,,,False,c:is_badlands,c:is_badlands,
dungeons_arise:bandit_village,DungeonsArise-1.21.1-2.1.68-release.jar,data/dungeons_arise/worldgen/structure/bandit_village.json,#dungeons_arise:has_structure/bandit_village_biomes,surface/other,Other/undetermined,surface_structures,"{""absolute"":0}",beard_thin,dungeons_arise:major_structures,0,0,,,False,c:is_badlands,c:is_badlands,
dungeons_arise:bathhouse,DungeonsArise-1.21.1-2.1.68-release.jar,data/dungeons_arise/worldgen/structure/bathhouse.json,#dungeons_arise:has_structure/bathhouse_biomes,surface/other,Overworld,surface_structures,"{""absolute"":0}",beard_box,ambient_odyssey:wda_bathhouse,25,27,biomeswevegone:ebony_woods | biomeswevegone:weeping_witch_forest,,False,forge:is_plains | forge:is_snowy,,biomesoplenty:auroral_garden | biomesoplenty:highland | biomesoplenty:hot_springs | biomesoplenty:ominous_woods | biomesoplenty:pumpkin_patch | biomesoplenty:snowblossom_grove | biomeswevegone:ebony_woods | biomeswevegone:frosted_coniferous_forest | biomeswevegone:maple_taiga | biomeswevegone:prairie | biomeswevegone:redwood_thicket | biomeswevegone:sakura_grove | biomeswevegone:shattered_glacier | biomeswevegone:weeping_witch_forest | natures_spirit:alpine_clearings | natures_spirit:floral_ridges | natures_spirit:windswept_sugi_forest | regions_unexplored:ashen_woodland | regions_unexplored:cold_deciduous_forest | regions_unexplored:flower_fields | regions_unexplored:frozen_pine_taiga | regions_unexplored:grassland | regions_unexplored:icy_heights | regions_unexplored:orchard | regions_unexplored:redwoods | regions_unexplored:rocky_meadow | regions_unexplored:spires
dungeons_arise:ceryneian_hind,DungeonsArise-1.21.1-2.1.68-release.jar,data/dungeons_arise/worldgen/structure/ceryneian_hind.json,#dungeons_arise:has_structure/ceryneian_hind_biomes,underground,Other/undetermined,surface_structures,"{""absolute"":-16}",False,dungeons_arise:major_structures,0,0,,,False,forge:is_desert,forge:is_desert,
dungeons_arise:coliseum,DungeonsArise-1.21.1-2.1.68-release.jar,data/dungeons_arise/worldgen/structure/coliseum.json,#dungeons_arise:has_structure/coliseum_biomes,underground,Overworld,surface_structures,"{""absolute"":-3}",beard_box,,10,10,,,False,forge:is_plains,,biomesoplenty:highland | biomesoplenty:pumpkin_patch | biomeswevegone:prairie | biomeswevegone:sakura_grove | natures_spirit:alpine_clearings | natures_spirit:floral_ridges | regions_unexplored:flower_fields | regions_unexplored:grassland | regions_unexplored:orchard | regions_unexplored:rocky_meadow
dungeons_arise:fishing_hut,DungeonsArise-1.21.1-2.1.68-release.jar,data/dungeons_arise/worldgen/structure/fishing_hut.json,#dungeons_arise:has_structure/fishing_hut_biomes,underground,Overworld,surface_structures,"{""absolute"":-2}",False,dungeons_arise:minor_structures,1,1,,,False,,,regions_unexplored:grassy_beach
dungeons_arise:foundry,DungeonsArise-1.21.1-2.1.68-release.jar,data/dungeons_arise/worldgen/structure/foundry.json,#dungeons_arise:has_structure/foundry_biomes,underground,Overworld,underground_structures,"{""absolute"":-10}",False,dungeons_arise:major_structures,30,33,biomeswevegone:prairie | regions_unexplored:flower_fields | regions_unexplored:grassland,,False,forge:is_coniferous | forge:is_mountain,,biomesoplenty:auroral_garden | biomesoplenty:highland | biomesoplenty:hot_springs | biomesoplenty:ominous_woods | biomesoplenty:pumpkin_patch | biomesoplenty:snowblossom_grove | biomesoplenty:volcano | biomeswevegone:bayou | biomeswevegone:crag_gardens | biomeswevegone:ebony_woods | biomeswevegone:frosted_coniferous_forest | biomeswevegone:maple_taiga | biomeswevegone:prairie | biomeswevegone:redwood_thicket | biomeswevegone:sakura_grove | biomeswevegone:shattered_glacier | biomeswevegone:skyris_vale | biomeswevegone:weeping_witch_forest | biomeswevegone:zelkova_forest | natures_spirit:alpine_clearings | natures_spirit:floral_ridges | natures_spirit:windswept_sugi_forest | regions_unexplored:ashen_woodland | regions_unexplored:cold_deciduous_forest | regions_unexplored:flower_fields | regions_unexplored:frozen_pine_taiga | regions_unexplored:grassland | regions_unexplored:icy_heights | regions_unexplored:maple_forest | regions_unexplored:orchard | regions_unexplored:redwoods | regions_unexplored:rocky_meadow | regions_unexplored:spires
dungeons_arise:giant_mushroom,DungeonsArise-1.21.1-2.1.68-release.jar,data/dungeons_arise/worldgen/structure/giant_mushroom.json,#dungeons_arise:has_structure/giant_mushroom_biomes,underground,Overworld,surface_structures,"{""absolute"":-5}",False,,24,24,,,True,,,biomesoplenty:auroral_garden | biomesoplenty:highland | biomesoplenty:ominous_woods | biomesoplenty:pumpkin_patch | biomesoplenty:snowblossom_grove | biomeswevegone:ebony_woods | biomeswevegone:frosted_coniferous_forest | biomeswevegone:prairie | biomeswevegone:redwood_thicket | biomeswevegone:sakura_grove | biomeswevegone:skyris_vale | biomeswevegone:weeping_witch_forest | biomeswevegone:zelkova_forest | natures_spirit:alpine_clearings | natures_spirit:floral_ridges | natures_spirit:windswept_sugi_forest | regions_unexplored:ashen_woodland | regions_unexplored:cold_deciduous_forest | regions_unexplored:flower_fields | regions_unexplored:grassland | regions_unexplored:maple_forest | regions_unexplored:orchard | regions_unexplored:redwoods | regions_unexplored:rocky_meadow
dungeons_arise:greenwood_pub,DungeonsArise-1.21.1-2.1.68-release.jar,data/dungeons_arise/worldgen/structure/greenwood_pub.json,#dungeons_arise:has_structure/greenwood_pub_biomes,underground,Overworld,surface_structures,"{""absolute"":-18}",True,ambient_odyssey:wda_ordinary_land,18,24,biomesoplenty:highland | biomeswevegone:prairie | natures_spirit:alpine_clearings | regions_unexplored:flower_fields | regions_unexplored:grassland | regions_unexplored:rocky_meadow,,False,forge:is_forest,,biomesoplenty:auroral_garden | biomesoplenty:highland | biomesoplenty:ominous_woods | biomesoplenty:pumpkin_patch | biomesoplenty:snowblossom_grove | biomeswevegone:ebony_woods | biomeswevegone:frosted_coniferous_forest | biomeswevegone:prairie | biomeswevegone:redwood_thicket | biomeswevegone:sakura_grove | biomeswevegone:skyris_vale | biomeswevegone:weeping_witch_forest | biomeswevegone:zelkova_forest | natures_spirit:alpine_clearings | natures_spirit:floral_ridges | natures_spirit:windswept_sugi_forest | regions_unexplored:ashen_woodland | regions_unexplored:cold_deciduous_forest | regions_unexplored:flower_fields | regions_unexplored:grassland | regions_unexplored:maple_forest | regions_unexplored:orchard | regions_unexplored:redwoods | regions_unexplored:rocky_meadow
dungeons_arise:heavenly_challenger,DungeonsArise-1.21.1-2.1.68-release.jar,data/dungeons_arise/worldgen/structure/heavenly_challenger.json,#ambient_odyssey:heavenly_end,sky,End,surface_structures,"{""absolute"":200}",False,dungeons_arise:major_structures,20,0,,biomesoplenty:auroral_garden | biomesoplenty:ominous_woods | biomesoplenty:pumpkin_patch | biomesoplenty:snowblossom_grove | biomeswevegone:bayou | biomeswevegone:crag_gardens | biomeswevegone:ebony_woods | biomeswevegone:frosted_coniferous_forest | biomeswevegone:redwood_thicket | biomeswevegone:sakura_grove | biomeswevegone:skyris_vale | biomeswevegone:weeping_witch_forest | biomeswevegone:zelkova_forest | natures_spirit:floral_ridges | natures_spirit:windswept_sugi_forest | regions_unexplored:ashen_woodland | regions_unexplored:cold_deciduous_forest | regions_unexplored:maple_forest | regions_unexplored:orchard | regions_unexplored:redwoods,False,forge:is_forest,,
dungeons_arise:heavenly_conqueror,DungeonsArise-1.21.1-2.1.68-release.jar,data/dungeons_arise/worldgen/structure/heavenly_conqueror.json,#ambient_odyssey:heavenly_end,sky,End,surface_structures,"{""absolute"":200}",False,dungeons_arise:major_structures,20,0,,biomesoplenty:auroral_garden | biomesoplenty:ominous_woods | biomesoplenty:pumpkin_patch | biomesoplenty:snowblossom_grove | biomeswevegone:bayou | biomeswevegone:crag_gardens | biomeswevegone:ebony_woods | biomeswevegone:frosted_coniferous_forest | biomeswevegone:redwood_thicket | biomeswevegone:sakura_grove | biomeswevegone:skyris_vale | biomeswevegone:weeping_witch_forest | biomeswevegone:zelkova_forest | natures_spirit:floral_ridges | natures_spirit:windswept_sugi_forest | regions_unexplored:ashen_woodland | regions_unexplored:cold_deciduous_forest | regions_unexplored:maple_forest | regions_unexplored:orchard | regions_unexplored:redwoods,False,forge:is_forest,,
dungeons_arise:heavenly_rider,DungeonsArise-1.21.1-2.1.68-release.jar,data/dungeons_arise/worldgen/structure/heavenly_rider.json,#ambient_odyssey:heavenly_end,sky,End,surface_structures,"{""absolute"":200}",False,dungeons_arise:major_structures,20,0,,biomesoplenty:auroral_garden | biomesoplenty:ominous_woods | biomesoplenty:pumpkin_patch | biomesoplenty:snowblossom_grove | biomeswevegone:bayou | biomeswevegone:crag_gardens | biomeswevegone:ebony_woods | biomeswevegone:frosted_coniferous_forest | biomeswevegone:redwood_thicket | biomeswevegone:sakura_grove | biomeswevegone:skyris_vale | biomeswevegone:weeping_witch_forest | biomeswevegone:zelkova_forest | natures_spirit:floral_ridges | natures_spirit:windswept_sugi_forest | regions_unexplored:ashen_woodland | regions_unexplored:cold_deciduous_forest | regions_unexplored:maple_forest | regions_unexplored:orchard | regions_unexplored:redwoods,False,forge:is_forest,,
dungeons_arise:illager_campsite,DungeonsArise-1.21.1-2.1.68-release.jar,data/dungeons_arise/worldgen/structure/illager_campsite.json,#dungeons_arise:has_structure/illager_campsite_biomes,surface/other,Overworld,surface_structures,"{""absolute"":0}",beard_thin,ambient_odyssey:wda_ordinary_land,22,21,,biomeswevegone:maple_taiga,False,forge:is_plains | forge:is_snowy,,biomesoplenty:auroral_garden | biomesoplenty:highland | biomesoplenty:pumpkin_patch | biomesoplenty:snowblossom_grove | biomesoplenty:volcano | biomeswevegone:crag_gardens | biomeswevegone:frosted_coniferous_forest | biomeswevegone:prairie | biomeswevegone:sakura_grove | biomeswevegone:shattered_glacier | natures_spirit:alpine_clearings | natures_spirit:floral_ridges | natures_spirit:windswept_sugi_forest | regions_unexplored:cold_deciduous_forest | regions_unexplored:flower_fields | regions_unexplored:frozen_pine_taiga | regions_unexplored:grassland | regions_unexplored:icy_heights | regions_unexplored:orchard | regions_unexplored:rocky_meadow | regions_unexplored:spires
dungeons_arise:illager_corsair,DungeonsArise-1.21.1-2.1.68-release.jar,data/dungeons_arise/worldgen/structure/illager_corsair.json,#dungeons_arise:has_structure/illager_corsair_biomes,surface/other,Overworld,surface_structures,"{""absolute"":0}",False,dungeons_arise:major_structures,3,3,,,False,,,biomeswevegone:lush_stacks | regions_unexplored:hyacinth_deeps | regions_unexplored:rocky_reef
dungeons_arise:illager_fort,DungeonsArise-1.21.1-2.1.68-release.jar,data/dungeons_arise/worldgen/structure/illager_fort.json,#dungeons_arise:has_structure/illager_fort_biomes,underground,Overworld,surface_structures,"{""absolute"":-7}",beard_thin,dungeons_arise:major_structures,16,15,,natures_spirit:alpine_clearings,False,forge:is_coniferous | forge:is_snowy,,biomesoplenty:auroral_garden | biomesoplenty:hot_springs | biomesoplenty:ominous_woods | biomesoplenty:snowblossom_grove | biomeswevegone:frosted_coniferous_forest | biomeswevegone:maple_taiga | biomeswevegone:redwood_thicket | biomeswevegone:shattered_glacier | natures_spirit:windswept_sugi_forest | regions_unexplored:ashen_woodland | regions_unexplored:cold_deciduous_forest | regions_unexplored:frozen_pine_taiga | regions_unexplored:icy_heights | regions_unexplored:redwoods | regions_unexplored:spires
dungeons_arise:illager_galley,DungeonsArise-1.21.1-2.1.68-release.jar,data/dungeons_arise/worldgen/structure/illager_galley.json,#dungeons_arise:has_structure/illager_galley_biomes,surface/other,Overworld,surface_structures,"{""absolute"":0}",False,dungeons_arise:major_structures,3,3,,,False,,,biomeswevegone:lush_stacks | regions_unexplored:hyacinth_deeps | regions_unexplored:rocky_reef
dungeons_arise:illager_windmill,DungeonsArise-1.21.1-2.1.68-release.jar,data/dungeons_arise/worldgen/structure/illager_windmill.json,#dungeons_arise:has_structure/illager_windmill_biomes,underground,Overworld,surface_structures,"{""absolute"":-2}",False,ambient_odyssey:wda_ordinary_land,10,10,,,False,forge:is_plains,,biomesoplenty:highland | biomesoplenty:pumpkin_patch | biomeswevegone:prairie | biomeswevegone:sakura_grove | natures_spirit:alpine_clearings | natures_spirit:floral_ridges | regions_unexplored:flower_fields | regions_unexplored:grassland | regions_unexplored:orchard | regions_unexplored:rocky_meadow
dungeons_arise:infested_temple,DungeonsArise-1.21.1-2.1.68-release.jar,data/dungeons_arise/worldgen/structure/infested_temple.json,#dungeons_arise:has_structure/infested_temple_biomes,underground,Overworld,fluid_springs,"{""absolute"":-32}",,dungeons_arise:major_structures,25,25,,,False,forge:is_coniferous | forge:is_snowy,,biomesoplenty:auroral_garden | biomesoplenty:highland | biomesoplenty:hot_springs | biomesoplenty:ominous_woods | biomesoplenty:pumpkin_patch | biomesoplenty:snowblossom_grove | biomesoplenty:volcano | biomeswevegone:crag_gardens | biomeswevegone:frosted_coniferous_forest | biomeswevegone:lush_stacks | biomeswevegone:maple_taiga | biomeswevegone:redwood_thicket | biomeswevegone:sakura_grove | biomeswevegone:shattered_glacier | natures_spirit:alpine_clearings | natures_spirit:floral_ridges | natures_spirit:windswept_sugi_forest | regions_unexplored:ashen_woodland | regions_unexplored:cold_deciduous_forest | regions_unexplored:flower_fields | regions_unexplored:frozen_pine_taiga | regions_unexplored:icy_heights | regions_unexplored:redwoods | regions_unexplored:rocky_meadow | regions_unexplored:spires
dungeons_arise:jungle_tree_house,DungeonsArise-1.21.1-2.1.68-release.jar,data/dungeons_arise/worldgen/structure/jungle_tree_house.json,#dungeons_arise:has_structure/jungle_tree_house_biomes,underground,Overworld,surface_structures,"{""absolute"":-5}",False,dungeons_arise:minor_structures,3,3,,,False,,,biomeswevegone:bayou | biomeswevegone:crag_gardens | biomeswevegone:ebony_woods
dungeons_arise:keep_kayra,DungeonsArise-1.21.1-2.1.68-release.jar,data/dungeons_arise/worldgen/structure/keep_kayra.json,#dungeons_arise:has_structure/keep_kayra_biomes,surface/other,Overworld,surface_structures,"{""absolute"":54}",,dungeons_arise:major_structures,4,4,,,False,forge:is_swamp,,biomesoplenty:hot_springs | biomeswevegone:bayou | regions_unexplored:fen | regions_unexplored:marsh
dungeons_arise:kisegi_sanctuary,DungeonsArise-1.21.1-2.1.68-release.jar,data/dungeons_arise/worldgen/structure/kisegi_sanctuary.json,#dungeons_arise:has_structure/kisegi_sanctuary_biomes,underground,Overworld,fluid_springs,"{""absolute"":-32}",,dungeons_arise:major_structures,17,18,biomesoplenty:snowblossom_grove,,False,forge:is_plains,,biomesoplenty:highland | biomesoplenty:pumpkin_patch | biomesoplenty:snowblossom_grove | biomesoplenty:volcano | biomeswevegone:crag_gardens | biomeswevegone:lush_stacks | biomeswevegone:prairie | biomeswevegone:sakura_grove | biomeswevegone:shattered_glacier | natures_spirit:alpine_clearings | natures_spirit:floral_ridges | natures_spirit:windswept_sugi_forest | regions_unexplored:flower_fields | regions_unexplored:grassland | regions_unexplored:icy_heights | regions_unexplored:orchard | regions_unexplored:rocky_meadow | regions_unexplored:spires
dungeons_arise:lighthouse,DungeonsArise-1.21.1-2.1.68-release.jar,data/dungeons_arise/worldgen/structure/lighthouse.json,#dungeons_arise:has_structure/lighthouse_biomes,underground,Overworld,surface_structures,"{""absolute"":-1}",False,dungeons_arise:minor_structures,11,11,,,False,forge:is_plains,,biomesoplenty:highland | biomesoplenty:pumpkin_patch | biomeswevegone:prairie | biomeswevegone:sakura_grove | natures_spirit:alpine_clearings | natures_spirit:floral_ridges | regions_unexplored:flower_fields | regions_unexplored:grassland | regions_unexplored:grassy_beach | regions_unexplored:orchard | regions_unexplored:rocky_meadow
dungeons_arise:mechanical_nest,DungeonsArise-1.21.1-2.1.68-release.jar,data/dungeons_arise/worldgen/structure/mechanical_nest.json,#dungeons_arise:has_structure/mechanical_nest_biomes,sky,Overworld,surface_structures,"{""absolute"":190}",False,dungeons_arise:major_structures,18,22,biomesoplenty:hot_springs | biomeswevegone:bayou | regions_unexplored:fen | regions_unexplored:marsh,,False,forge:is_forest,,biomesoplenty:auroral_garden | biomesoplenty:hot_springs | biomesoplenty:ominous_woods | biomesoplenty:pumpkin_patch | biomesoplenty:snowblossom_grove | biomeswevegone:bayou | biomeswevegone:ebony_woods | biomeswevegone:frosted_coniferous_forest | biomeswevegone:redwood_thicket | biomeswevegone:sakura_grove | biomeswevegone:skyris_vale | biomeswevegone:weeping_witch_forest | biomeswevegone:zelkova_forest | natures_spirit:floral_ridges | natures_spirit:windswept_sugi_forest | regions_unexplored:ashen_woodland | regions_unexplored:cold_deciduous_forest | regions_unexplored:fen | regions_unexplored:maple_forest | regions_unexplored:marsh | regions_unexplored:orchard | regions_unexplored:redwoods
dungeons_arise:merchant_campsite,DungeonsArise-1.21.1-2.1.68-release.jar,data/dungeons_arise/worldgen/structure/merchant_campsite.json,#dungeons_arise:has_structure/merchant_campsite_biomes,surface/other,Overworld,surface_structures,"{""absolute"":0}",beard_thin,ambient_odyssey:wda_ordinary_land,10,10,,,False,forge:is_plains,,biomesoplenty:highland | biomesoplenty:pumpkin_patch | biomeswevegone:prairie | biomeswevegone:sakura_grove | natures_spirit:alpine_clearings | natures_spirit:floral_ridges | regions_unexplored:flower_fields | regions_unexplored:grassland | regions_unexplored:orchard | regions_unexplored:rocky_meadow
dungeons_arise:mining_complex,DungeonsArise-1.21.1-2.1.68-release.jar,data/dungeons_arise/worldgen/structure/mining_complex.json,#dungeons_arise:has_structure/mining_complex_biomes,underground,Overworld,underground_structures,"{""absolute"":-5}",bury,dungeons_arise:major_structures,23,30,biomesoplenty:highland | biomeswevegone:prairie | biomeswevegone:shattered_glacier | natures_spirit:alpine_clearings | regions_unexplored:flower_fields | regions_unexplored:grassland | regions_unexplored:rocky_meadow,,False,forge:is_coniferous | forge:is_forest,,biomesoplenty:auroral_garden | biomesoplenty:highland | biomesoplenty:hot_springs | biomesoplenty:ominous_woods | biomesoplenty:pumpkin_patch | biomesoplenty:snowblossom_grove | biomeswevegone:bayou | biomeswevegone:crag_gardens | biomeswevegone:ebony_woods | biomeswevegone:frosted_coniferous_forest | biomeswevegone:maple_taiga | biomeswevegone:prairie | biomeswevegone:redwood_thicket | biomeswevegone:sakura_grove | biomeswevegone:shattered_glacier | biomeswevegone:skyris_vale | biomeswevegone:weeping_witch_forest | biomeswevegone:zelkova_forest | natures_spirit:alpine_clearings | natures_spirit:floral_ridges | natures_spirit:windswept_sugi_forest | regions_unexplored:ashen_woodland | regions_unexplored:cold_deciduous_forest | regions_unexplored:flower_fields | regions_unexplored:frozen_pine_taiga | regions_unexplored:grassland | regions_unexplored:maple_forest | regions_unexplored:orchard | regions_unexplored:redwoods | regions_unexplored:rocky_meadow
dungeons_arise:mining_system,DungeonsArise-1.21.1-2.1.68-release.jar,data/dungeons_arise/worldgen/structure/mining_system.json,#dungeons_arise:has_structure/mining_system_biomes,underground,Other/undetermined,underground_structures,"{""absolute"":5}",bury,,0,0,,,False,,,
dungeons_arise:monastery,DungeonsArise-1.21.1-2.1.68-release.jar,data/dungeons_arise/worldgen/structure/monastery.json,#dungeons_arise:has_structure/monastery_biomes,surface/other,Overworld,surface_structures,"{""absolute"":0}",beard_thin,dungeons_arise:major_structures,20,20,,,False,forge:is_coniferous | forge:is_mountain,,biomesoplenty:auroral_garden | biomesoplenty:highland | biomesoplenty:hot_springs | biomesoplenty:ominous_woods | biomesoplenty:volcano | biomeswevegone:crag_gardens | biomeswevegone:frosted_coniferous_forest | biomeswevegone:maple_taiga | biomeswevegone:redwood_thicket | biomeswevegone:shattered_glacier | natures_spirit:alpine_clearings | natures_spirit:floral_ridges | natures_spirit:windswept_sugi_forest | regions_unexplored:ashen_woodland | regions_unexplored:cold_deciduous_forest | regions_unexplored:frozen_pine_taiga | regions_unexplored:icy_heights | regions_unexplored:redwoods | regions_unexplored:rocky_meadow | regions_unexplored:spires
dungeons_arise:mushroom_house,DungeonsArise-1.21.1-2.1.68-release.jar,data/dungeons_arise/worldgen/structure/mushroom_house.json,#dungeons_arise:has_structure/mushroom_house_biomes,surface/other,Overworld,surface_structures,"{""absolute"":0}",beard_thin,ambient_odyssey:wda_ordinary_land,18,18,,,False,forge:is_forest,,biomesoplenty:auroral_garden | biomesoplenty:ominous_woods | biomesoplenty:pumpkin_patch | biomesoplenty:snowblossom_grove | biomeswevegone:ebony_woods | biomeswevegone:frosted_coniferous_forest | biomeswevegone:redwood_thicket | biomeswevegone:sakura_grove | biomeswevegone:skyris_vale | biomeswevegone:weeping_witch_forest | biomeswevegone:zelkova_forest | natures_spirit:floral_ridges | natures_spirit:windswept_sugi_forest | regions_unexplored:ashen_woodland | regions_unexplored:cold_deciduous_forest | regions_unexplored:maple_forest | regions_unexplored:orchard | regions_unexplored:redwoods
dungeons_arise:mushroom_mines,DungeonsArise-1.21.1-2.1.68-release.jar,data/dungeons_arise/worldgen/structure/mushroom_mines.json,#dungeons_arise:has_structure/mushroom_mines_biomes,underground,Overworld,surface_structures,"{""absolute"":-8}",True,dungeons_arise:major_structures,18,18,,,False,forge:is_forest,,biomesoplenty:auroral_garden | biomesoplenty:ominous_woods | biomesoplenty:pumpkin_patch | biomesoplenty:snowblossom_grove | biomeswevegone:ebony_woods | biomeswevegone:frosted_coniferous_forest | biomeswevegone:redwood_thicket | biomeswevegone:sakura_grove | biomeswevegone:skyris_vale | biomeswevegone:weeping_witch_forest | biomeswevegone:zelkova_forest | natures_spirit:floral_ridges | natures_spirit:windswept_sugi_forest | regions_unexplored:ashen_woodland | regions_unexplored:cold_deciduous_forest | regions_unexplored:maple_forest | regions_unexplored:orchard | regions_unexplored:redwoods
dungeons_arise:mushroom_village,DungeonsArise-1.21.1-2.1.68-release.jar,data/dungeons_arise/worldgen/structure/mushroom_village.json,#dungeons_arise:has_structure/mushroom_village_biomes,surface/other,Overworld,surface_structures,"{""absolute"":0}",beard_thin,dungeons_arise:major_structures,18,18,,,False,forge:is_forest,,biomesoplenty:auroral_garden | biomesoplenty:ominous_woods | biomesoplenty:pumpkin_patch | biomesoplenty:snowblossom_grove | biomeswevegone:ebony_woods | biomeswevegone:frosted_coniferous_forest | biomeswevegone:redwood_thicket | biomeswevegone:sakura_grove | biomeswevegone:skyris_vale | biomeswevegone:weeping_witch_forest | biomeswevegone:zelkova_forest | natures_spirit:floral_ridges | natures_spirit:windswept_sugi_forest | regions_unexplored:ashen_woodland | regions_unexplored:cold_deciduous_forest | regions_unexplored:maple_forest | regions_unexplored:orchard | regions_unexplored:redwoods
dungeons_arise:plague_asylum,DungeonsArise-1.21.1-2.1.68-release.jar,data/dungeons_arise/worldgen/structure/plague_asylum.json,#dungeons_arise:has_structure/plague_asylum_biomes,surface/other,Overworld,strongholds,"{""absolute"":0}",bury,dungeons_arise:major_structures,28,28,,,False,forge:is_coniferous | forge:is_forest | forge:is_mountain,,biomesoplenty:auroral_garden | biomesoplenty:highland | biomesoplenty:ominous_woods | biomesoplenty:pumpkin_patch | biomesoplenty:snowblossom_grove | biomesoplenty:volcano | biomeswevegone:crag_gardens | biomeswevegone:ebony_woods | biomeswevegone:frosted_coniferous_forest | biomeswevegone:maple_taiga | biomeswevegone:redwood_thicket | biomeswevegone:sakura_grove | biomeswevegone:shattered_glacier | biomeswevegone:skyris_vale | biomeswevegone:weeping_witch_forest | biomeswevegone:zelkova_forest | natures_spirit:alpine_clearings | natures_spirit:floral_ridges | natures_spirit:windswept_sugi_forest | regions_unexplored:ashen_woodland | regions_unexplored:cold_deciduous_forest | regions_unexplored:frozen_pine_taiga | regions_unexplored:icy_heights | regions_unexplored:maple_forest | regions_unexplored:orchard | regions_unexplored:redwoods | regions_unexplored:rocky_meadow | regions_unexplored:spires
dungeons_arise:scorched_mines,DungeonsArise-1.21.1-2.1.68-release.jar,data/dungeons_arise/worldgen/structure/scorched_mines.json,#dungeons_arise:has_structure/scorched_mines_biomes,underground,Other/undetermined,surface_structures,"{""absolute"":-14}",False,dungeons_arise:major_structures,0,0,,,False,forge:is_desert,forge:is_desert,
dungeons_arise:shiraz_palace,DungeonsArise-1.21.1-2.1.68-release.jar,data/dungeons_arise/worldgen/structure/shiraz_palace.json,#dungeons_arise:has_structure/shiraz_palace_biomes,surface/other,Other/undetermined,surface_structures,"{""absolute"":16}",False,dungeons_arise:major_structures,0,0,,,False,forge:is_desert,forge:is_desert,
dungeons_arise:small_blimp,DungeonsArise-1.21.1-2.1.68-release.jar,data/dungeons_arise/worldgen/structure/small_blimp.json,#dungeons_arise:has_structure/small_blimp_biomes,surface/other,Overworld,surface_structures,"{""absolute"":20}",False,,29,30,biomeswevegone:shattered_glacier,,False,forge:is_coniferous | forge:is_forest | forge:is_plains,,biomesoplenty:auroral_garden | biomesoplenty:highland | biomesoplenty:hot_springs | biomesoplenty:ominous_woods | biomesoplenty:pumpkin_patch | biomesoplenty:snowblossom_grove | biomeswevegone:bayou | biomeswevegone:crag_gardens | biomeswevegone:ebony_woods | biomeswevegone:frosted_coniferous_forest | biomeswevegone:maple_taiga | biomeswevegone:prairie | biomeswevegone:redwood_thicket | biomeswevegone:sakura_grove | biomeswevegone:shattered_glacier | biomeswevegone:skyris_vale | biomeswevegone:weeping_witch_forest | biomeswevegone:zelkova_forest | natures_spirit:alpine_clearings | natures_spirit:floral_ridges | natures_spirit:windswept_sugi_forest | regions_unexplored:ashen_woodland | regions_unexplored:cold_deciduous_forest | regions_unexplored:flower_fields | regions_unexplored:frozen_pine_taiga | regions_unexplored:grassland | regions_unexplored:maple_forest | regions_unexplored:orchard | regions_unexplored:redwoods | regions_unexplored:rocky_meadow
dungeons_arise:thornborn_towers,DungeonsArise-1.21.1-2.1.68-release.jar,data/dungeons_arise/worldgen/structure/thornborn_towers.json,#dungeons_arise:has_structure/thornborn_towers_biomes,surface/other,Overworld,surface_structures,"{""absolute"":130}",False,dungeons_arise:major_structures,18,18,,,False,forge:is_forest,,biomesoplenty:auroral_garden | biomesoplenty:ominous_woods | biomesoplenty:pumpkin_patch | biomesoplenty:snowblossom_grove | biomeswevegone:ebony_woods | biomeswevegone:frosted_coniferous_forest | biomeswevegone:redwood_thicket | biomeswevegone:sakura_grove | biomeswevegone:skyris_vale | biomeswevegone:weeping_witch_forest | biomeswevegone:zelkova_forest | natures_spirit:floral_ridges | natures_spirit:windswept_sugi_forest | regions_unexplored:ashen_woodland | regions_unexplored:cold_deciduous_forest | regions_unexplored:maple_forest | regions_unexplored:orchard | regions_unexplored:redwoods
dungeons_arise:typhon,DungeonsArise-1.21.1-2.1.68-release.jar,data/dungeons_arise/worldgen/structure/typhon.json,#dungeons_arise:has_structure/typhon_biomes,underground,Overworld,surface_structures,"{""absolute"":-4}",False,dungeons_arise:major_structures,3,3,,,False,,,biomeswevegone:lush_stacks | regions_unexplored:hyacinth_deeps | regions_unexplored:rocky_reef
dungeons_arise:undead_pirate_ship,DungeonsArise-1.21.1-2.1.68-release.jar,data/dungeons_arise/worldgen/structure/undead_pirate_ship.json,#dungeons_arise:has_structure/undead_pirate_ship_biomes,surface/other,Overworld,surface_structures,"{""absolute"":0}",False,dungeons_arise:major_structures,3,3,,,False,,,biomeswevegone:lush_stacks | regions_unexplored:hyacinth_deeps | regions_unexplored:rocky_reef
dungeons_arise:wishing_well,DungeonsArise-1.21.1-2.1.68-release.jar,data/dungeons_arise/worldgen/structure/wishing_well.json,#dungeons_arise:has_structure/wishing_well_biomes,underground,Overworld,surface_structures,"{""absolute"":-7}",False,dungeons_arise:minor_structures,10,10,,,False,forge:is_plains,,biomesoplenty:highland | biomesoplenty:pumpkin_patch | biomeswevegone:prairie | biomeswevegone:sakura_grove | natures_spirit:alpine_clearings | natures_spirit:floral_ridges | regions_unexplored:flower_fields | regions_unexplored:grassland | regions_unexplored:orchard | regions_unexplored:rocky_meadow
dungeons_arise_seven_seas:corsair_corvette,DungeonsAriseSevenSeas-1.21.x-1.0.4-neoforge.jar,data/dungeons_arise_seven_seas/worldgen/structure/corsair_corvette.json,#dungeons_arise_seven_seas:has_structure/corsair_corvette_biomes,underground,Overworld,surface_structures,"{""absolute"":-2}",False,dungeons_arise_seven_seas:minor_structures,3,3,,,False,,,biomeswevegone:lush_stacks | regions_unexplored:hyacinth_deeps | regions_unexplored:rocky_reef
dungeons_arise_seven_seas:pirate_junk,DungeonsAriseSevenSeas-1.21.x-1.0.4-neoforge.jar,data/dungeons_arise_seven_seas/worldgen/structure/pirate_junk.json,#dungeons_arise_seven_seas:has_structure/pirate_junk_biomes,surface/other,Overworld,surface_structures,"{""absolute"":0}",False,dungeons_arise_seven_seas:minor_structures,3,3,,,False,,,biomeswevegone:lush_stacks | regions_unexplored:hyacinth_deeps | regions_unexplored:rocky_reef
dungeons_arise_seven_seas:small_yacht,DungeonsAriseSevenSeas-1.21.x-1.0.4-neoforge.jar,data/dungeons_arise_seven_seas/worldgen/structure/small_yacht.json,#dungeons_arise_seven_seas:has_structure/small_yacht_biomes,underground,Overworld,surface_structures,"{""absolute"":-3}",False,dungeons_arise_seven_seas:minor_structures,3,3,,,False,,,biomeswevegone:lush_stacks | regions_unexplored:hyacinth_deeps | regions_unexplored:rocky_reef
dungeons_arise_seven_seas:unicorn_galleon,DungeonsAriseSevenSeas-1.21.x-1.0.4-neoforge.jar,data/dungeons_arise_seven_seas/worldgen/structure/unicorn_galleon.json,#dungeons_arise_seven_seas:has_structure/unicorn_galleon_biomes,underground,Overworld,surface_structures,"{""absolute"":-4}",False,dungeons_arise_seven_seas:minor_structures,3,3,,,False,,,biomeswevegone:lush_stacks | regions_unexplored:hyacinth_deeps | regions_unexplored:rocky_reef
dungeons_arise_seven_seas:victory_frigate,DungeonsAriseSevenSeas-1.21.x-1.0.4-neoforge.jar,data/dungeons_arise_seven_seas/worldgen/structure/victory_frigate.json,#dungeons_arise_seven_seas:has_structure/victory_frigate_biomes,underground,Overworld,surface_structures,"{""absolute"":-1}",False,dungeons_arise_seven_seas:minor_structures,3,3,,,False,,,biomeswevegone:lush_stacks | regions_unexplored:hyacinth_deeps | regions_unexplored:rocky_reef
echoes_of_the_end__structures_:crying_obsidian_tower,echoes_of_the_end__structures NeoForge Fabric 1.21.1 -12.00.13.jar,data/echoes_of_the_end__structures_/worldgen/structure/crying_obsidian_tower.json,"[""minecraft:end_barrens"", ""minecraft:end_highlands"", ""minecraft:end_midlands""]",surface/other,End,surface_structures,"{""absolute"":0}",beard_box,echoes_of_the_end__structures_:crying_obsidian_tower,0,0,,,True,,,
echoes_of_the_end__structures_:end_camp,echoes_of_the_end__structures NeoForge Fabric 1.21.1 -12.00.13.jar,data/echoes_of_the_end__structures_/worldgen/structure/end_camp.json,"[""minecraft:end_barrens"", ""minecraft:the_end"", ""minecraft:end_highlands"", ""minecraft:end_midlands""]",surface/other,End,surface_structures,"{""absolute"":0}",beard_thin,echoes_of_the_end__structures_:end_camp,0,0,,,True,,,
echoes_of_the_end__structures_:end_dungeon_tower,echoes_of_the_end__structures NeoForge Fabric 1.21.1 -12.00.13.jar,data/echoes_of_the_end__structures_/worldgen/structure/end_dungeon_tower.json,#minecraft:is_end,surface/other,Other/undetermined,surface_structures,"{""absolute"":0}",beard_box,echoes_of_the_end__structures_:end_dungeon_tower,0,0,,,False,,,
echoes_of_the_end__structures_:end_enchanted_temple,echoes_of_the_end__structures NeoForge Fabric 1.21.1 -12.00.13.jar,data/echoes_of_the_end__structures_/worldgen/structure/end_enchanted_temple.json,"[""minecraft:end_barrens"", ""minecraft:end_highlands"", ""minecraft:end_midlands""]",surface/other,End,surface_structures,"{""absolute"":0}",beard_box,echoes_of_the_end__structures_:end_enchanted_temple,0,0,,,True,,,
echoes_of_the_end__structures_:end_pillar,echoes_of_the_end__structures NeoForge Fabric 1.21.1 -12.00.13.jar,data/echoes_of_the_end__structures_/worldgen/structure/end_pillar.json,"[""minecraft:end_barrens"", ""minecraft:end_highlands"", ""minecraft:end_midlands""]",surface/other,End,surface_structures,"{""absolute"":0}",beard_box,echoes_of_the_end__structures_:end_pillar,0,0,,,True,,,
echoes_of_the_end__structures_:end_shulker_tower,echoes_of_the_end__structures NeoForge Fabric 1.21.1 -12.00.13.jar,data/echoes_of_the_end__structures_/worldgen/structure/end_shulker_tower.json,"[""minecraft:end_highlands"", ""minecraft:end_midlands"", ""minecraft:end_barrens""]",surface/other,End,surface_structures,"{""absolute"":0}",beard_box,echoes_of_the_end__structures_:end_shulker_tower,0,0,,,True,,,
echoes_of_the_end__structures_:end_temple,echoes_of_the_end__structures NeoForge Fabric 1.21.1 -12.00.13.jar,data/echoes_of_the_end__structures_/worldgen/structure/end_temple.json,"[""minecraft:end_barrens"", ""minecraft:end_highlands"", ""minecraft:end_midlands""]",surface/other,End,surface_structures,"{""absolute"":0}",beard_box,echoes_of_the_end__structures_:end_temple,0,0,,,True,,,
echoes_of_the_end__structures_:end_warship,echoes_of_the_end__structures NeoForge Fabric 1.21.1 -12.00.13.jar,data/echoes_of_the_end__structures_/worldgen/structure/end_warship.json,#minecraft:is_end,surface/other,Other/undetermined,surface_structures,"{""max_inclusive"":{""absolute"":220},""min_inclusive"":{""absolute"":100},""type"":""minecraft:uniform""}",none,echoes_of_the_end__structures_:end_warship,0,0,,,False,,,
echoes_of_the_end__structures_:end_well,echoes_of_the_end__structures NeoForge Fabric 1.21.1 -12.00.13.jar,data/echoes_of_the_end__structures_/worldgen/structure/end_well.json,"[""minecraft:end_highlands"", ""minecraft:end_midlands"", ""minecraft:end_barrens""]",surface/other,End,surface_structures,"{""absolute"":0}",beard_thin,echoes_of_the_end__structures_:end_well,0,0,,,True,,,
end_villager_outpost:end_villager_outpost,end_villager_outpost-1.0.0-neoforge-1.21.1.jar,data/end_villager_outpost/worldgen/structure/end_villager_outpost.json,"[""end_barrens"", ""end_highlands"", ""end_midlands"", ""small_end_islands""]",surface/other,End,surface_structures,"{""max_inclusive"":{""absolute"":160},""min_inclusive"":{""absolute"":130},""type"":""minecraft:uniform""}",none,end_villager_outpost:end_villager_outpost,0,0,,,True,,,
enigmaticlegacyplus:spellstone_hut,enigmaticlegacyplus-1.21.1-1.1.2.jar,data/enigmaticlegacyplus/worldgen/structure/spellstone_hut.json,#enigmaticlegacyplus:has_structure/spellstone_hut,underground,Overworld,underground_structures,{},bury,enigmaticlegacyplus:spellstone_hut,30,33,biomeswevegone:prairie | regions_unexplored:flower_fields | regions_unexplored:grassland,,False,,,biomesoplenty:auroral_garden | biomesoplenty:highland | biomesoplenty:ominous_woods | biomesoplenty:pumpkin_patch | biomesoplenty:snowblossom_grove | biomesoplenty:volcano | biomeswevegone:bayou | biomeswevegone:crag_gardens | biomeswevegone:ebony_woods | biomeswevegone:frosted_coniferous_forest | biomeswevegone:lush_stacks | biomeswevegone:prairie | biomeswevegone:redwood_thicket | biomeswevegone:sakura_grove | biomeswevegone:shattered_glacier | biomeswevegone:skyris_vale | biomeswevegone:weeping_witch_forest | biomeswevegone:zelkova_forest | natures_spirit:alpine_clearings | natures_spirit:floral_ridges | natures_spirit:windswept_sugi_forest | regions_unexplored:ashen_woodland | regions_unexplored:cold_deciduous_forest | regions_unexplored:flower_fields | regions_unexplored:grassland | regions_unexplored:hyacinth_deeps | regions_unexplored:icy_heights | regions_unexplored:maple_forest | regions_unexplored:orchard | regions_unexplored:redwoods | regions_unexplored:rocky_meadow | regions_unexplored:rocky_reef | regions_unexplored:spires
eternal_starlight:cursed_garden,eternalstarlight-0.9.1+1.21.1+neoforge.jar,data/eternal_starlight/worldgen/structure/cursed_garden.json,#eternal_starlight:has_cursed_garden,surface/other,Other/undetermined,surface_structures,{},beard_thin,eternal_starlight:cursed_garden,0,0,,,False,,,
eternal_starlight:golem_forge,eternalstarlight-0.9.1+1.21.1+neoforge.jar,data/eternal_starlight/worldgen/structure/golem_forge.json,#eternal_starlight:has_golem_forge,underground,Other/undetermined,underground_structures,"{""above_bottom"":48}",beard_thin,eternal_starlight:golem_forge,0,0,,,False,,,
eternal_starlight:portal_ruins_cold,eternalstarlight-0.9.1+1.21.1+neoforge.jar,data/eternal_starlight/worldgen/structure/portal_ruins_cold.json,#eternal_starlight:has_portal_ruins_cold,surface/other,Overworld,surface_structures,"{""absolute"":0}",beard_thin,eternal_starlight:portal_ruins_cold,16,16,,,False,,,biomesoplenty:auroral_garden | biomesoplenty:hot_springs | biomesoplenty:ominous_woods | biomesoplenty:snowblossom_grove | biomeswevegone:frosted_coniferous_forest | biomeswevegone:maple_taiga | biomeswevegone:shattered_glacier | biomeswevegone:skyris_vale | biomeswevegone:weeping_witch_forest | biomeswevegone:zelkova_forest | natures_spirit:alpine_clearings | regions_unexplored:cold_deciduous_forest | regions_unexplored:frozen_pine_taiga | regions_unexplored:hyacinth_deeps | regions_unexplored:icy_heights | regions_unexplored:spires
eternal_starlight:portal_ruins_common,eternalstarlight-0.9.1+1.21.1+neoforge.jar,data/eternal_starlight/worldgen/structure/portal_ruins_common.json,#eternal_starlight:has_portal_ruins_common,surface/other,Overworld,surface_structures,"{""absolute"":0}",beard_thin,eternal_starlight:portal_ruins_common,10,10,,,False,,,biomesoplenty:highland | biomesoplenty:pumpkin_patch | biomeswevegone:prairie | biomeswevegone:sakura_grove | natures_spirit:alpine_clearings | natures_spirit:floral_ridges | regions_unexplored:flower_fields | regions_unexplored:grassland | regions_unexplored:orchard | regions_unexplored:rocky_meadow
eternal_starlight:portal_ruins_desert,eternalstarlight-0.9.1+1.21.1+neoforge.jar,data/eternal_starlight/worldgen/structure/portal_ruins_desert.json,#eternal_starlight:has_portal_ruins_desert,surface/other,Other/undetermined,surface_structures,"{""absolute"":0}",beard_thin,eternal_starlight:portal_ruins_desert,0,0,,,False,c:is_badlands,c:is_badlands,
eternal_starlight:portal_ruins_forest,eternalstarlight-0.9.1+1.21.1+neoforge.jar,data/eternal_starlight/worldgen/structure/portal_ruins_forest.json,#eternal_starlight:has_portal_ruins_forest,surface/other,Overworld,surface_structures,"{""absolute"":0}",beard_thin,eternal_starlight:portal_ruins_forest,16,16,,,False,,,biomesoplenty:auroral_garden | biomesoplenty:ominous_woods | biomesoplenty:snowblossom_grove | biomeswevegone:ebony_woods | biomeswevegone:frosted_coniferous_forest | biomeswevegone:redwood_thicket | biomeswevegone:sakura_grove | biomeswevegone:skyris_vale | biomeswevegone:weeping_witch_forest | biomeswevegone:zelkova_forest | natures_spirit:windswept_sugi_forest | regions_unexplored:ashen_woodland | regions_unexplored:cold_deciduous_forest | regions_unexplored:maple_forest | regions_unexplored:orchard | regions_unexplored:redwoods
eternal_starlight:portal_ruins_jungle,eternalstarlight-0.9.1+1.21.1+neoforge.jar,data/eternal_starlight/worldgen/structure/portal_ruins_jungle.json,#eternal_starlight:has_portal_ruins_jungle,surface/other,Overworld,surface_structures,"{""absolute"":0}",beard_thin,eternal_starlight:portal_ruins_jungle,3,3,,,False,,,biomeswevegone:bayou | biomeswevegone:crag_gardens | biomeswevegone:ebony_woods
eternal_starlight:stranghoul_den,eternalstarlight-0.9.1+1.21.1+neoforge.jar,data/eternal_starlight/worldgen/structure/stranghoul_den.json,#eternal_starlight:has_stranghoul_den,surface/other,Other/undetermined,surface_structures,{},,eternal_starlight:stranghoul_den,0,0,,,False,,,
explore_ruins_aether:holy_shrine,explore_ruins_aether-1.0.0-neoforge-1.21.1.jar,data/explore_ruins_aether/worldgen/structure/holy_shrine.json,#aether:is_aether,surface/other,Aether,surface_structures,"{""max_inclusive"":{""below_top"":25},""min_inclusive"":{""absolute"":40},""type"":""minecraft:uniform""}",none,explore_ruins_aether:aether_structures,0,0,,,False,,,
explore_ruins_aether:holystone_circle,explore_ruins_aether-1.0.0-neoforge-1.21.1.jar,data/explore_ruins_aether/worldgen/structure/holystone_circle.json,#aether:is_aether,surface/other,Aether,surface_structures,"{""max_inclusive"":{""below_top"":20},""min_inclusive"":{""absolute"":30},""type"":""minecraft:uniform""}",none,explore_ruins_aether:aether_structures,0,0,,,False,,,
explore_ruins_aether:moa_nest,explore_ruins_aether-1.0.0-neoforge-1.21.1.jar,data/explore_ruins_aether/worldgen/structure/moa_nest.json,#aether:is_aether,surface/other,Aether,surface_structures,"{""max_inclusive"":{""below_top"":22},""min_inclusive"":{""absolute"":50},""type"":""minecraft:uniform""}",none,explore_ruins_aether:aether_structures,0,0,,,False,,,
explore_ruins_aether:sky_lake,explore_ruins_aether-1.0.0-neoforge-1.21.1.jar,data/explore_ruins_aether/worldgen/structure/sky_lake.json,#aether:is_aether,surface/other,Aether,surface_structures,"{""max_inclusive"":{""below_top"":27},""min_inclusive"":{""absolute"":43},""type"":""minecraft:uniform""}",none,explore_ruins_aether:aether_structures,0,0,,,False,,,
explore_ruins_aether:small_hellfire_dungeon,explore_ruins_aether-1.0.0-neoforge-1.21.1.jar,data/explore_ruins_aether/worldgen/structure/small_hellfire_dungeon.json,#aether:is_aether,surface/other,Aether,surface_structures,"{""max_inclusive"":{""below_top"":30},""min_inclusive"":{""absolute"":65},""type"":""minecraft:uniform""}",none,explore_ruins_aether:aether_structures,0,0,,,False,,,
explore_ruins_aether:valkyrie_library,explore_ruins_aether-1.0.0-neoforge-1.21.1.jar,data/explore_ruins_aether/worldgen/structure/valkyrie_library.json,#aether:is_aether,surface/other,Aether,surface_structures,"{""max_inclusive"":{""below_top"":32},""min_inclusive"":{""absolute"":48},""type"":""minecraft:uniform""}",none,explore_ruins_aether:aether_structures,0,0,,,False,,,
explore_ruins_aether:valkyrie_ship,explore_ruins_aether-1.0.0-neoforge-1.21.1.jar,data/explore_ruins_aether/worldgen/structure/valkyrie_ship.json,#aether:is_aether,surface/other,Aether,surface_structures,"{""max_inclusive"":{""below_top"":30},""min_inclusive"":{""absolute"":100},""type"":""minecraft:uniform""}",none,explore_ruins_aether:aether_structures,0,0,,,False,,,
farmers_structures:aether,FarmersStructures-1.0.6-1.21.1_neoforge.jar,data/farmers_structures/worldgen/structure/aether.json,#farmers_structures:is_aether_spawn,surface/other,Aether,surface_structures,"{""max_inclusive"":{""below_top"":30},""min_inclusive"":{""absolute"":100},""type"":""minecraft:uniform""}",none,farmers_structures:aethers_with_all,0,0,,,False,,,
farmers_structures:afterdark_farms,FarmersStructures-1.0.6-1.21.1_neoforge.jar,data/farmers_structures/worldgen/structure/afterdark_farms.json,#farmers_structures:is_afterdark_farm_spawn,underground,Other/undetermined,underground_structures,"{""max_inclusive"":{""absolute"":100},""min_inclusive"":{""absolute"":1},""type"":""minecraft:uniform""}",none,farmers_structures:afterdark_farms_with_all,0,0,,,False,,,
farmers_structures:aquacultures_beach,FarmersStructures-1.0.6-1.21.1_neoforge.jar,data/farmers_structures/worldgen/structure/aquacultures_beach.json,#farmers_structures:is_aquaculture_beach_spawn,surface/other,Overworld,surface_structures,"{""absolute"":57}",,farmers_structures:aquacultures_beach_with_all,1,1,,,False,,,regions_unexplored:grassy_beach
farmers_structures:aquacultures_cod,FarmersStructures-1.0.6-1.21.1_neoforge.jar,data/farmers_structures/worldgen/structure/aquacultures_cod.json,#farmers_structures:is_aquaculture_cod_spawn,underground,Overworld,surface_structures,"{""absolute"":-4}",none,farmers_structures:aquacultures_cod_with_all,18,24,biomesoplenty:highland | biomeswevegone:prairie | natures_spirit:alpine_clearings | regions_unexplored:flower_fields | regions_unexplored:grassland | regions_unexplored:rocky_meadow,,False,c:savanna | forge:is_forest | forge:savanna,c:savanna | forge:savanna,biomesoplenty:auroral_garden | biomesoplenty:highland | biomesoplenty:ominous_woods | biomesoplenty:pumpkin_patch | biomesoplenty:snowblossom_grove | biomeswevegone:ebony_woods | biomeswevegone:frosted_coniferous_forest | biomeswevegone:prairie | biomeswevegone:redwood_thicket | biomeswevegone:sakura_grove | biomeswevegone:skyris_vale | biomeswevegone:weeping_witch_forest | biomeswevegone:zelkova_forest | natures_spirit:alpine_clearings | natures_spirit:floral_ridges | natures_spirit:windswept_sugi_forest | regions_unexplored:ashen_woodland | regions_unexplored:cold_deciduous_forest | regions_unexplored:flower_fields | regions_unexplored:grassland | regions_unexplored:maple_forest | regions_unexplored:orchard | regions_unexplored:redwoods | regions_unexplored:rocky_meadow
farmers_structures:aquacultures_common,FarmersStructures-1.0.6-1.21.1_neoforge.jar,data/farmers_structures/worldgen/structure/aquacultures_common.json,#farmers_structures:is_aquaculture_common_spawn,surface/other,Overworld,surface_structures,"{""absolute"":0}",beard_thin,farmers_structures:aquacultures_common_with_all,26,29,biomeswevegone:prairie | regions_unexplored:flower_fields | regions_unexplored:grassland,,False,c:is_hill | forge:is_forest | forge:is_hill,,biomesoplenty:auroral_garden | biomesoplenty:highland | biomesoplenty:ominous_woods | biomesoplenty:pumpkin_patch | biomesoplenty:snowblossom_grove | biomesoplenty:volcano | biomeswevegone:crag_gardens | biomeswevegone:ebony_woods | biomeswevegone:frosted_coniferous_forest | biomeswevegone:prairie | biomeswevegone:redwood_thicket | biomeswevegone:sakura_grove | biomeswevegone:shattered_glacier | biomeswevegone:skyris_vale | biomeswevegone:weeping_witch_forest | biomeswevegone:zelkova_forest | natures_spirit:alpine_clearings | natures_spirit:floral_ridges | natures_spirit:windswept_sugi_forest | regions_unexplored:ashen_woodland | regions_unexplored:cold_deciduous_forest | regions_unexplored:flower_fields | regions_unexplored:grassland | regions_unexplored:icy_heights | regions_unexplored:maple_forest | regions_unexplored:orchard | regions_unexplored:redwoods | regions_unexplored:rocky_meadow | regions_unexplored:spires
farmers_structures:cacaos,FarmersStructures-1.0.6-1.21.1_neoforge.jar,data/farmers_structures/worldgen/structure/cacaos.json,#farmers_structures:is_cacao_spawn,underground,Overworld,surface_structures,"{""absolute"":-2}",,farmers_structures:cacaos_with_all,3,3,,,False,byg:is_jungle | forge:is_jungle,byg:is_jungle,biomeswevegone:bayou | biomeswevegone:crag_gardens | biomeswevegone:ebony_woods
farmers_structures:cooks,FarmersStructures-1.0.6-1.21.1_neoforge.jar,data/farmers_structures/worldgen/structure/cooks.json,#farmers_structures:is_cook_spawn,surface/other,Overworld,surface_structures,"{""absolute"":0}",beard_thin,farmers_structures:cooks_with_all,10,16,biomesoplenty:pumpkin_patch | biomeswevegone:prairie | biomeswevegone:sakura_grove | regions_unexplored:flower_fields | regions_unexplored:grassland | regions_unexplored:orchard,,False,c:is_hill,,biomesoplenty:highland | biomesoplenty:pumpkin_patch | biomesoplenty:volcano | biomeswevegone:crag_gardens | biomeswevegone:prairie | biomeswevegone:sakura_grove | biomeswevegone:shattered_glacier | natures_spirit:alpine_clearings | natures_spirit:floral_ridges | natures_spirit:windswept_sugi_forest | regions_unexplored:flower_fields | regions_unexplored:grassland | regions_unexplored:icy_heights | regions_unexplored:orchard | regions_unexplored:rocky_meadow | regions_unexplored:spires
farmers_structures:cooks_moss,FarmersStructures-1.0.6-1.21.1_neoforge.jar,data/farmers_structures/worldgen/structure/cooks_moss.json,#farmers_structures:is_cook_moss_spawn,surface/other,Overworld,surface_structures,"{""absolute"":0}",beard_thin,farmers_structures:cooks_moss_with_all,0,2,biomesoplenty:snowblossom_grove | biomeswevegone:sakura_grove,,True,,,biomesoplenty:snowblossom_grove | biomeswevegone:sakura_grove
farmers_structures:cooks_nether_1,FarmersStructures-1.0.6-1.21.1_neoforge.jar,data/farmers_structures/worldgen/structure/cooks_nether_1.json,#farmers_structures:is_cook_nether_1_spawn,underground,Nether,underground_decoration,"{""absolute"":26}",none,farmers_structures:cooks_nether_1_with_all,0,0,,,True,,,
farmers_structures:cooks_nether_2,FarmersStructures-1.0.6-1.21.1_neoforge.jar,data/farmers_structures/worldgen/structure/cooks_nether_2.json,#farmers_structures:is_cook_nether_2_spawn,underground,Nether,underground_decoration,"{""absolute"":30}",none,farmers_structures:cooks_nether_2_with_all,0,0,,,True,,,
farmers_structures:deeper_farms,FarmersStructures-1.0.6-1.21.1_neoforge.jar,data/farmers_structures/worldgen/structure/deeper_farms.json,#farmers_structures:is_deeper_farm_spawn,underground,Otherside,underground_structures,"{""max_inclusive"":{""absolute"":100},""min_inclusive"":{""absolute"":1},""type"":""minecraft:uniform""}",none,farmers_structures:deeper_farms_with_all,0,0,,,False,,,
farmers_structures:fishs_stew,FarmersStructures-1.0.6-1.21.1_neoforge.jar,data/farmers_structures/worldgen/structure/fishs_stew.json,#farmers_structures:is_fish_stew_spawn,underground,Overworld,surface_structures,"{""absolute"":-4}",,farmers_structures:fishs_stew_with_all,10,8,,biomeswevegone:maple_taiga | natures_spirit:alpine_clearings,False,byg:is_snowy | byg:is_taiga | forge:is_snowy | forge:is_taiga,byg:is_snowy | byg:is_taiga | forge:is_taiga,biomesoplenty:auroral_garden | biomesoplenty:snowblossom_grove | biomeswevegone:frosted_coniferous_forest | biomeswevegone:shattered_glacier | regions_unexplored:cold_deciduous_forest | regions_unexplored:frozen_pine_taiga | regions_unexplored:icy_heights | regions_unexplored:spires
farmers_structures:flesh_farms,FarmersStructures-1.0.6-1.21.1_neoforge.jar,data/farmers_structures/worldgen/structure/flesh_farms.json,#farmers_structures:is_flesh_farm_spawn,underground,ihfr_fo,underground_structures,"{""max_inclusive"":{""absolute"":80},""min_inclusive"":{""absolute"":60},""type"":""minecraft:uniform""}",none,farmers_structures:flesh_farms_with_all,0,0,,,False,,,
farmers_structures:honey_cake_farms,FarmersStructures-1.0.6-1.21.1_neoforge.jar,data/farmers_structures/worldgen/structure/honey_cake_farms.json,#farmers_structures:is_honey_cake_farm_spawn,underground,Bumblezone,underground_structures,"{""max_inclusive"":{""absolute"":90},""min_inclusive"":{""absolute"":30},""type"":""minecraft:uniform""}",none,farmers_structures:honey_cake_farms_with_all,0,0,,,False,,,
farmers_structures:ratatouilles,FarmersStructures-1.0.6-1.21.1_neoforge.jar,data/farmers_structures/worldgen/structure/ratatouilles.json,#farmers_structures:is_ratatouille_spawn,underground,Overworld,underground_structures,"{""absolute"":-55}",,farmers_structures:ratatouilles_with_all,4,4,,,False,byg:is_swamp | forge:is_swamp | minecraft:is_swamp,byg:is_swamp,biomesoplenty:hot_springs | biomeswevegone:bayou | regions_unexplored:fen | regions_unexplored:marsh
farmers_structures:shepherd_farms,FarmersStructures-1.0.6-1.21.1_neoforge.jar,data/farmers_structures/worldgen/structure/shepherd_farms.json,#farmers_structures:is_cook_spawn,underground,Overworld,surface_structures,"{""absolute"":-9}",none,farmers_structures:shepherd_farms_with_all,10,16,biomesoplenty:pumpkin_patch | biomeswevegone:prairie | biomeswevegone:sakura_grove | regions_unexplored:flower_fields | regions_unexplored:grassland | regions_unexplored:orchard,,False,c:is_hill,,biomesoplenty:highland | biomesoplenty:pumpkin_patch | biomesoplenty:volcano | biomeswevegone:crag_gardens | biomeswevegone:prairie | biomeswevegone:sakura_grove | biomeswevegone:shattered_glacier | natures_spirit:alpine_clearings | natures_spirit:floral_ridges | natures_spirit:windswept_sugi_forest | regions_unexplored:flower_fields | regions_unexplored:grassland | regions_unexplored:icy_heights | regions_unexplored:orchard | regions_unexplored:rocky_meadow | regions_unexplored:spires
farmers_structures:squids,FarmersStructures-1.0.6-1.21.1_neoforge.jar,data/farmers_structures/worldgen/structure/squids.json,#farmers_structures:is_squid_spawn,underground,Overworld,underground_structures,"{""absolute"":-40}",,farmers_structures:squids_with_all,11,13,biomeswevegone:ebony_woods | biomeswevegone:weeping_witch_forest,,False,byg:is_spooky | byg:is_taiga | forge:is_spooky | forge:is_taiga,byg:is_spooky | byg:is_taiga | forge:is_spooky | forge:is_taiga,biomesoplenty:auroral_garden | biomesoplenty:hot_springs | biomesoplenty:ominous_woods | biomeswevegone:ebony_woods | biomeswevegone:frosted_coniferous_forest | biomeswevegone:maple_taiga | biomeswevegone:redwood_thicket | biomeswevegone:weeping_witch_forest | natures_spirit:windswept_sugi_forest | regions_unexplored:ashen_woodland | regions_unexplored:cold_deciduous_forest | regions_unexplored:frozen_pine_taiga | regions_unexplored:redwoods
farmers_structures:sushis,FarmersStructures-1.0.6-1.21.1_neoforge.jar,data/farmers_structures/worldgen/structure/sushis.json,#farmers_structures:is_sushi_spawn,surface/other,Overworld,surface_structures,"{""absolute"":48}",,farmers_structures:sushus_with_all,1,1,,,False,byg:is_river,byg:is_river,regions_unexplored:muddy_river
farmers_structures:undergardens,FarmersStructures-1.0.6-1.21.1_neoforge.jar,data/farmers_structures/worldgen/structure/undergardens.json,#farmers_structures:is_undergarden_spawn,surface/other,Undergarden,top_layer_modification,"{""max_inclusive"":{""absolute"":80},""min_inclusive"":{""absolute"":30},""type"":""minecraft:uniform""}",none,farmers_structures:undergardens_with_all,0,0,,,False,,,
farmers_structures:undergardens_sea,FarmersStructures-1.0.6-1.21.1_neoforge.jar,data/farmers_structures/worldgen/structure/undergardens_sea.json,#farmers_structures:is_undergarden_sea_spawn,surface/other,Undergarden,top_layer_modification,"{""absolute"":27}",none,farmers_structures:undergardens_sea_with_all,0,0,,,False,,,
fdbosses:chesed_arena,fdbosses-3.2-1.21.1.jar,data/fdbosses/worldgen/structure/chesed_arena.json,#minecraft:is_overworld,surface/other,Overworld,top_layer_modification,"{""max_inclusive"":{""absolute"":-30},""min_inclusive"":{""absolute"":-50},""type"":""minecraft:uniform""}",encapsulate,fdbosses:chesed_arena,40,40,,,False,,,biomesoplenty:auroral_garden | biomesoplenty:highland | biomesoplenty:hot_springs | biomesoplenty:ominous_woods | biomesoplenty:pumpkin_patch | biomesoplenty:snowblossom_grove | biomesoplenty:volcano | biomeswevegone:bayou | biomeswevegone:crag_gardens | biomeswevegone:ebony_woods | biomeswevegone:frosted_coniferous_forest | biomeswevegone:lush_stacks | biomeswevegone:maple_taiga | biomeswevegone:prairie | biomeswevegone:redwood_thicket | biomeswevegone:sakura_grove | biomeswevegone:shattered_glacier | biomeswevegone:skyris_vale | biomeswevegone:weeping_witch_forest | biomeswevegone:zelkova_forest | natures_spirit:alpine_clearings | natures_spirit:floral_ridges | natures_spirit:windswept_sugi_forest | regions_unexplored:ashen_woodland | regions_unexplored:cold_deciduous_forest | regions_unexplored:fen | regions_unexplored:flower_fields | regions_unexplored:frozen_pine_taiga | regions_unexplored:grassland | regions_unexplored:grassy_beach | regions_unexplored:hyacinth_deeps | regions_unexplored:icy_heights | regions_unexplored:maple_forest | regions_unexplored:marsh | regions_unexplored:muddy_river | regions_unexplored:orchard | regions_unexplored:redwoods | regions_unexplored:rocky_meadow | regions_unexplored:rocky_reef | regions_unexplored:spires
fdbosses:geburah_arena,fdbosses-3.2-1.21.1.jar,data/fdbosses/worldgen/structure/geburah_arena.json,#minecraft:has_structure/end_city,surface/other,End,top_layer_modification,{},none,fdbosses:geburah_arena,0,0,,,False,,,
fdbosses:malkuth_arena,fdbosses-3.2-1.21.1.jar,data/fdbosses/worldgen/structure/malkuth_arena.json,#minecraft:is_deep_ocean,ocean/river,Overworld,top_layer_modification,{},none,fdbosses:malkuth_arena,1,1,,,False,,,regions_unexplored:hyacinth_deeps
floating_islands:amethyst_island,floating_islands-1.5.3-1.21.1-neoforge.jar,data/floating_islands/worldgen/structure/amethyst_island.json,#floating_islands:has_structure/amethyst_island,surface/other,Overworld,surface_structures,"{""max_inclusive"":{""absolute"":150},""min_inclusive"":{""absolute"":45},""type"":""minecraft:uniform""}",none,floating_islands:dungeon_islands,24,31,biomesoplenty:highland | biomeswevegone:prairie | biomeswevegone:shattered_glacier | natures_spirit:alpine_clearings | regions_unexplored:flower_fields | regions_unexplored:grassland | regions_unexplored:rocky_meadow,,False,,,biomesoplenty:auroral_garden | biomesoplenty:highland | biomesoplenty:hot_springs | biomesoplenty:ominous_woods | biomesoplenty:pumpkin_patch | biomesoplenty:snowblossom_grove | biomeswevegone:ebony_woods | biomeswevegone:frosted_coniferous_forest | biomeswevegone:lush_stacks | biomeswevegone:maple_taiga | biomeswevegone:prairie | biomeswevegone:redwood_thicket | biomeswevegone:sakura_grove | biomeswevegone:shattered_glacier | biomeswevegone:skyris_vale | biomeswevegone:weeping_witch_forest | biomeswevegone:zelkova_forest | natures_spirit:alpine_clearings | natures_spirit:floral_ridges | natures_spirit:windswept_sugi_forest | regions_unexplored:ashen_woodland | regions_unexplored:cold_deciduous_forest | regions_unexplored:flower_fields | regions_unexplored:frozen_pine_taiga | regions_unexplored:grassland | regions_unexplored:hyacinth_deeps | regions_unexplored:maple_forest | regions_unexplored:orchard | regions_unexplored:redwoods | regions_unexplored:rocky_meadow | regions_unexplored:rocky_reef
floating_islands:camp_island,floating_islands-1.5.3-1.21.1-neoforge.jar,data/floating_islands/worldgen/structure/camp_island.json,#floating_islands:has_structure/camp_island,surface/other,Overworld,surface_structures,"{""max_inclusive"":{""absolute"":150},""min_inclusive"":{""absolute"":45},""type"":""minecraft:uniform""}",none,floating_islands:villager_islands,24,31,biomesoplenty:highland | biomeswevegone:prairie | biomeswevegone:shattered_glacier | natures_spirit:alpine_clearings | regions_unexplored:flower_fields | regions_unexplored:grassland | regions_unexplored:rocky_meadow,,False,,,biomesoplenty:auroral_garden | biomesoplenty:highland | biomesoplenty:hot_springs | biomesoplenty:ominous_woods | biomesoplenty:pumpkin_patch | biomesoplenty:snowblossom_grove | biomeswevegone:ebony_woods | biomeswevegone:frosted_coniferous_forest | biomeswevegone:lush_stacks | biomeswevegone:maple_taiga | biomeswevegone:prairie | biomeswevegone:redwood_thicket | biomeswevegone:sakura_grove | biomeswevegone:shattered_glacier | biomeswevegone:skyris_vale | biomeswevegone:weeping_witch_forest | biomeswevegone:zelkova_forest | natures_spirit:alpine_clearings | natures_spirit:floral_ridges | natures_spirit:windswept_sugi_forest | regions_unexplored:ashen_woodland | regions_unexplored:cold_deciduous_forest | regions_unexplored:flower_fields | regions_unexplored:frozen_pine_taiga | regions_unexplored:grassland | regions_unexplored:hyacinth_deeps | regions_unexplored:maple_forest | regions_unexplored:orchard | regions_unexplored:redwoods | regions_unexplored:rocky_meadow | regions_unexplored:rocky_reef
floating_islands:cemetery_island,floating_islands-1.5.3-1.21.1-neoforge.jar,data/floating_islands/worldgen/structure/cemetery_island.json,#floating_islands:has_structure/cemetery_island,surface/other,Overworld,surface_structures,"{""max_inclusive"":{""absolute"":150},""min_inclusive"":{""absolute"":45},""type"":""minecraft:uniform""}",none,floating_islands:dungeon_islands,24,31,biomesoplenty:highland | biomeswevegone:prairie | biomeswevegone:shattered_glacier | natures_spirit:alpine_clearings | regions_unexplored:flower_fields | regions_unexplored:grassland | regions_unexplored:rocky_meadow,,False,,,biomesoplenty:auroral_garden | biomesoplenty:highland | biomesoplenty:hot_springs | biomesoplenty:ominous_woods | biomesoplenty:pumpkin_patch | biomesoplenty:snowblossom_grove | biomeswevegone:ebony_woods | biomeswevegone:frosted_coniferous_forest | biomeswevegone:lush_stacks | biomeswevegone:maple_taiga | biomeswevegone:prairie | biomeswevegone:redwood_thicket | biomeswevegone:sakura_grove | biomeswevegone:shattered_glacier | biomeswevegone:skyris_vale | biomeswevegone:weeping_witch_forest | biomeswevegone:zelkova_forest | natures_spirit:alpine_clearings | natures_spirit:floral_ridges | natures_spirit:windswept_sugi_forest | regions_unexplored:ashen_woodland | regions_unexplored:cold_deciduous_forest | regions_unexplored:flower_fields | regions_unexplored:frozen_pine_taiga | regions_unexplored:grassland | regions_unexplored:hyacinth_deeps | regions_unexplored:maple_forest | regions_unexplored:orchard | regions_unexplored:redwoods | regions_unexplored:rocky_meadow | regions_unexplored:rocky_reef
floating_islands:cherry_island_with_shrine,floating_islands-1.5.3-1.21.1-neoforge.jar,data/floating_islands/worldgen/structure/cherry_island_with_shrine.json,#floating_islands:has_structure/cherry_island_with_shrine,surface/other,Overworld,surface_structures,"{""max_inclusive"":{""absolute"":150},""min_inclusive"":{""absolute"":45},""type"":""minecraft:uniform""}",none,floating_islands:peaceful_islands,0,2,biomesoplenty:snowblossom_grove | biomeswevegone:sakura_grove,,True,,,biomesoplenty:snowblossom_grove | biomeswevegone:sakura_grove
floating_islands:drifting_island,floating_islands-1.5.3-1.21.1-neoforge.jar,data/floating_islands/worldgen/structure/drifting_island.json,#floating_islands:has_structure/drifting_island,surface/other,Overworld,surface_structures,"{""max_inclusive"":{""absolute"":150},""min_inclusive"":{""absolute"":45},""type"":""minecraft:uniform""}",none,floating_islands:peaceful_islands,24,31,biomesoplenty:highland | biomeswevegone:prairie | biomeswevegone:shattered_glacier | natures_spirit:alpine_clearings | regions_unexplored:flower_fields | regions_unexplored:grassland | regions_unexplored:rocky_meadow,,False,,,biomesoplenty:auroral_garden | biomesoplenty:highland | biomesoplenty:hot_springs | biomesoplenty:ominous_woods | biomesoplenty:pumpkin_patch | biomesoplenty:snowblossom_grove | biomeswevegone:ebony_woods | biomeswevegone:frosted_coniferous_forest | biomeswevegone:lush_stacks | biomeswevegone:maple_taiga | biomeswevegone:prairie | biomeswevegone:redwood_thicket | biomeswevegone:sakura_grove | biomeswevegone:shattered_glacier | biomeswevegone:skyris_vale | biomeswevegone:weeping_witch_forest | biomeswevegone:zelkova_forest | natures_spirit:alpine_clearings | natures_spirit:floral_ridges | natures_spirit:windswept_sugi_forest | regions_unexplored:ashen_woodland | regions_unexplored:cold_deciduous_forest | regions_unexplored:flower_fields | regions_unexplored:frozen_pine_taiga | regions_unexplored:grassland | regions_unexplored:hyacinth_deeps | regions_unexplored:maple_forest | regions_unexplored:orchard | regions_unexplored:redwoods | regions_unexplored:rocky_meadow | regions_unexplored:rocky_reef
floating_islands:floating_rocks,floating_islands-1.5.3-1.21.1-neoforge.jar,data/floating_islands/worldgen/structure/floating_rocks.json,#floating_islands:has_structure/floating_rocks,surface/other,Overworld,surface_structures,"{""max_inclusive"":{""absolute"":150},""min_inclusive"":{""absolute"":45},""type"":""minecraft:uniform""}",none,floating_islands:peaceful_islands,3,3,,,False,,,biomeswevegone:lush_stacks | regions_unexplored:hyacinth_deeps | regions_unexplored:rocky_reef
floating_islands:flower_island2,floating_islands-1.5.3-1.21.1-neoforge.jar,data/floating_islands/worldgen/structure/flower_island2.json,#floating_islands:has_structure/flower_island2,surface/other,Overworld,surface_structures,"{""max_inclusive"":{""absolute"":150},""min_inclusive"":{""absolute"":45},""type"":""minecraft:uniform""}",none,floating_islands:peaceful_islands,24,31,biomesoplenty:highland | biomeswevegone:prairie | biomeswevegone:shattered_glacier | natures_spirit:alpine_clearings | regions_unexplored:flower_fields | regions_unexplored:grassland | regions_unexplored:rocky_meadow,,False,,,biomesoplenty:auroral_garden | biomesoplenty:highland | biomesoplenty:hot_springs | biomesoplenty:ominous_woods | biomesoplenty:pumpkin_patch | biomesoplenty:snowblossom_grove | biomeswevegone:ebony_woods | biomeswevegone:frosted_coniferous_forest | biomeswevegone:lush_stacks | biomeswevegone:maple_taiga | biomeswevegone:prairie | biomeswevegone:redwood_thicket | biomeswevegone:sakura_grove | biomeswevegone:shattered_glacier | biomeswevegone:skyris_vale | biomeswevegone:weeping_witch_forest | biomeswevegone:zelkova_forest | natures_spirit:alpine_clearings | natures_spirit:floral_ridges | natures_spirit:windswept_sugi_forest | regions_unexplored:ashen_woodland | regions_unexplored:cold_deciduous_forest | regions_unexplored:flower_fields | regions_unexplored:frozen_pine_taiga | regions_unexplored:grassland | regions_unexplored:hyacinth_deeps | regions_unexplored:maple_forest | regions_unexplored:orchard | regions_unexplored:redwoods | regions_unexplored:rocky_meadow | regions_unexplored:rocky_reef
floating_islands:hut_with_waystone,floating_islands-1.5.3-1.21.1-neoforge.jar,data/floating_islands/worldgen/structure/hut_with_waystone.json,#floating_islands:has_structure/hut_with_waystone,surface/other,Overworld,surface_structures,"{""max_inclusive"":{""absolute"":150},""min_inclusive"":{""absolute"":45},""type"":""minecraft:uniform""}",none,floating_islands:dungeon_islands,24,31,biomesoplenty:highland | biomeswevegone:prairie | biomeswevegone:shattered_glacier | natures_spirit:alpine_clearings | regions_unexplored:flower_fields | regions_unexplored:grassland | regions_unexplored:rocky_meadow,,False,,,biomesoplenty:auroral_garden | biomesoplenty:highland | biomesoplenty:hot_springs | biomesoplenty:ominous_woods | biomesoplenty:pumpkin_patch | biomesoplenty:snowblossom_grove | biomeswevegone:ebony_woods | biomeswevegone:frosted_coniferous_forest | biomeswevegone:lush_stacks | biomeswevegone:maple_taiga | biomeswevegone:prairie | biomeswevegone:redwood_thicket | biomeswevegone:sakura_grove | biomeswevegone:shattered_glacier | biomeswevegone:skyris_vale | biomeswevegone:weeping_witch_forest | biomeswevegone:zelkova_forest | natures_spirit:alpine_clearings | natures_spirit:floral_ridges | natures_spirit:windswept_sugi_forest | regions_unexplored:ashen_woodland | regions_unexplored:cold_deciduous_forest | regions_unexplored:flower_fields | regions_unexplored:frozen_pine_taiga | regions_unexplored:grassland | regions_unexplored:hyacinth_deeps | regions_unexplored:maple_forest | regions_unexplored:orchard | regions_unexplored:redwoods | regions_unexplored:rocky_meadow | regions_unexplored:rocky_reef
floating_islands:nether_island,floating_islands-1.5.3-1.21.1-neoforge.jar,data/floating_islands/worldgen/structure/nether_island.json,#floating_islands:has_structure/nether_island,surface/other,Overworld,surface_structures,"{""max_inclusive"":{""absolute"":120},""min_inclusive"":{""absolute"":45},""type"":""minecraft:uniform""}",none,floating_islands:peaceful_islands,23,30,biomesoplenty:highland | biomeswevegone:prairie | biomeswevegone:shattered_glacier | natures_spirit:alpine_clearings | regions_unexplored:flower_fields | regions_unexplored:grassland | regions_unexplored:rocky_meadow,,False,,,biomesoplenty:auroral_garden | biomesoplenty:highland | biomesoplenty:hot_springs | biomesoplenty:ominous_woods | biomesoplenty:pumpkin_patch | biomesoplenty:snowblossom_grove | biomeswevegone:bayou | biomeswevegone:crag_gardens | biomeswevegone:ebony_woods | biomeswevegone:frosted_coniferous_forest | biomeswevegone:maple_taiga | biomeswevegone:prairie | biomeswevegone:redwood_thicket | biomeswevegone:sakura_grove | biomeswevegone:shattered_glacier | biomeswevegone:skyris_vale | biomeswevegone:weeping_witch_forest | biomeswevegone:zelkova_forest | natures_spirit:alpine_clearings | natures_spirit:floral_ridges | natures_spirit:windswept_sugi_forest | regions_unexplored:ashen_woodland | regions_unexplored:cold_deciduous_forest | regions_unexplored:flower_fields | regions_unexplored:frozen_pine_taiga | regions_unexplored:grassland | regions_unexplored:maple_forest | regions_unexplored:orchard | regions_unexplored:redwoods | regions_unexplored:rocky_meadow
floating_islands:paradise_island,floating_islands-1.5.3-1.21.1-neoforge.jar,data/floating_islands/worldgen/structure/paradise_island.json,#floating_islands:has_structure/paradise_island,surface/other,Overworld,surface_structures,"{""max_inclusive"":{""absolute"":150},""min_inclusive"":{""absolute"":45},""type"":""minecraft:uniform""}",none,floating_islands:peaceful_islands,23,30,biomesoplenty:highland | biomeswevegone:prairie | biomeswevegone:shattered_glacier | natures_spirit:alpine_clearings | regions_unexplored:flower_fields | regions_unexplored:grassland | regions_unexplored:rocky_meadow,,False,,,biomesoplenty:auroral_garden | biomesoplenty:highland | biomesoplenty:hot_springs | biomesoplenty:ominous_woods | biomesoplenty:pumpkin_patch | biomesoplenty:snowblossom_grove | biomeswevegone:bayou | biomeswevegone:crag_gardens | biomeswevegone:ebony_woods | biomeswevegone:frosted_coniferous_forest | biomeswevegone:maple_taiga | biomeswevegone:prairie | biomeswevegone:redwood_thicket | biomeswevegone:sakura_grove | biomeswevegone:shattered_glacier | biomeswevegone:skyris_vale | biomeswevegone:weeping_witch_forest | biomeswevegone:zelkova_forest | natures_spirit:alpine_clearings | natures_spirit:floral_ridges | natures_spirit:windswept_sugi_forest | regions_unexplored:ashen_woodland | regions_unexplored:cold_deciduous_forest | regions_unexplored:flower_fields | regions_unexplored:frozen_pine_taiga | regions_unexplored:grassland | regions_unexplored:maple_forest | regions_unexplored:orchard | regions_unexplored:redwoods | regions_unexplored:rocky_meadow
floating_islands:pillager_camp,floating_islands-1.5.3-1.21.1-neoforge.jar,data/floating_islands/worldgen/structure/pillager_camp.json,#floating_islands:has_structure/pillager_camp,surface/other,Overworld,surface_structures,"{""max_inclusive"":{""absolute"":190},""min_inclusive"":{""absolute"":100},""type"":""minecraft:uniform""}",none,floating_islands:dungeon_islands,23,30,biomesoplenty:highland | biomeswevegone:prairie | biomeswevegone:shattered_glacier | natures_spirit:alpine_clearings | regions_unexplored:flower_fields | regions_unexplored:grassland | regions_unexplored:rocky_meadow,,False,,,biomesoplenty:auroral_garden | biomesoplenty:highland | biomesoplenty:hot_springs | biomesoplenty:ominous_woods | biomesoplenty:pumpkin_patch | biomesoplenty:snowblossom_grove | biomeswevegone:bayou | biomeswevegone:crag_gardens | biomeswevegone:ebony_woods | biomeswevegone:frosted_coniferous_forest | biomeswevegone:maple_taiga | biomeswevegone:prairie | biomeswevegone:redwood_thicket | biomeswevegone:sakura_grove | biomeswevegone:shattered_glacier | biomeswevegone:skyris_vale | biomeswevegone:weeping_witch_forest | biomeswevegone:zelkova_forest | natures_spirit:alpine_clearings | natures_spirit:floral_ridges | natures_spirit:windswept_sugi_forest | regions_unexplored:ashen_woodland | regions_unexplored:cold_deciduous_forest | regions_unexplored:flower_fields | regions_unexplored:frozen_pine_taiga | regions_unexplored:grassland | regions_unexplored:maple_forest | regions_unexplored:orchard | regions_unexplored:redwoods | regions_unexplored:rocky_meadow
floating_islands:shrine,floating_islands-1.5.3-1.21.1-neoforge.jar,data/floating_islands/worldgen/structure/shrine.json,#floating_islands:has_structure/shrine,surface/other,Overworld,surface_structures,"{""max_inclusive"":{""absolute"":150},""min_inclusive"":{""absolute"":45},""type"":""minecraft:uniform""}",none,floating_islands:peaceful_islands,23,30,biomesoplenty:highland | biomeswevegone:prairie | biomeswevegone:shattered_glacier | natures_spirit:alpine_clearings | regions_unexplored:flower_fields | regions_unexplored:grassland | regions_unexplored:rocky_meadow,,False,,,biomesoplenty:auroral_garden | biomesoplenty:highland | biomesoplenty:hot_springs | biomesoplenty:ominous_woods | biomesoplenty:pumpkin_patch | biomesoplenty:snowblossom_grove | biomeswevegone:bayou | biomeswevegone:crag_gardens | biomeswevegone:ebony_woods | biomeswevegone:frosted_coniferous_forest | biomeswevegone:maple_taiga | biomeswevegone:prairie | biomeswevegone:redwood_thicket | biomeswevegone:sakura_grove | biomeswevegone:shattered_glacier | biomeswevegone:skyris_vale | biomeswevegone:weeping_witch_forest | biomeswevegone:zelkova_forest | natures_spirit:alpine_clearings | natures_spirit:floral_ridges | natures_spirit:windswept_sugi_forest | regions_unexplored:ashen_woodland | regions_unexplored:cold_deciduous_forest | regions_unexplored:flower_fields | regions_unexplored:frozen_pine_taiga | regions_unexplored:grassland | regions_unexplored:maple_forest | regions_unexplored:orchard | regions_unexplored:redwoods | regions_unexplored:rocky_meadow
floating_islands:spider_ruin,floating_islands-1.5.3-1.21.1-neoforge.jar,data/floating_islands/worldgen/structure/spider_ruin.json,#floating_islands:has_structure/spider_ruin,surface/other,Overworld,surface_structures,"{""max_inclusive"":{""absolute"":150},""min_inclusive"":{""absolute"":45},""type"":""minecraft:uniform""}",none,floating_islands:dungeon_islands,23,30,biomesoplenty:highland | biomeswevegone:prairie | biomeswevegone:shattered_glacier | natures_spirit:alpine_clearings | regions_unexplored:flower_fields | regions_unexplored:grassland | regions_unexplored:rocky_meadow,,False,,,biomesoplenty:auroral_garden | biomesoplenty:highland | biomesoplenty:hot_springs | biomesoplenty:ominous_woods | biomesoplenty:pumpkin_patch | biomesoplenty:snowblossom_grove | biomeswevegone:bayou | biomeswevegone:crag_gardens | biomeswevegone:ebony_woods | biomeswevegone:frosted_coniferous_forest | biomeswevegone:maple_taiga | biomeswevegone:prairie | biomeswevegone:redwood_thicket | biomeswevegone:sakura_grove | biomeswevegone:shattered_glacier | biomeswevegone:skyris_vale | biomeswevegone:weeping_witch_forest | biomeswevegone:zelkova_forest | natures_spirit:alpine_clearings | natures_spirit:floral_ridges | natures_spirit:windswept_sugi_forest | regions_unexplored:ashen_woodland | regions_unexplored:cold_deciduous_forest | regions_unexplored:flower_fields | regions_unexplored:frozen_pine_taiga | regions_unexplored:grassland | regions_unexplored:maple_forest | regions_unexplored:orchard | regions_unexplored:redwoods | regions_unexplored:rocky_meadow
floating_islands:steampunk_island,floating_islands-1.5.3-1.21.1-neoforge.jar,data/floating_islands/worldgen/structure/steampunk_island.json,#floating_islands:has_structure/steampunk_island,surface/other,Overworld,surface_structures,"{""max_inclusive"":{""absolute"":150},""min_inclusive"":{""absolute"":90},""type"":""minecraft:uniform""}",none,floating_islands:dungeon_islands,23,30,biomesoplenty:highland | biomeswevegone:prairie | biomeswevegone:shattered_glacier | natures_spirit:alpine_clearings | regions_unexplored:flower_fields | regions_unexplored:grassland | regions_unexplored:rocky_meadow,,False,,,biomesoplenty:auroral_garden | biomesoplenty:highland | biomesoplenty:hot_springs | biomesoplenty:ominous_woods | biomesoplenty:pumpkin_patch | biomesoplenty:snowblossom_grove | biomeswevegone:bayou | biomeswevegone:crag_gardens | biomeswevegone:ebony_woods | biomeswevegone:frosted_coniferous_forest | biomeswevegone:maple_taiga | biomeswevegone:prairie | biomeswevegone:redwood_thicket | biomeswevegone:sakura_grove | biomeswevegone:shattered_glacier | biomeswevegone:skyris_vale | biomeswevegone:weeping_witch_forest | biomeswevegone:zelkova_forest | natures_spirit:alpine_clearings | natures_spirit:floral_ridges | natures_spirit:windswept_sugi_forest | regions_unexplored:ashen_woodland | regions_unexplored:cold_deciduous_forest | regions_unexplored:flower_fields | regions_unexplored:frozen_pine_taiga | regions_unexplored:grassland | regions_unexplored:maple_forest | regions_unexplored:orchard | regions_unexplored:redwoods | regions_unexplored:rocky_meadow
floating_islands:tower_island,floating_islands-1.5.3-1.21.1-neoforge.jar,data/floating_islands/worldgen/structure/tower_island.json,#floating_islands:has_structure/tower_island,surface/other,Overworld,surface_structures,"{""max_inclusive"":{""absolute"":150},""min_inclusive"":{""absolute"":45},""type"":""minecraft:uniform""}",none,floating_islands:dungeon_islands,24,31,biomesoplenty:highland | biomeswevegone:prairie | biomeswevegone:shattered_glacier | natures_spirit:alpine_clearings | regions_unexplored:flower_fields | regions_unexplored:grassland | regions_unexplored:rocky_meadow,,False,,,biomesoplenty:auroral_garden | biomesoplenty:highland | biomesoplenty:hot_springs | biomesoplenty:ominous_woods | biomesoplenty:pumpkin_patch | biomesoplenty:snowblossom_grove | biomeswevegone:ebony_woods | biomeswevegone:frosted_coniferous_forest | biomeswevegone:lush_stacks | biomeswevegone:maple_taiga | biomeswevegone:prairie | biomeswevegone:redwood_thicket | biomeswevegone:sakura_grove | biomeswevegone:shattered_glacier | biomeswevegone:skyris_vale | biomeswevegone:weeping_witch_forest | biomeswevegone:zelkova_forest | natures_spirit:alpine_clearings | natures_spirit:floral_ridges | natures_spirit:windswept_sugi_forest | regions_unexplored:ashen_woodland | regions_unexplored:cold_deciduous_forest | regions_unexplored:flower_fields | regions_unexplored:frozen_pine_taiga | regions_unexplored:grassland | regions_unexplored:hyacinth_deeps | regions_unexplored:maple_forest | regions_unexplored:orchard | regions_unexplored:redwoods | regions_unexplored:rocky_meadow | regions_unexplored:rocky_reef
floating_islands:villager_island,floating_islands-1.5.3-1.21.1-neoforge.jar,data/floating_islands/worldgen/structure/villager_island.json,#floating_islands:has_structure/villager_island,surface/other,Overworld,surface_structures,"{""max_inclusive"":{""absolute"":150},""min_inclusive"":{""absolute"":45},""type"":""minecraft:uniform""}",none,floating_islands:villager_islands,3,3,,,False,,,biomeswevegone:lush_stacks | regions_unexplored:hyacinth_deeps | regions_unexplored:rocky_reef
floating_islands:witch_island,floating_islands-1.5.3-1.21.1-neoforge.jar,data/floating_islands/worldgen/structure/witch_island.json,#floating_islands:has_structure/witch_island,surface/other,Overworld,surface_structures,"{""max_inclusive"":{""absolute"":150},""min_inclusive"":{""absolute"":45},""type"":""minecraft:uniform""}",none,floating_islands:dungeon_islands,24,31,biomesoplenty:highland | biomeswevegone:prairie | biomeswevegone:shattered_glacier | natures_spirit:alpine_clearings | regions_unexplored:flower_fields | regions_unexplored:grassland | regions_unexplored:rocky_meadow,,False,,,biomesoplenty:auroral_garden | biomesoplenty:highland | biomesoplenty:hot_springs | biomesoplenty:ominous_woods | biomesoplenty:pumpkin_patch | biomesoplenty:snowblossom_grove | biomeswevegone:ebony_woods | biomeswevegone:frosted_coniferous_forest | biomeswevegone:lush_stacks | biomeswevegone:maple_taiga | biomeswevegone:prairie | biomeswevegone:redwood_thicket | biomeswevegone:sakura_grove | biomeswevegone:shattered_glacier | biomeswevegone:skyris_vale | biomeswevegone:weeping_witch_forest | biomeswevegone:zelkova_forest | natures_spirit:alpine_clearings | natures_spirit:floral_ridges | natures_spirit:windswept_sugi_forest | regions_unexplored:ashen_woodland | regions_unexplored:cold_deciduous_forest | regions_unexplored:flower_fields | regions_unexplored:frozen_pine_taiga | regions_unexplored:grassland | regions_unexplored:hyacinth_deeps | regions_unexplored:maple_forest | regions_unexplored:orchard | regions_unexplored:redwoods | regions_unexplored:rocky_meadow | regions_unexplored:rocky_reef
formationsoverworld:bamboo_hut,formationsoverworld-1.0.5c-mc1.21+.jar,data/formationsoverworld/worldgen/structure/bamboo_hut.json,#formationsoverworld:has_structure/bamboo_hut,surface/other,Overworld,surface_structures,{},beard_thin,formationsoverworld:uncommon,0,3,biomeswevegone:bayou | biomeswevegone:crag_gardens | biomeswevegone:ebony_woods,,True,,,biomeswevegone:bayou | biomeswevegone:crag_gardens | biomeswevegone:ebony_woods
formationsoverworld:campsite,formationsoverworld-1.0.5c-mc1.21+.jar,data/formationsoverworld/worldgen/structure/campsite.json,#formationsoverworld:has_structure/campsite,surface/other,Overworld,surface_structures,{},beard_thin,formationsoverworld:uncommon,18,18,,,False,,,biomesoplenty:auroral_garden | biomesoplenty:ominous_woods | biomesoplenty:pumpkin_patch | biomesoplenty:snowblossom_grove | biomeswevegone:ebony_woods | biomeswevegone:frosted_coniferous_forest | biomeswevegone:redwood_thicket | biomeswevegone:sakura_grove | biomeswevegone:skyris_vale | biomeswevegone:weeping_witch_forest | biomeswevegone:zelkova_forest | natures_spirit:floral_ridges | natures_spirit:windswept_sugi_forest | regions_unexplored:ashen_woodland | regions_unexplored:cold_deciduous_forest | regions_unexplored:maple_forest | regions_unexplored:orchard | regions_unexplored:redwoods
formationsoverworld:cobble_hole,formationsoverworld-1.0.5c-mc1.21+.jar,data/formationsoverworld/worldgen/structure/cobble_hole.json,#formationsoverworld:has_structure/cobble_hole,surface/other,Overworld,surface_structures,{},beard_thin,formationsoverworld:uncommon,0,5,biomesoplenty:ominous_woods | biomeswevegone:maple_taiga | biomeswevegone:redwood_thicket | natures_spirit:windswept_sugi_forest | regions_unexplored:redwoods,,True,,,biomesoplenty:ominous_woods | biomeswevegone:maple_taiga | biomeswevegone:redwood_thicket | natures_spirit:windswept_sugi_forest | regions_unexplored:redwoods
formationsoverworld:copper_spire,formationsoverworld-1.0.5c-mc1.21+.jar,data/formationsoverworld/worldgen/structure/copper_spire.json,#formationsoverworld:has_structure/copper_spire,surface/other,Overworld,surface_structures,{},beard_thin,formationsoverworld:uncommon,21,28,biomesoplenty:highland | biomeswevegone:prairie | biomeswevegone:shattered_glacier | natures_spirit:alpine_clearings | regions_unexplored:flower_fields | regions_unexplored:grassland | regions_unexplored:rocky_meadow,,False,,,biomesoplenty:auroral_garden | biomesoplenty:highland | biomesoplenty:hot_springs | biomesoplenty:ominous_woods | biomesoplenty:pumpkin_patch | biomesoplenty:snowblossom_grove | biomeswevegone:ebony_woods | biomeswevegone:frosted_coniferous_forest | biomeswevegone:maple_taiga | biomeswevegone:prairie | biomeswevegone:redwood_thicket | biomeswevegone:sakura_grove | biomeswevegone:shattered_glacier | biomeswevegone:skyris_vale | biomeswevegone:weeping_witch_forest | biomeswevegone:zelkova_forest | natures_spirit:alpine_clearings | natures_spirit:floral_ridges | natures_spirit:windswept_sugi_forest | regions_unexplored:ashen_woodland | regions_unexplored:cold_deciduous_forest | regions_unexplored:flower_fields | regions_unexplored:frozen_pine_taiga | regions_unexplored:grassland | regions_unexplored:maple_forest | regions_unexplored:orchard | regions_unexplored:redwoods | regions_unexplored:rocky_meadow
formationsoverworld:desert_houses,formationsoverworld-1.0.5c-mc1.21+.jar,data/formationsoverworld/worldgen/structure/desert_houses.json,#formationsoverworld:has_structure/desert_houses,surface/other,Other/undetermined,surface_structures,{},beard_thin,formationsoverworld:uncommon,0,0,,,True,,,
formationsoverworld:farmland_field,formationsoverworld-1.0.5c-mc1.21+.jar,data/formationsoverworld/worldgen/structure/farmland_field.json,#formationsoverworld:has_structure/farmland_field,surface/other,Overworld,surface_structures,{},beard_thin,formationsoverworld:uncommon,0,10,biomesoplenty:highland | biomesoplenty:pumpkin_patch | biomeswevegone:prairie | biomeswevegone:sakura_grove | natures_spirit:alpine_clearings | natures_spirit:floral_ridges | regions_unexplored:flower_fields | regions_unexplored:grassland | regions_unexplored:orchard | regions_unexplored:rocky_meadow,,True,,,biomesoplenty:highland | biomesoplenty:pumpkin_patch | biomeswevegone:prairie | biomeswevegone:sakura_grove | natures_spirit:alpine_clearings | natures_spirit:floral_ridges | regions_unexplored:flower_fields | regions_unexplored:grassland | regions_unexplored:orchard | regions_unexplored:rocky_meadow
formationsoverworld:fountain,formationsoverworld-1.0.5c-mc1.21+.jar,data/formationsoverworld/worldgen/structure/fountain.json,#formationsoverworld:has_structure/fountain,surface/other,Overworld,surface_structures,{},beard_thin,formationsoverworld:uncommon,14,25,biomesoplenty:highland | biomesoplenty:pumpkin_patch | biomeswevegone:prairie | biomeswevegone:sakura_grove | biomeswevegone:shattered_glacier | natures_spirit:alpine_clearings | natures_spirit:floral_ridges | regions_unexplored:flower_fields | regions_unexplored:grassland | regions_unexplored:orchard | regions_unexplored:rocky_meadow,,False,,,biomesoplenty:auroral_garden | biomesoplenty:highland | biomesoplenty:hot_springs | biomesoplenty:ominous_woods | biomesoplenty:pumpkin_patch | biomeswevegone:bayou | biomeswevegone:crag_gardens | biomeswevegone:ebony_woods | biomeswevegone:frosted_coniferous_forest | biomeswevegone:maple_taiga | biomeswevegone:prairie | biomeswevegone:redwood_thicket | biomeswevegone:sakura_grove | biomeswevegone:shattered_glacier | natures_spirit:alpine_clearings | natures_spirit:floral_ridges | natures_spirit:windswept_sugi_forest | regions_unexplored:ashen_woodland | regions_unexplored:cold_deciduous_forest | regions_unexplored:flower_fields | regions_unexplored:frozen_pine_taiga | regions_unexplored:grassland | regions_unexplored:orchard | regions_unexplored:redwoods | regions_unexplored:rocky_meadow
formationsoverworld:graveyard,formationsoverworld-1.0.5c-mc1.21+.jar,data/formationsoverworld/worldgen/structure/graveyard.json,#formationsoverworld:has_structure/graveyard,surface/other,Overworld,surface_structures,{},beard_thin,formationsoverworld:uncommon,18,25,biomesoplenty:highland | biomeswevegone:prairie | biomeswevegone:shattered_glacier | natures_spirit:alpine_clearings | regions_unexplored:flower_fields | regions_unexplored:grassland | regions_unexplored:rocky_meadow,,False,,,biomesoplenty:auroral_garden | biomesoplenty:highland | biomesoplenty:ominous_woods | biomesoplenty:pumpkin_patch | biomesoplenty:snowblossom_grove | biomeswevegone:ebony_woods | biomeswevegone:frosted_coniferous_forest | biomeswevegone:prairie | biomeswevegone:redwood_thicket | biomeswevegone:sakura_grove | biomeswevegone:shattered_glacier | biomeswevegone:skyris_vale | biomeswevegone:weeping_witch_forest | biomeswevegone:zelkova_forest | natures_spirit:alpine_clearings | natures_spirit:floral_ridges | natures_spirit:windswept_sugi_forest | regions_unexplored:ashen_woodland | regions_unexplored:cold_deciduous_forest | regions_unexplored:flower_fields | regions_unexplored:grassland | regions_unexplored:maple_forest | regions_unexplored:orchard | regions_unexplored:redwoods | regions_unexplored:rocky_meadow
formationsoverworld:hobbit_hole,formationsoverworld-1.0.5c-mc1.21+.jar,data/formationsoverworld/worldgen/structure/hobbit_hole.json,#formationsoverworld:has_structure/hobbit_hole,surface/other,Overworld,surface_structures,{},beard_thin,formationsoverworld:uncommon,21,28,biomesoplenty:highland | biomeswevegone:prairie | biomeswevegone:shattered_glacier | natures_spirit:alpine_clearings | regions_unexplored:flower_fields | regions_unexplored:grassland | regions_unexplored:rocky_meadow,,False,,,biomesoplenty:auroral_garden | biomesoplenty:highland | biomesoplenty:hot_springs | biomesoplenty:ominous_woods | biomesoplenty:pumpkin_patch | biomesoplenty:snowblossom_grove | biomeswevegone:ebony_woods | biomeswevegone:frosted_coniferous_forest | biomeswevegone:maple_taiga | biomeswevegone:prairie | biomeswevegone:redwood_thicket | biomeswevegone:sakura_grove | biomeswevegone:shattered_glacier | biomeswevegone:skyris_vale | biomeswevegone:weeping_witch_forest | biomeswevegone:zelkova_forest | natures_spirit:alpine_clearings | natures_spirit:floral_ridges | natures_spirit:windswept_sugi_forest | regions_unexplored:ashen_woodland | regions_unexplored:cold_deciduous_forest | regions_unexplored:flower_fields | regions_unexplored:frozen_pine_taiga | regions_unexplored:grassland | regions_unexplored:maple_forest | regions_unexplored:orchard | regions_unexplored:redwoods | regions_unexplored:rocky_meadow
formationsoverworld:ice_castle,formationsoverworld-1.0.5c-mc1.21+.jar,data/formationsoverworld/worldgen/structure/ice_castle.json,#formationsoverworld:has_structure/ice_castle,surface/other,Other/undetermined,surface_structures,{},none,formationsoverworld:uncommon,0,0,,,True,,,
formationsoverworld:ice_spire,formationsoverworld-1.0.5c-mc1.21+.jar,data/formationsoverworld/worldgen/structure/ice_spire.json,#formationsoverworld:has_structure/ice_spire,surface/other,Overworld,surface_structures,{},beard_thin,formationsoverworld:uncommon,0,1,biomeswevegone:shattered_glacier,,True,,,biomeswevegone:shattered_glacier
formationsoverworld:igloo,formationsoverworld-1.0.5c-mc1.21+.jar,data/formationsoverworld/worldgen/structure/igloo.json,#formationsoverworld:has_structure/igloo,surface/other,Overworld,surface_structures,{},beard_thin,formationsoverworld:uncommon,0,6,biomesoplenty:auroral_garden | biomesoplenty:snowblossom_grove | biomeswevegone:frosted_coniferous_forest | biomeswevegone:shattered_glacier | regions_unexplored:cold_deciduous_forest | regions_unexplored:frozen_pine_taiga,,True,,,biomesoplenty:auroral_garden | biomesoplenty:snowblossom_grove | biomeswevegone:frosted_coniferous_forest | biomeswevegone:shattered_glacier | regions_unexplored:cold_deciduous_forest | regions_unexplored:frozen_pine_taiga
formationsoverworld:large_temple,formationsoverworld-1.0.5c-mc1.21+.jar,data/formationsoverworld/worldgen/structure/large_temple.json,#formationsoverworld:has_structure/large_temple,surface/other,Overworld,surface_structures,{},beard_thin,formationsoverworld:rare,3,3,,,False,,,biomeswevegone:bayou | biomeswevegone:crag_gardens | biomeswevegone:ebony_woods
formationsoverworld:log_shelter,formationsoverworld-1.0.5c-mc1.21+.jar,data/formationsoverworld/worldgen/structure/log_shelter.json,#formationsoverworld:has_structure/log_shelter,surface/other,Overworld,surface_structures,{},beard_thin,formationsoverworld:uncommon,21,21,,,False,,,biomesoplenty:auroral_garden | biomesoplenty:hot_springs | biomesoplenty:ominous_woods | biomesoplenty:pumpkin_patch | biomesoplenty:snowblossom_grove | biomeswevegone:ebony_woods | biomeswevegone:frosted_coniferous_forest | biomeswevegone:maple_taiga | biomeswevegone:redwood_thicket | biomeswevegone:sakura_grove | biomeswevegone:skyris_vale | biomeswevegone:weeping_witch_forest | biomeswevegone:zelkova_forest | natures_spirit:floral_ridges | natures_spirit:windswept_sugi_forest | regions_unexplored:ashen_woodland | regions_unexplored:cold_deciduous_forest | regions_unexplored:frozen_pine_taiga | regions_unexplored:maple_forest | regions_unexplored:orchard | regions_unexplored:redwoods
formationsoverworld:log_spikes,formationsoverworld-1.0.5c-mc1.21+.jar,data/formationsoverworld/worldgen/structure/log_spikes.json,#formationsoverworld:has_structure/log_spikes,surface/other,Overworld,surface_structures,{},beard_thin,formationsoverworld:uncommon,18,18,,,False,,,biomesoplenty:auroral_garden | biomesoplenty:ominous_woods | biomesoplenty:pumpkin_patch | biomesoplenty:snowblossom_grove | biomeswevegone:ebony_woods | biomeswevegone:frosted_coniferous_forest | biomeswevegone:redwood_thicket | biomeswevegone:sakura_grove | biomeswevegone:skyris_vale | biomeswevegone:weeping_witch_forest | biomeswevegone:zelkova_forest | natures_spirit:floral_ridges | natures_spirit:windswept_sugi_forest | regions_unexplored:ashen_woodland | regions_unexplored:cold_deciduous_forest | regions_unexplored:maple_forest | regions_unexplored:orchard | regions_unexplored:redwoods
formationsoverworld:mesoamerican_temple,formationsoverworld-1.0.5c-mc1.21+.jar,data/formationsoverworld/worldgen/structure/mesoamerican_temple.json,#formationsoverworld:has_structure/mesoamerican_temple,surface/other,Overworld,surface_structures,{},beard_thin,formationsoverworld:uncommon,3,3,,,False,,,biomeswevegone:bayou | biomeswevegone:crag_gardens | biomeswevegone:ebony_woods
formationsoverworld:meteor,formationsoverworld-1.0.5c-mc1.21+.jar,data/formationsoverworld/worldgen/structure/meteor.json,#formationsoverworld:has_structure/meteor,surface/other,Overworld,surface_structures,{},beard_thin,formationsoverworld:uncommon,23,23,,,False,,,biomesoplenty:auroral_garden | biomesoplenty:hot_springs | biomesoplenty:ominous_woods | biomesoplenty:pumpkin_patch | biomesoplenty:snowblossom_grove | biomeswevegone:bayou | biomeswevegone:crag_gardens | biomeswevegone:ebony_woods | biomeswevegone:frosted_coniferous_forest | biomeswevegone:maple_taiga | biomeswevegone:redwood_thicket | biomeswevegone:sakura_grove | biomeswevegone:skyris_vale | biomeswevegone:weeping_witch_forest | biomeswevegone:zelkova_forest | natures_spirit:floral_ridges | natures_spirit:windswept_sugi_forest | regions_unexplored:ashen_woodland | regions_unexplored:cold_deciduous_forest | regions_unexplored:frozen_pine_taiga | regions_unexplored:maple_forest | regions_unexplored:orchard | regions_unexplored:redwoods
formationsoverworld:mushroom_hut,formationsoverworld-1.0.5c-mc1.21+.jar,data/formationsoverworld/worldgen/structure/mushroom_hut.json,#formationsoverworld:has_structure/mushroom_hut,surface/other,Other/undetermined,surface_structures,{},beard_thin,formationsoverworld:uncommon,0,0,,,True,,,
formationsoverworld:offering,formationsoverworld-1.0.5c-mc1.21+.jar,data/formationsoverworld/worldgen/structure/offering.json,#formationsoverworld:has_structure/offering,surface/other,Overworld,surface_structures,{},beard_thin,formationsoverworld:uncommon,18,24,biomesoplenty:highland | biomeswevegone:prairie | natures_spirit:alpine_clearings | regions_unexplored:flower_fields | regions_unexplored:grassland | regions_unexplored:rocky_meadow,,False,,,biomesoplenty:auroral_garden | biomesoplenty:highland | biomesoplenty:ominous_woods | biomesoplenty:pumpkin_patch | biomesoplenty:snowblossom_grove | biomeswevegone:ebony_woods | biomeswevegone:frosted_coniferous_forest | biomeswevegone:prairie | biomeswevegone:redwood_thicket | biomeswevegone:sakura_grove | biomeswevegone:skyris_vale | biomeswevegone:weeping_witch_forest | biomeswevegone:zelkova_forest | natures_spirit:alpine_clearings | natures_spirit:floral_ridges | natures_spirit:windswept_sugi_forest | regions_unexplored:ashen_woodland | regions_unexplored:cold_deciduous_forest | regions_unexplored:flower_fields | regions_unexplored:grassland | regions_unexplored:maple_forest | regions_unexplored:orchard | regions_unexplored:redwoods | regions_unexplored:rocky_meadow
formationsoverworld:raft,formationsoverworld-1.0.5c-mc1.21+.jar,data/formationsoverworld/worldgen/structure/raft.json,#formationsoverworld:has_structure/raft,surface/other,Overworld,surface_structures,{},none,formationsoverworld:rafts,3,3,,,False,,,biomeswevegone:lush_stacks | regions_unexplored:hyacinth_deeps | regions_unexplored:rocky_reef
formationsoverworld:small_house,formationsoverworld-1.0.5c-mc1.21+.jar,data/formationsoverworld/worldgen/structure/small_house.json,#formationsoverworld:has_structure/small_house,surface/other,Overworld,surface_structures,{},beard_thin,formationsoverworld:uncommon,23,30,biomesoplenty:highland | biomeswevegone:prairie | biomeswevegone:shattered_glacier | natures_spirit:alpine_clearings | regions_unexplored:flower_fields | regions_unexplored:grassland | regions_unexplored:rocky_meadow,,False,,,biomesoplenty:auroral_garden | biomesoplenty:highland | biomesoplenty:hot_springs | biomesoplenty:ominous_woods | biomesoplenty:pumpkin_patch | biomesoplenty:snowblossom_grove | biomeswevegone:bayou | biomeswevegone:crag_gardens | biomeswevegone:ebony_woods | biomeswevegone:frosted_coniferous_forest | biomeswevegone:maple_taiga | biomeswevegone:prairie | biomeswevegone:redwood_thicket | biomeswevegone:sakura_grove | biomeswevegone:shattered_glacier | biomeswevegone:skyris_vale | biomeswevegone:weeping_witch_forest | biomeswevegone:zelkova_forest | natures_spirit:alpine_clearings | natures_spirit:floral_ridges | natures_spirit:windswept_sugi_forest | regions_unexplored:ashen_woodland | regions_unexplored:cold_deciduous_forest | regions_unexplored:flower_fields | regions_unexplored:frozen_pine_taiga | regions_unexplored:grassland | regions_unexplored:maple_forest | regions_unexplored:orchard | regions_unexplored:redwoods | regions_unexplored:rocky_meadow
formationsoverworld:small_statue,formationsoverworld-1.0.5c-mc1.21+.jar,data/formationsoverworld/worldgen/structure/small_statue.json,#formationsoverworld:has_structure/small_statue,surface/other,Overworld,surface_structures,{},beard_thin,formationsoverworld:uncommon,21,28,biomesoplenty:highland | biomeswevegone:prairie | biomeswevegone:shattered_glacier | natures_spirit:alpine_clearings | regions_unexplored:flower_fields | regions_unexplored:grassland | regions_unexplored:rocky_meadow,,False,,,biomesoplenty:auroral_garden | biomesoplenty:highland | biomesoplenty:hot_springs | biomesoplenty:ominous_woods | biomesoplenty:pumpkin_patch | biomesoplenty:snowblossom_grove | biomeswevegone:ebony_woods | biomeswevegone:frosted_coniferous_forest | biomeswevegone:maple_taiga | biomeswevegone:prairie | biomeswevegone:redwood_thicket | biomeswevegone:sakura_grove | biomeswevegone:shattered_glacier | biomeswevegone:skyris_vale | biomeswevegone:weeping_witch_forest | biomeswevegone:zelkova_forest | natures_spirit:alpine_clearings | natures_spirit:floral_ridges | natures_spirit:windswept_sugi_forest | regions_unexplored:ashen_woodland | regions_unexplored:cold_deciduous_forest | regions_unexplored:flower_fields | regions_unexplored:frozen_pine_taiga | regions_unexplored:grassland | regions_unexplored:maple_forest | regions_unexplored:orchard | regions_unexplored:redwoods | regions_unexplored:rocky_meadow
formationsoverworld:small_temple,formationsoverworld-1.0.5c-mc1.21+.jar,data/formationsoverworld/worldgen/structure/small_temple.json,#formationsoverworld:has_structure/small_temple,surface/other,Overworld,surface_structures,{},beard_thin,formationsoverworld:uncommon,3,3,,,False,,,biomeswevegone:bayou | biomeswevegone:crag_gardens | biomeswevegone:ebony_woods
formationsoverworld:stone_ore_spikes,formationsoverworld-1.0.5c-mc1.21+.jar,data/formationsoverworld/worldgen/structure/stone_ore_spikes.json,#formationsoverworld:has_structure/stone_ore_spikes,surface/other,Overworld,surface_structures,{},beard_thin,formationsoverworld:uncommon,29,32,biomeswevegone:prairie | regions_unexplored:flower_fields | regions_unexplored:grassland,,False,,,biomesoplenty:auroral_garden | biomesoplenty:highland | biomesoplenty:hot_springs | biomesoplenty:ominous_woods | biomesoplenty:pumpkin_patch | biomesoplenty:snowblossom_grove | biomesoplenty:volcano | biomeswevegone:crag_gardens | biomeswevegone:ebony_woods | biomeswevegone:frosted_coniferous_forest | biomeswevegone:maple_taiga | biomeswevegone:prairie | biomeswevegone:redwood_thicket | biomeswevegone:sakura_grove | biomeswevegone:shattered_glacier | biomeswevegone:skyris_vale | biomeswevegone:weeping_witch_forest | biomeswevegone:zelkova_forest | natures_spirit:alpine_clearings | natures_spirit:floral_ridges | natures_spirit:windswept_sugi_forest | regions_unexplored:ashen_woodland | regions_unexplored:cold_deciduous_forest | regions_unexplored:flower_fields | regions_unexplored:frozen_pine_taiga | regions_unexplored:grassland | regions_unexplored:icy_heights | regions_unexplored:maple_forest | regions_unexplored:orchard | regions_unexplored:redwoods | regions_unexplored:rocky_meadow | regions_unexplored:spires
formationsoverworld:stone_tower,formationsoverworld-1.0.5c-mc1.21+.jar,data/formationsoverworld/worldgen/structure/stone_tower.json,#formationsoverworld:has_structure/stone_tower,surface/other,Overworld,surface_structures,{},beard_thin,formationsoverworld:uncommon,26,29,biomeswevegone:prairie | regions_unexplored:flower_fields | regions_unexplored:grassland,,False,,,biomesoplenty:auroral_garden | biomesoplenty:highland | biomesoplenty:ominous_woods | biomesoplenty:pumpkin_patch | biomesoplenty:snowblossom_grove | biomesoplenty:volcano | biomeswevegone:crag_gardens | biomeswevegone:ebony_woods | biomeswevegone:frosted_coniferous_forest | biomeswevegone:prairie | biomeswevegone:redwood_thicket | biomeswevegone:sakura_grove | biomeswevegone:shattered_glacier | biomeswevegone:skyris_vale | biomeswevegone:weeping_witch_forest | biomeswevegone:zelkova_forest | natures_spirit:alpine_clearings | natures_spirit:floral_ridges | natures_spirit:windswept_sugi_forest | regions_unexplored:ashen_woodland | regions_unexplored:cold_deciduous_forest | regions_unexplored:flower_fields | regions_unexplored:grassland | regions_unexplored:icy_heights | regions_unexplored:maple_forest | regions_unexplored:orchard | regions_unexplored:redwoods | regions_unexplored:rocky_meadow | regions_unexplored:spires
formationsoverworld:tiny_house,formationsoverworld-1.0.5c-mc1.21+.jar,data/formationsoverworld/worldgen/structure/tiny_house.json,#formationsoverworld:has_structure/tiny_house,surface/other,Overworld,surface_structures,{},beard_thin,formationsoverworld:uncommon,23,30,biomesoplenty:highland | biomeswevegone:prairie | biomeswevegone:shattered_glacier | natures_spirit:alpine_clearings | regions_unexplored:flower_fields | regions_unexplored:grassland | regions_unexplored:rocky_meadow,,False,,,biomesoplenty:auroral_garden | biomesoplenty:highland | biomesoplenty:hot_springs | biomesoplenty:ominous_woods | biomesoplenty:pumpkin_patch | biomesoplenty:snowblossom_grove | biomeswevegone:bayou | biomeswevegone:crag_gardens | biomeswevegone:ebony_woods | biomeswevegone:frosted_coniferous_forest | biomeswevegone:maple_taiga | biomeswevegone:prairie | biomeswevegone:redwood_thicket | biomeswevegone:sakura_grove | biomeswevegone:shattered_glacier | biomeswevegone:skyris_vale | biomeswevegone:weeping_witch_forest | biomeswevegone:zelkova_forest | natures_spirit:alpine_clearings | natures_spirit:floral_ridges | natures_spirit:windswept_sugi_forest | regions_unexplored:ashen_woodland | regions_unexplored:cold_deciduous_forest | regions_unexplored:flower_fields | regions_unexplored:frozen_pine_taiga | regions_unexplored:grassland | regions_unexplored:maple_forest | regions_unexplored:orchard | regions_unexplored:redwoods | regions_unexplored:rocky_meadow
formationsoverworld:tower_remnant,formationsoverworld-1.0.5c-mc1.21+.jar,data/formationsoverworld/worldgen/structure/tower_remnant.json,#formationsoverworld:has_structure/tower_remnant,surface/other,Overworld,surface_structures,{},beard_thin,formationsoverworld:uncommon,21,28,biomesoplenty:highland | biomeswevegone:prairie | biomeswevegone:shattered_glacier | natures_spirit:alpine_clearings | regions_unexplored:flower_fields | regions_unexplored:grassland | regions_unexplored:rocky_meadow,,False,,,biomesoplenty:auroral_garden | biomesoplenty:highland | biomesoplenty:hot_springs | biomesoplenty:ominous_woods | biomesoplenty:pumpkin_patch | biomesoplenty:snowblossom_grove | biomeswevegone:ebony_woods | biomeswevegone:frosted_coniferous_forest | biomeswevegone:maple_taiga | biomeswevegone:prairie | biomeswevegone:redwood_thicket | biomeswevegone:sakura_grove | biomeswevegone:shattered_glacier | biomeswevegone:skyris_vale | biomeswevegone:weeping_witch_forest | biomeswevegone:zelkova_forest | natures_spirit:alpine_clearings | natures_spirit:floral_ridges | natures_spirit:windswept_sugi_forest | regions_unexplored:ashen_woodland | regions_unexplored:cold_deciduous_forest | regions_unexplored:flower_fields | regions_unexplored:frozen_pine_taiga | regions_unexplored:grassland | regions_unexplored:maple_forest | regions_unexplored:orchard | regions_unexplored:redwoods | regions_unexplored:rocky_meadow
formationsoverworld:wagon,formationsoverworld-1.0.5c-mc1.21+.jar,data/formationsoverworld/worldgen/structure/wagon.json,#formationsoverworld:has_structure/wagon,surface/other,Overworld,surface_structures,{},beard_thin,formationsoverworld:uncommon,11,22,biomesoplenty:highland | biomesoplenty:pumpkin_patch | biomeswevegone:prairie | biomeswevegone:sakura_grove | biomeswevegone:shattered_glacier | natures_spirit:alpine_clearings | natures_spirit:floral_ridges | regions_unexplored:flower_fields | regions_unexplored:grassland | regions_unexplored:orchard | regions_unexplored:rocky_meadow,,False,,,biomesoplenty:auroral_garden | biomesoplenty:highland | biomesoplenty:hot_springs | biomesoplenty:ominous_woods | biomesoplenty:pumpkin_patch | biomeswevegone:frosted_coniferous_forest | biomeswevegone:maple_taiga | biomeswevegone:prairie | biomeswevegone:redwood_thicket | biomeswevegone:sakura_grove | biomeswevegone:shattered_glacier | natures_spirit:alpine_clearings | natures_spirit:floral_ridges | natures_spirit:windswept_sugi_forest | regions_unexplored:ashen_woodland | regions_unexplored:cold_deciduous_forest | regions_unexplored:flower_fields | regions_unexplored:frozen_pine_taiga | regions_unexplored:grassland | regions_unexplored:orchard | regions_unexplored:redwoods | regions_unexplored:rocky_meadow
formationsoverworld:well,formationsoverworld-1.0.5c-mc1.21+.jar,data/formationsoverworld/worldgen/structure/well.json,#formationsoverworld:has_structure/well,surface/other,Overworld,surface_structures,{},beard_thin,formationsoverworld:uncommon,21,28,biomesoplenty:highland | biomeswevegone:prairie | biomeswevegone:shattered_glacier | natures_spirit:alpine_clearings | regions_unexplored:flower_fields | regions_unexplored:grassland | regions_unexplored:rocky_meadow,,False,,,biomesoplenty:auroral_garden | biomesoplenty:highland | biomesoplenty:hot_springs | biomesoplenty:ominous_woods | biomesoplenty:pumpkin_patch | biomesoplenty:snowblossom_grove | biomeswevegone:ebony_woods | biomeswevegone:frosted_coniferous_forest | biomeswevegone:maple_taiga | biomeswevegone:prairie | biomeswevegone:redwood_thicket | biomeswevegone:sakura_grove | biomeswevegone:shattered_glacier | biomeswevegone:skyris_vale | biomeswevegone:weeping_witch_forest | biomeswevegone:zelkova_forest | natures_spirit:alpine_clearings | natures_spirit:floral_ridges | natures_spirit:windswept_sugi_forest | regions_unexplored:ashen_woodland | regions_unexplored:cold_deciduous_forest | regions_unexplored:flower_fields | regions_unexplored:frozen_pine_taiga | regions_unexplored:grassland | regions_unexplored:maple_forest | regions_unexplored:orchard | regions_unexplored:redwoods | regions_unexplored:rocky_meadow
formationsoverworld:witch_tower,formationsoverworld-1.0.5c-mc1.21+.jar,data/formationsoverworld/worldgen/structure/witch_tower.json,#formationsoverworld:has_structure/witch_tower,surface/other,Overworld,surface_structures,{},beard_thin,formationsoverworld:rare,23,23,,,False,,,biomesoplenty:auroral_garden | biomesoplenty:hot_springs | biomesoplenty:ominous_woods | biomesoplenty:pumpkin_patch | biomesoplenty:snowblossom_grove | biomeswevegone:bayou | biomeswevegone:crag_gardens | biomeswevegone:ebony_woods | biomeswevegone:frosted_coniferous_forest | biomeswevegone:maple_taiga | biomeswevegone:redwood_thicket | biomeswevegone:sakura_grove | biomeswevegone:skyris_vale | biomeswevegone:weeping_witch_forest | biomeswevegone:zelkova_forest | natures_spirit:floral_ridges | natures_spirit:windswept_sugi_forest | regions_unexplored:ashen_woodland | regions_unexplored:cold_deciduous_forest | regions_unexplored:frozen_pine_taiga | regions_unexplored:maple_forest | regions_unexplored:orchard | regions_unexplored:redwoods
friendsandfoes:citadel,friendsandfoes-neoforge-4.0.27+mc1.21.1.jar,data/friendsandfoes/worldgen/structure/citadel.json,#friendsandfoes:has_structure/citadel,surface/other,Nether,strongholds,"{""max_inclusive"":{""absolute"":54},""min_inclusive"":{""absolute"":34},""type"":""minecraft:uniform""}",none,friendsandfoes:citadel,0,0,,,False,c:in_nether,c:in_nether,
friendsandfoes:iceologer_cabin,friendsandfoes-neoforge-4.0.27+mc1.21.1.jar,data/friendsandfoes/worldgen/structure/iceologer_cabin.json,#friendsandfoes:has_structure/iceologer_cabin,surface/other,Overworld,surface_structures,"{""absolute"":0}",beard_thin,friendsandfoes:iceologer_cabin,0,8,biomesoplenty:auroral_garden | biomesoplenty:snowblossom_grove | biomeswevegone:frosted_coniferous_forest | biomeswevegone:shattered_glacier | regions_unexplored:cold_deciduous_forest | regions_unexplored:frozen_pine_taiga | regions_unexplored:icy_heights | regions_unexplored:spires,,False,c:snowy | c:snowy_plains,c:snowy | c:snowy_plains,biomesoplenty:auroral_garden | biomesoplenty:snowblossom_grove | biomeswevegone:frosted_coniferous_forest | biomeswevegone:shattered_glacier | regions_unexplored:cold_deciduous_forest | regions_unexplored:frozen_pine_taiga | regions_unexplored:icy_heights | regions_unexplored:spires
friendsandfoes:illusioner_shack,friendsandfoes-neoforge-4.0.27+mc1.21.1.jar,data/friendsandfoes/worldgen/structure/illusioner_shack.json,#friendsandfoes:has_structure/illusioner_shack,surface/other,Overworld,surface_structures,"{""absolute"":0}",beard_thin,friendsandfoes:illusioner_shack,11,11,,,False,c:taiga,,biomesoplenty:auroral_garden | biomesoplenty:hot_springs | biomesoplenty:ominous_woods | biomeswevegone:frosted_coniferous_forest | biomeswevegone:maple_taiga | biomeswevegone:redwood_thicket | natures_spirit:windswept_sugi_forest | regions_unexplored:ashen_woodland | regions_unexplored:cold_deciduous_forest | regions_unexplored:frozen_pine_taiga | regions_unexplored:redwoods
friendsandfoes:illusioner_training_grounds,friendsandfoes-neoforge-4.0.27+mc1.21.1.jar,data/friendsandfoes/worldgen/structure/illusioner_training_grounds.json,#friendsandfoes:has_structure/illusioner_training_grounds,surface/other,Overworld,surface_structures,"{""absolute"":0}",beard_thin,friendsandfoes:illusioner_training_grounds,11,11,,,False,c:taiga,,biomesoplenty:auroral_garden | biomesoplenty:hot_springs | biomesoplenty:ominous_woods | biomeswevegone:frosted_coniferous_forest | biomeswevegone:maple_taiga | biomeswevegone:redwood_thicket | natures_spirit:windswept_sugi_forest | regions_unexplored:ashen_woodland | regions_unexplored:cold_deciduous_forest | regions_unexplored:frozen_pine_taiga | regions_unexplored:redwoods
graveyard:altar,graveyard-2.6.2 NeoForge 1.21.1.jar,data/graveyard/worldgen/structure/altar.json,#graveyard:has_structure/altar,surface/other,Overworld,surface_structures,"{""absolute"":0}",beard_box,graveyard:altar_structure,0,1,biomeswevegone:shattered_glacier,,True,,,biomeswevegone:shattered_glacier
graveyard:crypt,graveyard-2.6.2 NeoForge 1.21.1.jar,data/graveyard/worldgen/structure/crypt.json,#graveyard:has_structure/crypt,underground,Other/undetermined,underground_structures,"{""absolute"":-10}",,graveyard:crypt_structure,0,0,,,False,,,
graveyard:dead_tree,graveyard-2.6.2 NeoForge 1.21.1.jar,data/graveyard/worldgen/structure/dead_tree.json,#graveyard:has_structure/dead_tree,surface/other,Overworld,surface_structures,"{""absolute"":1}",beard_box,graveyard:dead_tree_structure,25,25,,,False,,,biomesoplenty:auroral_garden | biomesoplenty:hot_springs | biomesoplenty:ominous_woods | biomesoplenty:snowblossom_grove | biomeswevegone:bayou | biomeswevegone:crag_gardens | biomeswevegone:ebony_woods | biomeswevegone:frosted_coniferous_forest | biomeswevegone:maple_taiga | biomeswevegone:prairie | biomeswevegone:redwood_thicket | biomeswevegone:sakura_grove | biomeswevegone:skyris_vale | biomeswevegone:weeping_witch_forest | biomeswevegone:zelkova_forest | natures_spirit:windswept_sugi_forest | regions_unexplored:ashen_woodland | regions_unexplored:cold_deciduous_forest | regions_unexplored:fen | regions_unexplored:frozen_pine_taiga | regions_unexplored:icy_heights | regions_unexplored:maple_forest | regions_unexplored:marsh | regions_unexplored:orchard | regions_unexplored:redwoods
graveyard:giant_mushroom,graveyard-2.6.2 NeoForge 1.21.1.jar,data/graveyard/worldgen/structure/giant_mushroom.json,#graveyard:has_structure/giant_mushroom,surface/other,Other/undetermined,surface_structures,"{""absolute"":1}",beard_thin,graveyard:giant_mushroom_structure,0,0,,,False,,,
graveyard:haunted_house,graveyard-2.6.2 NeoForge 1.21.1.jar,data/graveyard/worldgen/structure/haunted_house.json,#graveyard:has_structure/haunted_house,surface/other,Overworld,surface_structures,"{""absolute"":0}",beard_box,graveyard:haunted_house_structure,4,11,biomesoplenty:ominous_woods | biomeswevegone:ebony_woods | biomeswevegone:maple_taiga | biomeswevegone:redwood_thicket | biomeswevegone:weeping_witch_forest | natures_spirit:windswept_sugi_forest | regions_unexplored:redwoods,,False,,,biomesoplenty:hot_springs | biomesoplenty:ominous_woods | biomeswevegone:bayou | biomeswevegone:ebony_woods | biomeswevegone:maple_taiga | biomeswevegone:redwood_thicket | biomeswevegone:weeping_witch_forest | natures_spirit:windswept_sugi_forest | regions_unexplored:fen | regions_unexplored:marsh | regions_unexplored:redwoods
graveyard:large_graveyard,graveyard-2.6.2 NeoForge 1.21.1.jar,data/graveyard/worldgen/structure/large_graveyard.json,#graveyard:has_structure/large_graveyard,surface/other,Overworld,surface_structures,"{""absolute"":0}",beard_box,graveyard:large_graveyard_structure,10,20,biomesoplenty:auroral_garden | biomesoplenty:ominous_woods | biomesoplenty:snowblossom_grove | biomeswevegone:frosted_coniferous_forest | biomeswevegone:maple_taiga | biomeswevegone:redwood_thicket | natures_spirit:windswept_sugi_forest | regions_unexplored:cold_deciduous_forest | regions_unexplored:frozen_pine_taiga | regions_unexplored:redwoods,,False,,,biomesoplenty:auroral_garden | biomesoplenty:highland | biomesoplenty:ominous_woods | biomesoplenty:pumpkin_patch | biomesoplenty:snowblossom_grove | biomeswevegone:frosted_coniferous_forest | biomeswevegone:maple_taiga | biomeswevegone:prairie | biomeswevegone:redwood_thicket | biomeswevegone:sakura_grove | natures_spirit:alpine_clearings | natures_spirit:floral_ridges | natures_spirit:windswept_sugi_forest | regions_unexplored:cold_deciduous_forest | regions_unexplored:flower_fields | regions_unexplored:frozen_pine_taiga | regions_unexplored:grassland | regions_unexplored:orchard | regions_unexplored:redwoods | regions_unexplored:rocky_meadow
graveyard:lich_prison,graveyard-2.6.2 NeoForge 1.21.1.jar,data/graveyard/worldgen/structure/lich_prison.json,#graveyard:has_structure/lich_prison,surface/other,Other/undetermined,surface_structures,"{""absolute"":0}",,graveyard:lich_prison_structure,0,0,,,True,,,
graveyard:medium_graveyard,graveyard-2.6.2 NeoForge 1.21.1.jar,data/graveyard/worldgen/structure/medium_graveyard.json,#graveyard:has_structure/medium_graveyard,surface/other,Overworld,surface_structures,"{""absolute"":0}",beard_box,graveyard:medium_graveyard_structure,0,13,biomesoplenty:ominous_woods | biomesoplenty:pumpkin_patch | biomeswevegone:redwood_thicket | biomeswevegone:sakura_grove | biomeswevegone:skyris_vale | biomeswevegone:weeping_witch_forest | biomeswevegone:zelkova_forest | natures_spirit:floral_ridges | natures_spirit:windswept_sugi_forest | regions_unexplored:flower_fields | regions_unexplored:maple_forest | regions_unexplored:orchard | regions_unexplored:redwoods,,False,,,biomesoplenty:ominous_woods | biomesoplenty:pumpkin_patch | biomeswevegone:redwood_thicket | biomeswevegone:sakura_grove | biomeswevegone:skyris_vale | biomeswevegone:weeping_witch_forest | biomeswevegone:zelkova_forest | natures_spirit:floral_ridges | natures_spirit:windswept_sugi_forest | regions_unexplored:flower_fields | regions_unexplored:maple_forest | regions_unexplored:orchard | regions_unexplored:redwoods
graveyard:memorial_tree,graveyard-2.6.2 NeoForge 1.21.1.jar,data/graveyard/worldgen/structure/memorial_tree.json,#graveyard:has_structure/memorial_tree,surface/other,Overworld,surface_structures,"{""absolute"":0}",beard_box,graveyard:memorial_tree_structure,0,2,biomeswevegone:sakura_grove | regions_unexplored:maple_forest,,False,,,biomeswevegone:sakura_grove | regions_unexplored:maple_forest
graveyard:mushroom_grave,graveyard-2.6.2 NeoForge 1.21.1.jar,data/graveyard/worldgen/structure/mushroom_grave.json,#graveyard:has_structure/mushroom_grave,surface/other,Overworld,surface_structures,"{""absolute"":0}",beard_box,graveyard:mushroom_grave_structure,4,6,biomeswevegone:crag_gardens | biomeswevegone:ebony_woods,,False,,,biomesoplenty:hot_springs | biomeswevegone:bayou | biomeswevegone:crag_gardens | biomeswevegone:ebony_woods | regions_unexplored:fen | regions_unexplored:marsh
graveyard:ruins,graveyard-2.6.2 NeoForge 1.21.1.jar,data/graveyard/worldgen/structure/ruins.json,#graveyard:has_structure/ruins,surface/other,Overworld,surface_structures,"{""absolute"":0}",beard_box,graveyard:ruins_structure,24,24,,,False,,,biomesoplenty:auroral_garden | biomesoplenty:hot_springs | biomesoplenty:ominous_woods | biomesoplenty:snowblossom_grove | biomeswevegone:bayou | biomeswevegone:crag_gardens | biomeswevegone:ebony_woods | biomeswevegone:frosted_coniferous_forest | biomeswevegone:maple_taiga | biomeswevegone:prairie | biomeswevegone:redwood_thicket | biomeswevegone:sakura_grove | biomeswevegone:skyris_vale | biomeswevegone:weeping_witch_forest | biomeswevegone:zelkova_forest | natures_spirit:windswept_sugi_forest | regions_unexplored:ashen_woodland | regions_unexplored:cold_deciduous_forest | regions_unexplored:fen | regions_unexplored:frozen_pine_taiga | regions_unexplored:maple_forest | regions_unexplored:marsh | regions_unexplored:orchard | regions_unexplored:redwoods
graveyard:small_desert_grave,graveyard-2.6.2 NeoForge 1.21.1.jar,data/graveyard/worldgen/structure/small_desert_grave.json,#graveyard:has_structure/small_desert_grave,surface/other,Other/undetermined,surface_structures,"{""absolute"":0}",beard_box,graveyard:small_desert_grave_structure,0,0,,,True,,,
graveyard:small_desert_graveyard,graveyard-2.6.2 NeoForge 1.21.1.jar,data/graveyard/worldgen/structure/small_desert_graveyard.json,#graveyard:has_structure/small_desert_graveyard,surface/other,Other/undetermined,surface_structures,"{""absolute"":0}",beard_box,graveyard:small_desert_graveyard_structure,0,0,,,True,,,
graveyard:small_grave,graveyard-2.6.2 NeoForge 1.21.1.jar,data/graveyard/worldgen/structure/small_grave.json,#graveyard:has_structure/small_grave,surface/other,Overworld,surface_structures,"{""absolute"":0}",beard_box,graveyard:small_grave_structure,32,32,,,False,,,biomesoplenty:auroral_garden | biomesoplenty:highland | biomesoplenty:hot_springs | biomesoplenty:ominous_woods | biomesoplenty:pumpkin_patch | biomesoplenty:snowblossom_grove | biomeswevegone:bayou | biomeswevegone:crag_gardens | biomeswevegone:ebony_woods | biomeswevegone:frosted_coniferous_forest | biomeswevegone:maple_taiga | biomeswevegone:prairie | biomeswevegone:redwood_thicket | biomeswevegone:sakura_grove | biomeswevegone:skyris_vale | biomeswevegone:weeping_witch_forest | biomeswevegone:zelkova_forest | natures_spirit:alpine_clearings | natures_spirit:floral_ridges | natures_spirit:windswept_sugi_forest | regions_unexplored:ashen_woodland | regions_unexplored:cold_deciduous_forest | regions_unexplored:fen | regions_unexplored:flower_fields | regions_unexplored:frozen_pine_taiga | regions_unexplored:grassland | regions_unexplored:icy_heights | regions_unexplored:maple_forest | regions_unexplored:marsh | regions_unexplored:orchard | regions_unexplored:redwoods | regions_unexplored:rocky_meadow
graveyard:small_graveyard,graveyard-2.6.2 NeoForge 1.21.1.jar,data/graveyard/worldgen/structure/small_graveyard.json,#graveyard:has_structure/small_graveyard,surface/other,Overworld,surface_structures,"{""absolute"":0}",beard_box,graveyard:small_graveyard_structure,10,10,,,False,,,biomesoplenty:highland | biomesoplenty:pumpkin_patch | biomeswevegone:prairie | biomeswevegone:sakura_grove | natures_spirit:alpine_clearings | natures_spirit:floral_ridges | regions_unexplored:flower_fields | regions_unexplored:grassland | regions_unexplored:orchard | regions_unexplored:rocky_meadow
graveyard:small_mountain_grave,graveyard-2.6.2 NeoForge 1.21.1.jar,data/graveyard/worldgen/structure/small_mountain_grave.json,#graveyard:has_structure/small_mountain_grave,surface/other,Overworld,surface_structures,"{""absolute"":0}",beard_box,graveyard:small_mountain_grave_structure,10,10,,,False,,,biomesoplenty:highland | biomesoplenty:volcano | biomeswevegone:crag_gardens | biomeswevegone:shattered_glacier | natures_spirit:alpine_clearings | natures_spirit:floral_ridges | natures_spirit:windswept_sugi_forest | regions_unexplored:icy_heights | regions_unexplored:rocky_meadow | regions_unexplored:spires
graveyard:small_savanna_grave,graveyard-2.6.2 NeoForge 1.21.1.jar,data/graveyard/worldgen/structure/small_savanna_grave.json,#graveyard:has_structure/small_savanna_grave,surface/other,Overworld,surface_structures,"{""absolute"":0}",beard_box,graveyard:small_savanna_grave_structure,14,14,regions_unexplored:ashen_woodland,biomesoplenty:hot_springs,False,,,biomesoplenty:highland | biomesoplenty:pumpkin_patch | biomesoplenty:volcano | biomeswevegone:crag_gardens | biomeswevegone:ebony_woods | biomeswevegone:prairie | biomeswevegone:sakura_grove | natures_spirit:alpine_clearings | natures_spirit:floral_ridges | regions_unexplored:ashen_woodland | regions_unexplored:flower_fields | regions_unexplored:grassland | regions_unexplored:orchard | regions_unexplored:rocky_meadow
iceandfire:cyclops_cave,iceandfire-2.1.3.jar,data/iceandfire/worldgen/structure/cyclops_cave.json,#iceandfire:structure_gen/cyclops_cave,surface/other,Overworld,surface_structures,{},beard_thin,iceandfire:cyclops_cave,1,1,,,False,,,regions_unexplored:grassy_beach
iceandfire:fire_dragon_cave,iceandfire-2.1.3.jar,data/iceandfire/worldgen/structure/fire_dragon_cave.json,#iceandfire:structure_gen/fire,underground,Overworld,underground_structures,{},,iceandfire:dragon_cave,7,16,biomesoplenty:pumpkin_patch | biomeswevegone:bayou | biomeswevegone:sakura_grove | natures_spirit:alpine_clearings | regions_unexplored:ashen_woodland | regions_unexplored:flower_fields | regions_unexplored:grassland | regions_unexplored:marsh | regions_unexplored:orchard | regions_unexplored:rocky_meadow,biomesoplenty:hot_springs,False,c:climate_hot,,biomesoplenty:highland | biomesoplenty:pumpkin_patch | biomesoplenty:volcano | biomeswevegone:bayou | biomeswevegone:crag_gardens | biomeswevegone:ebony_woods | biomeswevegone:prairie | biomeswevegone:sakura_grove | natures_spirit:alpine_clearings | natures_spirit:floral_ridges | regions_unexplored:ashen_woodland | regions_unexplored:flower_fields | regions_unexplored:grassland | regions_unexplored:marsh | regions_unexplored:orchard | regions_unexplored:rocky_meadow
iceandfire:fire_dragon_roost,iceandfire-2.1.3.jar,data/iceandfire/worldgen/structure/fire_dragon_roost.json,#iceandfire:structure_gen/fire,surface/other,Overworld,surface_structures,{},beard_thin,iceandfire:dragon_roost,7,16,biomesoplenty:pumpkin_patch | biomeswevegone:bayou | biomeswevegone:sakura_grove | natures_spirit:alpine_clearings | regions_unexplored:ashen_woodland | regions_unexplored:flower_fields | regions_unexplored:grassland | regions_unexplored:marsh | regions_unexplored:orchard | regions_unexplored:rocky_meadow,biomesoplenty:hot_springs,False,c:climate_hot,,biomesoplenty:highland | biomesoplenty:pumpkin_patch | biomesoplenty:volcano | biomeswevegone:bayou | biomeswevegone:crag_gardens | biomeswevegone:ebony_woods | biomeswevegone:prairie | biomeswevegone:sakura_grove | natures_spirit:alpine_clearings | natures_spirit:floral_ridges | regions_unexplored:ashen_woodland | regions_unexplored:flower_fields | regions_unexplored:grassland | regions_unexplored:marsh | regions_unexplored:orchard | regions_unexplored:rocky_meadow
iceandfire:gorgon_temple,iceandfire-2.1.3.jar,data/iceandfire/worldgen/structure/gorgon_temple.json,#iceandfire:structure_gen/gorgon_temple,surface/other,Overworld,surface_structures,"{""absolute"":0}",beard_thin,iceandfire:gorgon_temple,1,1,,,False,,,regions_unexplored:grassy_beach
iceandfire:graveyard,iceandfire-2.1.3.jar,data/iceandfire/worldgen/structure/graveyard.json,#iceandfire:structure_gen/graveyard,surface/other,Overworld,surface_structures,"{""absolute"":0}",beard_thin,iceandfire:graveyard,25,25,,,False,,,biomesoplenty:auroral_garden | biomesoplenty:highland | biomesoplenty:hot_springs | biomesoplenty:ominous_woods | biomesoplenty:pumpkin_patch | biomesoplenty:snowblossom_grove | biomesoplenty:volcano | natures_spirit:alpine_clearings | regions_unexplored:ashen_woodland | regions_unexplored:cold_deciduous_forest | regions_unexplored:fen | regions_unexplored:flower_fields | regions_unexplored:frozen_pine_taiga | regions_unexplored:grassland | regions_unexplored:grassy_beach | regions_unexplored:hyacinth_deeps | regions_unexplored:icy_heights | regions_unexplored:maple_forest | regions_unexplored:marsh | regions_unexplored:muddy_river | regions_unexplored:orchard | regions_unexplored:redwoods | regions_unexplored:rocky_meadow | regions_unexplored:rocky_reef | regions_unexplored:spires
iceandfire:hydra_cave,iceandfire-2.1.3.jar,data/iceandfire/worldgen/structure/hydra_cave.json,#iceandfire:structure_gen/hydra_cave,surface/other,Overworld,surface_structures,{},beard_thin,iceandfire:hydra_cave,0,4,biomesoplenty:hot_springs | biomeswevegone:bayou | regions_unexplored:fen | regions_unexplored:marsh,,True,,,biomesoplenty:hot_springs | biomeswevegone:bayou | regions_unexplored:fen | regions_unexplored:marsh
iceandfire:ice_dragon_cave,iceandfire-2.1.3.jar,data/iceandfire/worldgen/structure/ice_dragon_cave.json,#iceandfire:structure_gen/ice,underground,Overworld,underground_structures,{},,iceandfire:dragon_cave,10,17,biomesoplenty:hot_springs | biomesoplenty:ominous_woods | biomeswevegone:redwood_thicket | biomeswevegone:skyris_vale | biomeswevegone:weeping_witch_forest | biomeswevegone:zelkova_forest | natures_spirit:windswept_sugi_forest | regions_unexplored:redwoods,natures_spirit:alpine_clearings,False,c:climate_cold,,biomesoplenty:auroral_garden | biomesoplenty:hot_springs | biomesoplenty:ominous_woods | biomesoplenty:snowblossom_grove | biomeswevegone:frosted_coniferous_forest | biomeswevegone:maple_taiga | biomeswevegone:redwood_thicket | biomeswevegone:shattered_glacier | biomeswevegone:skyris_vale | biomeswevegone:weeping_witch_forest | biomeswevegone:zelkova_forest | natures_spirit:windswept_sugi_forest | regions_unexplored:cold_deciduous_forest | regions_unexplored:frozen_pine_taiga | regions_unexplored:icy_heights | regions_unexplored:redwoods | regions_unexplored:spires
iceandfire:ice_dragon_roost,iceandfire-2.1.3.jar,data/iceandfire/worldgen/structure/ice_dragon_roost.json,#iceandfire:structure_gen/ice,surface/other,Overworld,surface_structures,{},beard_thin,iceandfire:dragon_roost,10,17,biomesoplenty:hot_springs | biomesoplenty:ominous_woods | biomeswevegone:redwood_thicket | biomeswevegone:skyris_vale | biomeswevegone:weeping_witch_forest | biomeswevegone:zelkova_forest | natures_spirit:windswept_sugi_forest | regions_unexplored:redwoods,natures_spirit:alpine_clearings,False,c:climate_cold,,biomesoplenty:auroral_garden | biomesoplenty:hot_springs | biomesoplenty:ominous_woods | biomesoplenty:snowblossom_grove | biomeswevegone:frosted_coniferous_forest | biomeswevegone:maple_taiga | biomeswevegone:redwood_thicket | biomeswevegone:shattered_glacier | biomeswevegone:skyris_vale | biomeswevegone:weeping_witch_forest | biomeswevegone:zelkova_forest | natures_spirit:windswept_sugi_forest | regions_unexplored:cold_deciduous_forest | regions_unexplored:frozen_pine_taiga | regions_unexplored:icy_heights | regions_unexplored:redwoods | regions_unexplored:spires
iceandfire:lightning_dragon_cave,iceandfire-2.1.3.jar,data/iceandfire/worldgen/structure/lightning_dragon_cave.json,#iceandfire:structure_gen/lightning,underground,Overworld,underground_structures,{},,iceandfire:dragon_cave,3,6,biomesoplenty:hot_springs | regions_unexplored:fen | regions_unexplored:marsh,,False,,,biomesoplenty:hot_springs | biomeswevegone:bayou | biomeswevegone:crag_gardens | biomeswevegone:ebony_woods | regions_unexplored:fen | regions_unexplored:marsh
iceandfire:lightning_dragon_roost,iceandfire-2.1.3.jar,data/iceandfire/worldgen/structure/lightning_dragon_roost.json,#iceandfire:structure_gen/lightning,surface/other,Overworld,surface_structures,{},beard_thin,iceandfire:dragon_roost,3,6,biomesoplenty:hot_springs | regions_unexplored:fen | regions_unexplored:marsh,,False,,,biomesoplenty:hot_springs | biomeswevegone:bayou | biomeswevegone:crag_gardens | biomeswevegone:ebony_woods | regions_unexplored:fen | regions_unexplored:marsh
iceandfire:mausoleum,iceandfire-2.1.3.jar,data/iceandfire/worldgen/structure/mausoleum.json,#iceandfire:structure_gen/mausoleum,surface/other,Overworld,surface_structures,"{""absolute"":0}",beard_thin,iceandfire:mausoleum,10,13,biomesoplenty:hot_springs | biomeswevegone:skyris_vale | biomeswevegone:weeping_witch_forest | biomeswevegone:zelkova_forest,natures_spirit:alpine_clearings,True,,,biomesoplenty:auroral_garden | biomesoplenty:hot_springs | biomesoplenty:snowblossom_grove | biomeswevegone:frosted_coniferous_forest | biomeswevegone:maple_taiga | biomeswevegone:shattered_glacier | biomeswevegone:skyris_vale | biomeswevegone:weeping_witch_forest | biomeswevegone:zelkova_forest | regions_unexplored:cold_deciduous_forest | regions_unexplored:frozen_pine_taiga | regions_unexplored:icy_heights | regions_unexplored:spires
iceandfire:pixie_village,iceandfire-2.1.3.jar,data/iceandfire/worldgen/structure/pixie_village.json,#iceandfire:structure_gen/pixie_village,surface/other,Overworld,surface_structures,{},beard_thin,iceandfire:pixie_village,20,22,biomeswevegone:maple_taiga | regions_unexplored:flower_fields,,False,,,biomesoplenty:auroral_garden | biomesoplenty:ominous_woods | biomesoplenty:pumpkin_patch | biomesoplenty:snowblossom_grove | biomeswevegone:bayou | biomeswevegone:crag_gardens | biomeswevegone:ebony_woods | biomeswevegone:frosted_coniferous_forest | biomeswevegone:maple_taiga | biomeswevegone:redwood_thicket | biomeswevegone:sakura_grove | biomeswevegone:skyris_vale | biomeswevegone:weeping_witch_forest | biomeswevegone:zelkova_forest | natures_spirit:floral_ridges | natures_spirit:windswept_sugi_forest | regions_unexplored:ashen_woodland | regions_unexplored:cold_deciduous_forest | regions_unexplored:flower_fields | regions_unexplored:maple_forest | regions_unexplored:orchard | regions_unexplored:redwoods
iceandfire:siren_island,iceandfire-2.1.3.jar,data/iceandfire/worldgen/structure/siren_island.json,#iceandfire:structure_gen/siren_island,surface/other,Overworld,surface_structures,{},beard_thin,iceandfire:siren_island,3,3,,,False,,,biomeswevegone:lush_stacks | regions_unexplored:hyacinth_deeps | regions_unexplored:rocky_reef
idas:abandoned_lighthouse,idas-1.13.7+1.21.1-neoforge.jar,data/idas/worldgen/structure/abandoned_lighthouse.json,#idas:has_structure/beaches,surface/other,Overworld,surface_structures,"{""absolute"":0}",,idas:idas_small,1,1,,,False,c:beach | forge:is_beach,,regions_unexplored:grassy_beach
idas:abandoned_vineyard,idas-1.13.7+1.21.1-neoforge.jar,data/idas/worldgen/structure/abandoned_vineyard.json,#idas:has_structure/savannas,surface/other,Other/undetermined,surface_structures,"{""absolute"":0}",beard_thin,ambient_odyssey:idas_ordinary_houses,0,0,,,False,c:savanna | forge:is_savanna,c:savanna | forge:is_savanna,
idas:abandonedhouse,idas-1.13.7+1.21.1-neoforge.jar,data/idas/worldgen/structure/abandonedhouse.json,#idas:has_structure/abandonedhouse_biomes,surface/other,Overworld,surface_structures,"{""absolute"":0}",beard_thin,ambient_odyssey:idas_ordinary_houses,4,18,biomesoplenty:ominous_woods | biomesoplenty:pumpkin_patch | biomeswevegone:prairie | biomeswevegone:redwood_thicket | biomeswevegone:sakura_grove | biomeswevegone:skyris_vale | biomeswevegone:weeping_witch_forest | biomeswevegone:zelkova_forest | natures_spirit:alpine_clearings | natures_spirit:floral_ridges | natures_spirit:windswept_sugi_forest | regions_unexplored:flower_fields | regions_unexplored:redwoods | regions_unexplored:rocky_meadow,,False,c:plains,c:plains,biomesoplenty:highland | biomesoplenty:ominous_woods | biomesoplenty:pumpkin_patch | biomeswevegone:prairie | biomeswevegone:redwood_thicket | biomeswevegone:sakura_grove | biomeswevegone:skyris_vale | biomeswevegone:weeping_witch_forest | biomeswevegone:zelkova_forest | natures_spirit:alpine_clearings | natures_spirit:floral_ridges | natures_spirit:windswept_sugi_forest | regions_unexplored:flower_fields | regions_unexplored:grassland | regions_unexplored:maple_forest | regions_unexplored:orchard | regions_unexplored:redwoods | regions_unexplored:rocky_meadow
idas:ancient_mines,idas-1.13.7+1.21.1-neoforge.jar,data/idas/worldgen/structure/ancient_mines.json,#idas:has_structure/ancient_mines_biomes,surface/other,Overworld,surface_structures,"{""absolute"":0}",,idas:idas_rare,10,10,,,False,c:extreme_hills | c:mountain | c:mountain_peak | c:mountain_slope | forge:is_hills | forge:is_peak,,biomesoplenty:highland | biomesoplenty:volcano | biomeswevegone:crag_gardens | biomeswevegone:shattered_glacier | natures_spirit:alpine_clearings | natures_spirit:floral_ridges | natures_spirit:windswept_sugi_forest | regions_unexplored:icy_heights | regions_unexplored:rocky_meadow | regions_unexplored:spires
idas:ancient_portal/ancient_portal,idas-1.13.7+1.21.1-neoforge.jar,data/idas/worldgen/structure/ancient_portal/ancient_portal.json,#idas:has_structure/ancient_portal_biomes,underground,Overworld,underground_structures,"{""absolute"":-45}",beard_box,idas:idas_underground_rare,32,35,biomeswevegone:maple_taiga | biomeswevegone:prairie | regions_unexplored:flower_fields,,False,byg:is_icy | c:badlands | c:caves | c:desert | c:extreme_hills | c:forest | c:in_jungle | c:in_mesa | c:mountain | c:mountain_peak | c:mountain_slope | c:mushroom | c:plains | c:savanna | c:snowy_plains | c:swamp | c:underground | forge:is_badlands | forge:is_cave | forge:is_desert | forge:is_forest | forge:is_hills | forge:is_icy | forge:is_jungle | forge:is_mesa | forge:is_mushroom | forge:is_peak | forge:is_savanna | forge:is_swamp | forge:is_underground,byg:is_icy | c:badlands | c:caves | c:desert | c:in_jungle | c:in_mesa | c:mushroom | c:plains | c:savanna | c:snowy_plains | c:underground | forge:is_badlands | forge:is_cave | forge:is_desert | forge:is_mesa | forge:is_mushroom | forge:is_savanna | forge:is_underground,biomesoplenty:auroral_garden | biomesoplenty:highland | biomesoplenty:hot_springs | biomesoplenty:ominous_woods | biomesoplenty:pumpkin_patch | biomesoplenty:snowblossom_grove | biomesoplenty:volcano | biomeswevegone:bayou | biomeswevegone:crag_gardens | biomeswevegone:ebony_woods | biomeswevegone:frosted_coniferous_forest | biomeswevegone:maple_taiga | biomeswevegone:prairie | biomeswevegone:redwood_thicket | biomeswevegone:sakura_grove | biomeswevegone:shattered_glacier | biomeswevegone:skyris_vale | biomeswevegone:weeping_witch_forest | biomeswevegone:zelkova_forest | natures_spirit:alpine_clearings | natures_spirit:floral_ridges | natures_spirit:windswept_sugi_forest | regions_unexplored:ashen_woodland | regions_unexplored:cold_deciduous_forest | regions_unexplored:fen | regions_unexplored:flower_fields | regions_unexplored:frozen_pine_taiga | regions_unexplored:grassland | regions_unexplored:icy_heights | regions_unexplored:maple_forest | regions_unexplored:marsh | regions_unexplored:orchard | regions_unexplored:redwoods | regions_unexplored:rocky_meadow | regions_unexplored:spires
idas:ancient_portal/nether_ancient_portal,idas-1.13.7+1.21.1-neoforge.jar,data/idas/worldgen/structure/ancient_portal/nether_ancient_portal.json,#idas:has_structure/nether_biomes,surface/other,Nether,surface_structures,"{""absolute"":0}",beard_box,idas:idas_nether,0,0,,,False,c:in_nether | c:nether | forge:is_nether,c:in_nether | c:nether | forge:is_nether,
idas:ancient_statue/ancient_statue_desert,idas-1.13.7+1.21.1-neoforge.jar,data/idas/worldgen/structure/ancient_statue/ancient_statue_desert.json,#idas:has_structure/desert_biomes,surface/other,Other/undetermined,surface_structures,"{""absolute"":0}",beard_thin,idas:idas_small,0,0,,,False,c:desert | forge:is_desert,c:desert | forge:is_desert,
idas:ancient_statue/ancient_statue_jungle,idas-1.13.7+1.21.1-neoforge.jar,data/idas/worldgen/structure/ancient_statue/ancient_statue_jungle.json,#idas:has_structure/jungle_biomes,surface/other,Overworld,surface_structures,"{""absolute"":0}",beard_thin,idas:idas_small,3,3,,,False,c:in_jungle | forge:is_jungle,c:in_jungle,biomeswevegone:bayou | biomeswevegone:crag_gardens | biomeswevegone:ebony_woods
idas:ancient_statue/ancient_statue_plains,idas-1.13.7+1.21.1-neoforge.jar,data/idas/worldgen/structure/ancient_statue/ancient_statue_plains.json,#idas:has_structure/abandonedhouse_biomes,surface/other,Overworld,surface_structures,"{""absolute"":0}",beard_thin,idas:idas_small,4,18,biomesoplenty:ominous_woods | biomesoplenty:pumpkin_patch | biomeswevegone:prairie | biomeswevegone:redwood_thicket | biomeswevegone:sakura_grove | biomeswevegone:skyris_vale | biomeswevegone:weeping_witch_forest | biomeswevegone:zelkova_forest | natures_spirit:alpine_clearings | natures_spirit:floral_ridges | natures_spirit:windswept_sugi_forest | regions_unexplored:flower_fields | regions_unexplored:redwoods | regions_unexplored:rocky_meadow,,False,c:plains,c:plains,biomesoplenty:highland | biomesoplenty:ominous_woods | biomesoplenty:pumpkin_patch | biomeswevegone:prairie | biomeswevegone:redwood_thicket | biomeswevegone:sakura_grove | biomeswevegone:skyris_vale | biomeswevegone:weeping_witch_forest | biomeswevegone:zelkova_forest | natures_spirit:alpine_clearings | natures_spirit:floral_ridges | natures_spirit:windswept_sugi_forest | regions_unexplored:flower_fields | regions_unexplored:grassland | regions_unexplored:maple_forest | regions_unexplored:orchard | regions_unexplored:redwoods | regions_unexplored:rocky_meadow
idas:animal_den/forest_den,idas-1.13.7+1.21.1-neoforge.jar,data/idas/worldgen/structure/animal_den/forest_den.json,#idas:has_structure/forest_biomes,surface/other,Overworld,surface_structures,"{""absolute"":0}",beard_thin,idas:idas_small,18,18,,,False,c:forest | forge:is_forest,,biomesoplenty:auroral_garden | biomesoplenty:ominous_woods | biomesoplenty:pumpkin_patch | biomesoplenty:snowblossom_grove | biomeswevegone:ebony_woods | biomeswevegone:frosted_coniferous_forest | biomeswevegone:redwood_thicket | biomeswevegone:sakura_grove | biomeswevegone:skyris_vale | biomeswevegone:weeping_witch_forest | biomeswevegone:zelkova_forest | natures_spirit:floral_ridges | natures_spirit:windswept_sugi_forest | regions_unexplored:ashen_woodland | regions_unexplored:cold_deciduous_forest | regions_unexplored:maple_forest | regions_unexplored:orchard | regions_unexplored:redwoods
idas:animal_den/foxhound_den,idas-1.13.7+1.21.1-neoforge.jar,data/idas/worldgen/structure/animal_den/foxhound_den.json,#idas:has_structure/nether_biomes,surface/other,Nether,surface_structures,"{""absolute"":0}",beard_box,idas:idas_small_nether,0,0,,,False,c:in_nether | c:nether | forge:is_nether,c:in_nether | c:nether | forge:is_nether,
idas:animal_den/polar_bear_den,idas-1.13.7+1.21.1-neoforge.jar,data/idas/worldgen/structure/animal_den/polar_bear_den.json,#idas:has_structure/polar_bear_den_biomes,surface/other,Overworld,surface_structures,"{""absolute"":0}",beard_thin,idas:idas_small,6,8,biomesoplenty:snowblossom_grove | biomeswevegone:frosted_coniferous_forest,,False,byg:is_icy | c:snowy_plains | forge:is_icy,byg:is_icy | c:snowy_plains,biomesoplenty:auroral_garden | biomesoplenty:snowblossom_grove | biomeswevegone:frosted_coniferous_forest | biomeswevegone:shattered_glacier | regions_unexplored:cold_deciduous_forest | regions_unexplored:frozen_pine_taiga | regions_unexplored:icy_heights | regions_unexplored:spires
idas:apothecary_abode,idas-1.13.7+1.21.1-neoforge.jar,data/idas/worldgen/structure/apothecary_abode.json,#idas:has_structure/apothecary_abode_biomes,surface/other,Overworld,surface_structures,"{""absolute"":0}",,idas:idas_common,3,10,biomeswevegone:bayou | biomeswevegone:crag_gardens | biomeswevegone:ebony_woods | biomeswevegone:maple_taiga | biomeswevegone:redwood_thicket | biomeswevegone:weeping_witch_forest | natures_spirit:windswept_sugi_forest,,False,c:dead | forge:is_dead | forge:is_spooky,c:dead | forge:is_dead | forge:is_spooky,biomesoplenty:ominous_woods | biomeswevegone:bayou | biomeswevegone:crag_gardens | biomeswevegone:ebony_woods | biomeswevegone:maple_taiga | biomeswevegone:redwood_thicket | biomeswevegone:weeping_witch_forest | natures_spirit:windswept_sugi_forest | regions_unexplored:ashen_woodland | regions_unexplored:redwoods
idas:ars_nouveau/archmages_tower,idas-1.13.7+1.21.1-neoforge.jar,data/idas/worldgen/structure/ars_nouveau/archmages_tower.json,#idas:has_structure/archmages_tower_biomes,surface/other,Overworld,surface_structures,"{""absolute"":0}",,idas:idas_rare,6,20,biomesoplenty:pumpkin_patch | biomeswevegone:ebony_woods | biomeswevegone:prairie | biomeswevegone:redwood_thicket | biomeswevegone:sakura_grove | biomeswevegone:skyris_vale | biomeswevegone:weeping_witch_forest | biomeswevegone:zelkova_forest | natures_spirit:alpine_clearings | natures_spirit:floral_ridges | natures_spirit:windswept_sugi_forest | regions_unexplored:flower_fields | regions_unexplored:redwoods | regions_unexplored:rocky_meadow,,False,c:dead | c:plains | forge:is_dead | forge:is_spooky,c:dead | c:plains | forge:is_dead | forge:is_spooky,biomesoplenty:highland | biomesoplenty:ominous_woods | biomesoplenty:pumpkin_patch | biomeswevegone:ebony_woods | biomeswevegone:prairie | biomeswevegone:redwood_thicket | biomeswevegone:sakura_grove | biomeswevegone:skyris_vale | biomeswevegone:weeping_witch_forest | biomeswevegone:zelkova_forest | natures_spirit:alpine_clearings | natures_spirit:floral_ridges | natures_spirit:windswept_sugi_forest | regions_unexplored:ashen_woodland | regions_unexplored:flower_fields | regions_unexplored:grassland | regions_unexplored:maple_forest | regions_unexplored:orchard | regions_unexplored:redwoods | regions_unexplored:rocky_meadow
idas:bazaar,idas-1.13.7+1.21.1-neoforge.jar,data/idas/worldgen/structure/bazaar.json,#idas:has_structure/bazaar_biomes,surface/other,Other/undetermined,surface_structures,"{""absolute"":0}",,idas:idas_rare,0,0,,,False,c:desert | forge:is_desert,c:desert | forge:is_desert,
idas:bearclaw_inn,idas-1.13.7+1.21.1-neoforge.jar,data/idas/worldgen/structure/bearclaw_inn.json,#idas:has_structure/bearclaw_inn_biomes,surface/other,Overworld,surface_structures,"{""absolute"":0}",beard_thin,ambient_odyssey:idas_ordinary_houses,3,11,biomesoplenty:ominous_woods | biomeswevegone:maple_taiga | biomeswevegone:redwood_thicket | biomeswevegone:sakura_grove | biomeswevegone:skyris_vale | biomeswevegone:weeping_witch_forest | biomeswevegone:zelkova_forest | natures_spirit:windswept_sugi_forest,,False,,,biomesoplenty:ominous_woods | biomeswevegone:maple_taiga | biomeswevegone:redwood_thicket | biomeswevegone:sakura_grove | biomeswevegone:skyris_vale | biomeswevegone:weeping_witch_forest | biomeswevegone:zelkova_forest | natures_spirit:windswept_sugi_forest | regions_unexplored:maple_forest | regions_unexplored:orchard | regions_unexplored:redwoods
idas:beekeepers_house,idas-1.13.7+1.21.1-neoforge.jar,data/idas/worldgen/structure/beekeepers_house.json,#idas:has_structure/beekeepers_house_biomes,surface/other,Overworld,surface_structures,"{""absolute"":0}",beard_thin,ambient_odyssey:idas_ordinary_houses,2,11,biomesoplenty:pumpkin_patch | biomeswevegone:prairie | biomeswevegone:sakura_grove | natures_spirit:alpine_clearings | natures_spirit:floral_ridges | regions_unexplored:flower_fields | regions_unexplored:maple_forest | regions_unexplored:orchard | regions_unexplored:rocky_meadow,,False,c:plains,c:plains,biomesoplenty:highland | biomesoplenty:pumpkin_patch | biomeswevegone:prairie | biomeswevegone:sakura_grove | natures_spirit:alpine_clearings | natures_spirit:floral_ridges | regions_unexplored:flower_fields | regions_unexplored:grassland | regions_unexplored:maple_forest | regions_unexplored:orchard | regions_unexplored:rocky_meadow
idas:botanist,idas-1.13.7+1.21.1-neoforge.jar,data/idas/worldgen/structure/botanist.json,#idas:has_structure/beekeepers_house_biomes,surface/other,Overworld,surface_structures,"{""absolute"":0}",beard_thin,ambient_odyssey:idas_ordinary_houses,2,11,biomesoplenty:pumpkin_patch | biomeswevegone:prairie | biomeswevegone:sakura_grove | natures_spirit:alpine_clearings | natures_spirit:floral_ridges | regions_unexplored:flower_fields | regions_unexplored:maple_forest | regions_unexplored:orchard | regions_unexplored:rocky_meadow,,False,c:plains,c:plains,biomesoplenty:highland | biomesoplenty:pumpkin_patch | biomeswevegone:prairie | biomeswevegone:sakura_grove | natures_spirit:alpine_clearings | natures_spirit:floral_ridges | regions_unexplored:flower_fields | regions_unexplored:grassland | regions_unexplored:maple_forest | regions_unexplored:orchard | regions_unexplored:rocky_meadow
idas:brickhouse,idas-1.13.7+1.21.1-neoforge.jar,data/idas/worldgen/structure/brickhouse.json,#idas:has_structure/abandonedhouse_biomes,surface/other,Overworld,surface_structures,"{""absolute"":0}",beard_thin,ambient_odyssey:idas_ordinary_houses,4,18,biomesoplenty:ominous_woods | biomesoplenty:pumpkin_patch | biomeswevegone:prairie | biomeswevegone:redwood_thicket | biomeswevegone:sakura_grove | biomeswevegone:skyris_vale | biomeswevegone:weeping_witch_forest | biomeswevegone:zelkova_forest | natures_spirit:alpine_clearings | natures_spirit:floral_ridges | natures_spirit:windswept_sugi_forest | regions_unexplored:flower_fields | regions_unexplored:redwoods | regions_unexplored:rocky_meadow,,False,c:plains,c:plains,biomesoplenty:highland | biomesoplenty:ominous_woods | biomesoplenty:pumpkin_patch | biomeswevegone:prairie | biomeswevegone:redwood_thicket | biomeswevegone:sakura_grove | biomeswevegone:skyris_vale | biomeswevegone:weeping_witch_forest | biomeswevegone:zelkova_forest | natures_spirit:alpine_clearings | natures_spirit:floral_ridges | natures_spirit:windswept_sugi_forest | regions_unexplored:flower_fields | regions_unexplored:grassland | regions_unexplored:maple_forest | regions_unexplored:orchard | regions_unexplored:redwoods | regions_unexplored:rocky_meadow
idas:castle,idas-1.13.7+1.21.1-neoforge.jar,data/idas/worldgen/structure/castle.json,#idas:has_structure/abandonedhouse_biomes,surface/other,Overworld,surface_structures,"{""absolute"":0}",,idas:idas_common,4,18,biomesoplenty:ominous_woods | biomesoplenty:pumpkin_patch | biomeswevegone:prairie | biomeswevegone:redwood_thicket | biomeswevegone:sakura_grove | biomeswevegone:skyris_vale | biomeswevegone:weeping_witch_forest | biomeswevegone:zelkova_forest | natures_spirit:alpine_clearings | natures_spirit:floral_ridges | natures_spirit:windswept_sugi_forest | regions_unexplored:flower_fields | regions_unexplored:redwoods | regions_unexplored:rocky_meadow,,False,c:plains,c:plains,biomesoplenty:highland | biomesoplenty:ominous_woods | biomesoplenty:pumpkin_patch | biomeswevegone:prairie | biomeswevegone:redwood_thicket | biomeswevegone:sakura_grove | biomeswevegone:skyris_vale | biomeswevegone:weeping_witch_forest | biomeswevegone:zelkova_forest | natures_spirit:alpine_clearings | natures_spirit:floral_ridges | natures_spirit:windswept_sugi_forest | regions_unexplored:flower_fields | regions_unexplored:grassland | regions_unexplored:maple_forest | regions_unexplored:orchard | regions_unexplored:redwoods | regions_unexplored:rocky_meadow
idas:collectors_museum,idas-1.13.7+1.21.1-neoforge.jar,data/idas/worldgen/structure/collectors_museum.json,#idas:has_structure/abandonedhouse_biomes,surface/other,Overworld,surface_structures,"{""absolute"":0}",beard_thin,idas:idas_rare,4,18,biomesoplenty:ominous_woods | biomesoplenty:pumpkin_patch | biomeswevegone:prairie | biomeswevegone:redwood_thicket | biomeswevegone:sakura_grove | biomeswevegone:skyris_vale | biomeswevegone:weeping_witch_forest | biomeswevegone:zelkova_forest | natures_spirit:alpine_clearings | natures_spirit:floral_ridges | natures_spirit:windswept_sugi_forest | regions_unexplored:flower_fields | regions_unexplored:redwoods | regions_unexplored:rocky_meadow,,False,c:plains,c:plains,biomesoplenty:highland | biomesoplenty:ominous_woods | biomesoplenty:pumpkin_patch | biomeswevegone:prairie | biomeswevegone:redwood_thicket | biomeswevegone:sakura_grove | biomeswevegone:skyris_vale | biomeswevegone:weeping_witch_forest | biomeswevegone:zelkova_forest | natures_spirit:alpine_clearings | natures_spirit:floral_ridges | natures_spirit:windswept_sugi_forest | regions_unexplored:flower_fields | regions_unexplored:grassland | regions_unexplored:maple_forest | regions_unexplored:orchard | regions_unexplored:redwoods | regions_unexplored:rocky_meadow
idas:cottage,idas-1.13.7+1.21.1-neoforge.jar,data/idas/worldgen/structure/cottage.json,#idas:has_structure/abandonedhouse_biomes,surface/other,Overworld,surface_structures,"{""absolute"":0}",beard_thin,idas:idas_small,4,18,biomesoplenty:ominous_woods | biomesoplenty:pumpkin_patch | biomeswevegone:prairie | biomeswevegone:redwood_thicket | biomeswevegone:sakura_grove | biomeswevegone:skyris_vale | biomeswevegone:weeping_witch_forest | biomeswevegone:zelkova_forest | natures_spirit:alpine_clearings | natures_spirit:floral_ridges | natures_spirit:windswept_sugi_forest | regions_unexplored:flower_fields | regions_unexplored:redwoods | regions_unexplored:rocky_meadow,,False,c:plains,c:plains,biomesoplenty:highland | biomesoplenty:ominous_woods | biomesoplenty:pumpkin_patch | biomeswevegone:prairie | biomeswevegone:redwood_thicket | biomeswevegone:sakura_grove | biomeswevegone:skyris_vale | biomeswevegone:weeping_witch_forest | biomeswevegone:zelkova_forest | natures_spirit:alpine_clearings | natures_spirit:floral_ridges | natures_spirit:windswept_sugi_forest | regions_unexplored:flower_fields | regions_unexplored:grassland | regions_unexplored:maple_forest | regions_unexplored:orchard | regions_unexplored:redwoods | regions_unexplored:rocky_meadow
idas:desert_camp/desert_camp,idas-1.13.7+1.21.1-neoforge.jar,data/idas/worldgen/structure/desert_camp/desert_camp.json,#idas:has_structure/vanilla_desert_biomes,surface/other,Other/undetermined,surface_structures,"{""absolute"":0}",beard_thin,idas:idas_small,0,0,,,False,,,
idas:desert_camp/desert_camp_bygwindswept,idas-1.13.7+1.21.1-neoforge.jar,data/idas/worldgen/structure/desert_camp/desert_camp_bygwindswept.json,#idas:has_structure/windswept_desert_biomes,surface/other,Other/undetermined,surface_structures,"{""absolute"":0}",beard_thin,idas:idas_small,0,0,,,False,,,
idas:desert_camp/desert_camp_orange,idas-1.13.7+1.21.1-neoforge.jar,data/idas/worldgen/structure/desert_camp/desert_camp_orange.json,#idas:has_structure/orange_desert_biomes,surface/other,Other/undetermined,surface_structures,"{""absolute"":0}",beard_thin,idas:idas_small,0,0,,,False,,,
idas:desert_camp/desert_camp_red,idas-1.13.7+1.21.1-neoforge.jar,data/idas/worldgen/structure/desert_camp/desert_camp_red.json,#idas:has_structure/red_desert_biomes,surface/other,Other/undetermined,surface_structures,"{""absolute"":0}",beard_thin,idas:idas_small,0,0,,,False,c:badlands | c:in_mesa | forge:is_badlands | forge:is_mesa,c:badlands | c:in_mesa | forge:is_badlands | forge:is_mesa,
idas:desert_market/desert_market,idas-1.13.7+1.21.1-neoforge.jar,data/idas/worldgen/structure/desert_market/desert_market.json,#idas:has_structure/vanilla_desert_biomes,surface/other,Other/undetermined,surface_structures,"{""absolute"":0}",beard_thin,idas:idas_small,0,0,,,False,,,
idas:desert_market/desert_market_orange,idas-1.13.7+1.21.1-neoforge.jar,data/idas/worldgen/structure/desert_market/desert_market_orange.json,#idas:has_structure/orange_desert_biomes,surface/other,Other/undetermined,surface_structures,"{""absolute"":0}",beard_thin,idas:idas_small,0,0,,,False,,,
idas:desert_market/desert_market_red,idas-1.13.7+1.21.1-neoforge.jar,data/idas/worldgen/structure/desert_market/desert_market_red.json,#idas:has_structure/red_desert_biomes,surface/other,Other/undetermined,surface_structures,"{""absolute"":0}",beard_thin,idas:idas_small,0,0,,,False,c:badlands | c:in_mesa | forge:is_badlands | forge:is_mesa,c:badlands | c:in_mesa | forge:is_badlands | forge:is_mesa,
idas:desert_pyramid,idas-1.13.7+1.21.1-neoforge.jar,data/idas/worldgen/structure/desert_pyramid.json,#idas:has_structure/desert_biomes,surface/other,Other/undetermined,surface_structures,"{""absolute"":0}",,idas:idas_rare,0,0,,,False,c:desert | forge:is_desert,c:desert | forge:is_desert,
idas:desert_ruins,idas-1.13.7+1.21.1-neoforge.jar,data/idas/worldgen/structure/desert_ruins.json,#idas:has_structure/desert_biomes,surface/other,Other/undetermined,surface_structures,"{""absolute"":0}",beard_thin,idas:idas_common,0,0,,,False,c:desert | forge:is_desert,c:desert | forge:is_desert,
idas:dig_site/dig_site,idas-1.13.7+1.21.1-neoforge.jar,data/idas/worldgen/structure/dig_site/dig_site.json,#idas:has_structure/dig_site_biomes,surface/other,Overworld,surface_structures,"{""absolute"":0}",,idas:idas_common,4,18,biomesoplenty:ominous_woods | biomesoplenty:pumpkin_patch | biomeswevegone:prairie | biomeswevegone:redwood_thicket | biomeswevegone:sakura_grove | biomeswevegone:skyris_vale | biomeswevegone:weeping_witch_forest | biomeswevegone:zelkova_forest | natures_spirit:alpine_clearings | natures_spirit:floral_ridges | natures_spirit:windswept_sugi_forest | regions_unexplored:flower_fields | regions_unexplored:redwoods | regions_unexplored:rocky_meadow,,False,c:plains,c:plains,biomesoplenty:highland | biomesoplenty:ominous_woods | biomesoplenty:pumpkin_patch | biomeswevegone:prairie | biomeswevegone:redwood_thicket | biomeswevegone:sakura_grove | biomeswevegone:skyris_vale | biomeswevegone:weeping_witch_forest | biomeswevegone:zelkova_forest | natures_spirit:alpine_clearings | natures_spirit:floral_ridges | natures_spirit:windswept_sugi_forest | regions_unexplored:flower_fields | regions_unexplored:grassland | regions_unexplored:maple_forest | regions_unexplored:orchard | regions_unexplored:redwoods | regions_unexplored:rocky_meadow
idas:dig_site/dig_site_desert,idas-1.13.7+1.21.1-neoforge.jar,data/idas/worldgen/structure/dig_site/dig_site_desert.json,#idas:has_structure/desert_biomes,surface/other,Other/undetermined,surface_structures,"{""absolute"":0}",,idas:idas_common,0,0,,,False,c:desert | forge:is_desert,c:desert | forge:is_desert,
idas:enchantingtower,idas-1.13.7+1.21.1-neoforge.jar,data/idas/worldgen/structure/enchantingtower.json,#idas:has_structure/wizardtower_biomes,surface/other,Overworld,surface_structures,"{""absolute"":0}",beard_thin,idas:idas_common,6,20,biomesoplenty:pumpkin_patch | biomeswevegone:ebony_woods | biomeswevegone:prairie | biomeswevegone:redwood_thicket | biomeswevegone:sakura_grove | biomeswevegone:skyris_vale | biomeswevegone:weeping_witch_forest | biomeswevegone:zelkova_forest | natures_spirit:alpine_clearings | natures_spirit:floral_ridges | natures_spirit:windswept_sugi_forest | regions_unexplored:flower_fields | regions_unexplored:redwoods | regions_unexplored:rocky_meadow,,False,c:dead | c:plains | forge:is_dead | forge:is_spooky,c:dead | c:plains | forge:is_dead | forge:is_spooky,biomesoplenty:highland | biomesoplenty:ominous_woods | biomesoplenty:pumpkin_patch | biomeswevegone:ebony_woods | biomeswevegone:prairie | biomeswevegone:redwood_thicket | biomeswevegone:sakura_grove | biomeswevegone:skyris_vale | biomeswevegone:weeping_witch_forest | biomeswevegone:zelkova_forest | natures_spirit:alpine_clearings | natures_spirit:floral_ridges | natures_spirit:windswept_sugi_forest | regions_unexplored:ashen_woodland | regions_unexplored:flower_fields | regions_unexplored:grassland | regions_unexplored:maple_forest | regions_unexplored:orchard | regions_unexplored:redwoods | regions_unexplored:rocky_meadow
idas:farmhouse,idas-1.13.7+1.21.1-neoforge.jar,data/idas/worldgen/structure/farmhouse.json,#idas:has_structure/farmhouse_biomes,surface/other,Overworld,surface_structures,"{""absolute"":0}",beard_thin,ambient_odyssey:idas_ordinary_houses,1,15,biomesoplenty:highland | biomesoplenty:ominous_woods | biomesoplenty:pumpkin_patch | biomeswevegone:maple_taiga | biomeswevegone:prairie | biomeswevegone:redwood_thicket | biomeswevegone:sakura_grove | natures_spirit:alpine_clearings | natures_spirit:floral_ridges | natures_spirit:windswept_sugi_forest | regions_unexplored:flower_fields | regions_unexplored:orchard | regions_unexplored:redwoods | regions_unexplored:rocky_meadow,,False,c:plains,c:plains,biomesoplenty:highland | biomesoplenty:ominous_woods | biomesoplenty:pumpkin_patch | biomeswevegone:maple_taiga | biomeswevegone:prairie | biomeswevegone:redwood_thicket | biomeswevegone:sakura_grove | natures_spirit:alpine_clearings | natures_spirit:floral_ridges | natures_spirit:windswept_sugi_forest | regions_unexplored:flower_fields | regions_unexplored:grassland | regions_unexplored:orchard | regions_unexplored:redwoods | regions_unexplored:rocky_meadow
idas:fishermans_lodge,idas-1.13.7+1.21.1-neoforge.jar,data/idas/worldgen/structure/fishermans_lodge.json,#idas:has_structure/fishermans_lodge_biomes,underground,Overworld,surface_structures,"{""absolute"":-15}",none,ambient_odyssey:idas_ordinary_houses,0,1,regions_unexplored:muddy_river,,True,,,regions_unexplored:muddy_river
idas:frozen_crypt,idas-1.13.7+1.21.1-neoforge.jar,data/idas/worldgen/structure/frozen_crypt.json,#idas:has_structure/frozen_crypt_biomes,surface/other,Overworld,surface_structures,"{""absolute"":0}",,idas:idas_small,2,6,biomesoplenty:auroral_garden | biomesoplenty:snowblossom_grove | biomeswevegone:frosted_coniferous_forest | biomeswevegone:shattered_glacier,,False,c:snowy_plains,c:snowy_plains,biomesoplenty:auroral_garden | biomesoplenty:snowblossom_grove | biomeswevegone:frosted_coniferous_forest | biomeswevegone:shattered_glacier | regions_unexplored:cold_deciduous_forest | regions_unexplored:frozen_pine_taiga
idas:haunted_manor,idas-1.13.7+1.21.1-neoforge.jar,data/idas/worldgen/structure/haunted_manor.json,#idas:has_structure/hauntedhouse_biomes,surface/other,Overworld,surface_structures,"{""absolute"":0}",,idas:idas_common,2,4,biomeswevegone:ebony_woods | biomeswevegone:weeping_witch_forest,,False,c:dead | forge:is_dead | forge:is_spooky,c:dead | forge:is_dead | forge:is_spooky,biomesoplenty:ominous_woods | biomeswevegone:ebony_woods | biomeswevegone:weeping_witch_forest | regions_unexplored:ashen_woodland
idas:hermits_hollow,idas-1.13.7+1.21.1-neoforge.jar,data/idas/worldgen/structure/hermits_hollow.json,#idas:has_structure/hermits_hollow_biomes,surface/other,Overworld,surface_structures,"{""absolute"":0}",beard_thin,ambient_odyssey:idas_ordinary_houses,13,23,biomesoplenty:ominous_woods | biomesoplenty:pumpkin_patch | biomeswevegone:prairie | biomeswevegone:redwood_thicket | biomeswevegone:sakura_grove | biomeswevegone:skyris_vale | biomeswevegone:weeping_witch_forest | biomeswevegone:zelkova_forest | regions_unexplored:flower_fields | regions_unexplored:redwoods,,False,c:extreme_hills | c:plains | forge:is_hills,c:plains,biomesoplenty:highland | biomesoplenty:ominous_woods | biomesoplenty:pumpkin_patch | biomesoplenty:volcano | biomeswevegone:crag_gardens | biomeswevegone:prairie | biomeswevegone:redwood_thicket | biomeswevegone:sakura_grove | biomeswevegone:shattered_glacier | biomeswevegone:skyris_vale | biomeswevegone:weeping_witch_forest | biomeswevegone:zelkova_forest | natures_spirit:alpine_clearings | natures_spirit:floral_ridges | natures_spirit:windswept_sugi_forest | regions_unexplored:flower_fields | regions_unexplored:grassland | regions_unexplored:icy_heights | regions_unexplored:maple_forest | regions_unexplored:orchard | regions_unexplored:redwoods | regions_unexplored:rocky_meadow | regions_unexplored:spires
idas:hunters_cabin,idas-1.13.7+1.21.1-neoforge.jar,data/idas/worldgen/structure/hunters_cabin.json,#idas:has_structure/hunters_cabin_biomes,surface/other,Overworld,surface_structures,"{""absolute"":0}",beard_thin,ambient_odyssey:idas_ordinary_houses,3,11,biomesoplenty:ominous_woods | biomeswevegone:maple_taiga | biomeswevegone:redwood_thicket | biomeswevegone:sakura_grove | biomeswevegone:skyris_vale | biomeswevegone:weeping_witch_forest | biomeswevegone:zelkova_forest | natures_spirit:windswept_sugi_forest,,False,,,biomesoplenty:ominous_woods | biomeswevegone:maple_taiga | biomeswevegone:redwood_thicket | biomeswevegone:sakura_grove | biomeswevegone:skyris_vale | biomeswevegone:weeping_witch_forest | biomeswevegone:zelkova_forest | natures_spirit:windswept_sugi_forest | regions_unexplored:maple_forest | regions_unexplored:orchard | regions_unexplored:redwoods
idas:iceandfire/dread_citadel,idas-1.13.7+1.21.1-neoforge.jar,data/idas/worldgen/structure/iceandfire/dread_citadel.json,#idas:has_structure/dread_citadel_biomes,surface/other,Overworld,surface_structures,"{""absolute"":0}",beard_thin,idas:idas_rare,6,8,biomesoplenty:snowblossom_grove | biomeswevegone:frosted_coniferous_forest,,False,byg:is_icy | c:snowy_plains | forge:is_icy,byg:is_icy | c:snowy_plains,biomesoplenty:auroral_garden | biomesoplenty:snowblossom_grove | biomeswevegone:frosted_coniferous_forest | biomeswevegone:shattered_glacier | regions_unexplored:cold_deciduous_forest | regions_unexplored:frozen_pine_taiga | regions_unexplored:icy_heights | regions_unexplored:spires
idas:iceandfire/sirens_cove,idas-1.13.7+1.21.1-neoforge.jar,data/idas/worldgen/structure/iceandfire/sirens_cove.json,#idas:has_structure/sirens_cove_biomes,surface/other,Overworld,surface_structures,"{""absolute"":0}",none,idas:idas_ocean,3,3,,,False,c:deep_ocean | c:ocean | c:shallow_ocean | forge:is_ocean,c:deep_ocean,biomeswevegone:lush_stacks | regions_unexplored:hyacinth_deeps | regions_unexplored:rocky_reef
idas:labyrinth,idas-1.13.7+1.21.1-neoforge.jar,data/idas/worldgen/structure/labyrinth.json,#idas:has_structure/desert_biomes,surface/other,Other/undetermined,surface_structures,"{""absolute"":0}",,idas:idas_rare,0,0,,,False,c:desert | forge:is_desert,c:desert | forge:is_desert,
idas:lumber_camp/lumber_camp_acacia,idas-1.13.7+1.21.1-neoforge.jar,data/idas/worldgen/structure/lumber_camp/lumber_camp_acacia.json,#idas:has_structure/acacia_biomes,surface/other,Other/undetermined,surface_structures,"{""absolute"":0}",beard_thin,idas:idas_small,0,0,,,False,c:savanna | forge:is_savanna,c:savanna | forge:is_savanna,
idas:lumber_camp/lumber_camp_birch,idas-1.13.7+1.21.1-neoforge.jar,data/idas/worldgen/structure/lumber_camp/lumber_camp_birch.json,#idas:has_structure/birch_biomes,surface/other,Overworld,surface_structures,"{""absolute"":0}",beard_thin,idas:idas_small,0,2,biomeswevegone:sakura_grove | regions_unexplored:maple_forest,,False,,,biomeswevegone:sakura_grove | regions_unexplored:maple_forest
idas:lumber_camp/lumber_camp_bopmahogany,idas-1.13.7+1.21.1-neoforge.jar,data/idas/worldgen/structure/lumber_camp/lumber_camp_bopmahogany.json,#idas:has_structure/bopmahogany_biomes,surface/other,Other/undetermined,surface_structures,"{""absolute"":0}",beard_thin,idas:idas_small,0,0,,,False,idas:has_structure/bopmahogany_biomes,idas:has_structure/bopmahogany_biomes,
idas:lumber_camp/lumber_camp_bopredwood,idas-1.13.7+1.21.1-neoforge.jar,data/idas/worldgen/structure/lumber_camp/lumber_camp_bopredwood.json,#idas:has_structure/bopredwood_biomes,surface/other,Other/undetermined,surface_structures,"{""absolute"":0}",beard_thin,idas:idas_small,0,0,,,False,,,
idas:lumber_camp/lumber_camp_bygmahogany,idas-1.13.7+1.21.1-neoforge.jar,data/idas/worldgen/structure/lumber_camp/lumber_camp_bygmahogany.json,#idas:has_structure/bygmahogany_biomes,surface/other,Other/undetermined,surface_structures,"{""absolute"":0}",beard_thin,,0,0,,,False,idas:has_structure/bygmahogany_biomes,idas:has_structure/bygmahogany_biomes,
idas:lumber_camp/lumber_camp_bygredwood,idas-1.13.7+1.21.1-neoforge.jar,data/idas/worldgen/structure/lumber_camp/lumber_camp_bygredwood.json,#idas:has_structure/bygredwood_biomes,surface/other,Other/undetermined,surface_structures,"{""absolute"":0}",beard_thin,,0,0,,,False,idas:has_structure/bygredwood_biomes,idas:has_structure/bygredwood_biomes,
idas:lumber_camp/lumber_camp_dark_oak,idas-1.13.7+1.21.1-neoforge.jar,data/idas/worldgen/structure/lumber_camp/lumber_camp_dark_oak.json,#idas:has_structure/dark_oak_biomes,surface/other,Overworld,surface_structures,"{""absolute"":0}",beard_thin,idas:idas_small,0,3,biomesoplenty:ominous_woods | biomeswevegone:ebony_woods | biomeswevegone:weeping_witch_forest,,True,,,biomesoplenty:ominous_woods | biomeswevegone:ebony_woods | biomeswevegone:weeping_witch_forest
idas:lumber_camp/lumber_camp_jungle,idas-1.13.7+1.21.1-neoforge.jar,data/idas/worldgen/structure/lumber_camp/lumber_camp_jungle.json,#idas:has_structure/vanilla_jungle_biomes,surface/other,Overworld,surface_structures,"{""absolute"":0}",beard_thin,idas:idas_small,3,3,,,False,c:in_jungle | forge:is_jungle,c:in_jungle,biomeswevegone:bayou | biomeswevegone:crag_gardens | biomeswevegone:ebony_woods
idas:lumber_camp/lumber_camp_oak,idas-1.13.7+1.21.1-neoforge.jar,data/idas/worldgen/structure/lumber_camp/lumber_camp_oak.json,#idas:has_structure/oak_biomes,surface/other,Overworld,surface_structures,"{""absolute"":0}",beard_thin,idas:idas_small,3,18,biomesoplenty:ominous_woods | biomesoplenty:pumpkin_patch | biomeswevegone:prairie | biomeswevegone:redwood_thicket | biomeswevegone:sakura_grove | biomeswevegone:skyris_vale | biomeswevegone:weeping_witch_forest | biomeswevegone:zelkova_forest | natures_spirit:alpine_clearings | natures_spirit:floral_ridges | natures_spirit:windswept_sugi_forest | regions_unexplored:flower_fields | regions_unexplored:grassland | regions_unexplored:redwoods | regions_unexplored:rocky_meadow,,False,,,biomesoplenty:highland | biomesoplenty:ominous_woods | biomesoplenty:pumpkin_patch | biomeswevegone:prairie | biomeswevegone:redwood_thicket | biomeswevegone:sakura_grove | biomeswevegone:skyris_vale | biomeswevegone:weeping_witch_forest | biomeswevegone:zelkova_forest | natures_spirit:alpine_clearings | natures_spirit:floral_ridges | natures_spirit:windswept_sugi_forest | regions_unexplored:flower_fields | regions_unexplored:grassland | regions_unexplored:maple_forest | regions_unexplored:orchard | regions_unexplored:redwoods | regions_unexplored:rocky_meadow
idas:lumber_camp/lumber_camp_spruce,idas-1.13.7+1.21.1-neoforge.jar,data/idas/worldgen/structure/lumber_camp/lumber_camp_spruce.json,#idas:has_structure/spruce_biomes,surface/other,Overworld,surface_structures,"{""absolute"":0}",beard_thin,idas:idas_small,0,5,biomesoplenty:ominous_woods | biomeswevegone:maple_taiga | biomeswevegone:redwood_thicket | natures_spirit:windswept_sugi_forest | regions_unexplored:redwoods,,False,,,biomesoplenty:ominous_woods | biomeswevegone:maple_taiga | biomeswevegone:redwood_thicket | natures_spirit:windswept_sugi_forest | regions_unexplored:redwoods
idas:mason_house,idas-1.13.7+1.21.1-neoforge.jar,data/idas/worldgen/structure/mason_house.json,#idas:has_structure/hermits_hollow_biomes,surface/other,Overworld,surface_structures,"{""absolute"":0}",beard_thin,ambient_odyssey:idas_ordinary_houses,13,23,biomesoplenty:ominous_woods | biomesoplenty:pumpkin_patch | biomeswevegone:prairie | biomeswevegone:redwood_thicket | biomeswevegone:sakura_grove | biomeswevegone:skyris_vale | biomeswevegone:weeping_witch_forest | biomeswevegone:zelkova_forest | regions_unexplored:flower_fields | regions_unexplored:redwoods,,False,c:extreme_hills | c:plains | forge:is_hills,c:plains,biomesoplenty:highland | biomesoplenty:ominous_woods | biomesoplenty:pumpkin_patch | biomesoplenty:volcano | biomeswevegone:crag_gardens | biomeswevegone:prairie | biomeswevegone:redwood_thicket | biomeswevegone:sakura_grove | biomeswevegone:shattered_glacier | biomeswevegone:skyris_vale | biomeswevegone:weeping_witch_forest | biomeswevegone:zelkova_forest | natures_spirit:alpine_clearings | natures_spirit:floral_ridges | natures_spirit:windswept_sugi_forest | regions_unexplored:flower_fields | regions_unexplored:grassland | regions_unexplored:icy_heights | regions_unexplored:maple_forest | regions_unexplored:orchard | regions_unexplored:redwoods | regions_unexplored:rocky_meadow | regions_unexplored:spires
idas:necromancers_spire,idas-1.13.7+1.21.1-neoforge.jar,data/idas/worldgen/structure/necromancers_spire.json,#idas:has_structure/necromancers_spire_biomes,surface/other,Nether,surface_structures,"{""absolute"":31}",none,idas:idas_nether,0,0,,,False,c:in_nether | c:nether | forge:is_nether,c:in_nether | c:nether | forge:is_nether,
idas:nether_pump_camp,idas-1.13.7+1.21.1-neoforge.jar,data/idas/worldgen/structure/nether_pump_camp.json,#idas:has_structure/nether_biomes,surface/other,Nether,surface_structures,"{""absolute"":0}",beard_box,idas:idas_small_nether,0,0,,,False,c:in_nether | c:nether | forge:is_nether,c:in_nether | c:nether | forge:is_nether,
idas:nexus,idas-1.13.7+1.21.1-neoforge.jar,data/idas/worldgen/structure/nexus.json,#idas:has_structure/ancient_portal_biomes,underground,Overworld,underground_structures,"{""absolute"":-50}",none,idas:idas_underground_rare,32,35,biomeswevegone:maple_taiga | biomeswevegone:prairie | regions_unexplored:flower_fields,,False,byg:is_icy | c:badlands | c:caves | c:desert | c:extreme_hills | c:forest | c:in_jungle | c:in_mesa | c:mountain | c:mountain_peak | c:mountain_slope | c:mushroom | c:plains | c:savanna | c:snowy_plains | c:swamp | c:underground | forge:is_badlands | forge:is_cave | forge:is_desert | forge:is_forest | forge:is_hills | forge:is_icy | forge:is_jungle | forge:is_mesa | forge:is_mushroom | forge:is_peak | forge:is_savanna | forge:is_swamp | forge:is_underground,byg:is_icy | c:badlands | c:caves | c:desert | c:in_jungle | c:in_mesa | c:mushroom | c:plains | c:savanna | c:snowy_plains | c:underground | forge:is_badlands | forge:is_cave | forge:is_desert | forge:is_mesa | forge:is_mushroom | forge:is_savanna | forge:is_underground,biomesoplenty:auroral_garden | biomesoplenty:highland | biomesoplenty:hot_springs | biomesoplenty:ominous_woods | biomesoplenty:pumpkin_patch | biomesoplenty:snowblossom_grove | biomesoplenty:volcano | biomeswevegone:bayou | biomeswevegone:crag_gardens | biomeswevegone:ebony_woods | biomeswevegone:frosted_coniferous_forest | biomeswevegone:maple_taiga | biomeswevegone:prairie | biomeswevegone:redwood_thicket | biomeswevegone:sakura_grove | biomeswevegone:shattered_glacier | biomeswevegone:skyris_vale | biomeswevegone:weeping_witch_forest | biomeswevegone:zelkova_forest | natures_spirit:alpine_clearings | natures_spirit:floral_ridges | natures_spirit:windswept_sugi_forest | regions_unexplored:ashen_woodland | regions_unexplored:cold_deciduous_forest | regions_unexplored:fen | regions_unexplored:flower_fields | regions_unexplored:frozen_pine_taiga | regions_unexplored:grassland | regions_unexplored:icy_heights | regions_unexplored:maple_forest | regions_unexplored:marsh | regions_unexplored:orchard | regions_unexplored:redwoods | regions_unexplored:rocky_meadow | regions_unexplored:spires
idas:pillager_camp,idas-1.13.7+1.21.1-neoforge.jar,data/idas/worldgen/structure/pillager_camp.json,#idas:has_structure/pillager_fortress_biomes,surface/other,Overworld,surface_structures,"{""absolute"":0}",beard_thin,idas:idas_small,7,19,biomesoplenty:ominous_woods | biomesoplenty:snowblossom_grove | biomeswevegone:bayou | biomeswevegone:crag_gardens | biomeswevegone:ebony_woods | biomeswevegone:maple_taiga | biomeswevegone:prairie | biomeswevegone:redwood_thicket | natures_spirit:alpine_clearings | natures_spirit:windswept_sugi_forest | regions_unexplored:orchard | regions_unexplored:rocky_meadow,,False,byg:is_floral | c:flower_forests | c:plains,byg:is_floral | c:plains,biomesoplenty:highland | biomesoplenty:ominous_woods | biomesoplenty:pumpkin_patch | biomesoplenty:snowblossom_grove | biomeswevegone:bayou | biomeswevegone:crag_gardens | biomeswevegone:ebony_woods | biomeswevegone:maple_taiga | biomeswevegone:prairie | biomeswevegone:redwood_thicket | biomeswevegone:sakura_grove | natures_spirit:alpine_clearings | natures_spirit:floral_ridges | natures_spirit:windswept_sugi_forest | regions_unexplored:flower_fields | regions_unexplored:grassland | regions_unexplored:orchard | regions_unexplored:redwoods | regions_unexplored:rocky_meadow
idas:pillager_fortress,idas-1.13.7+1.21.1-neoforge.jar,data/idas/worldgen/structure/pillager_fortress.json,#idas:has_structure/pillager_fortress_biomes,surface/other,Overworld,surface_structures,"{""absolute"":0}",beard_thin,idas:idas_rare,7,19,biomesoplenty:ominous_woods | biomesoplenty:snowblossom_grove | biomeswevegone:bayou | biomeswevegone:crag_gardens | biomeswevegone:ebony_woods | biomeswevegone:maple_taiga | biomeswevegone:prairie | biomeswevegone:redwood_thicket | natures_spirit:alpine_clearings | natures_spirit:windswept_sugi_forest | regions_unexplored:orchard | regions_unexplored:rocky_meadow,,False,byg:is_floral | c:flower_forests | c:plains,byg:is_floral | c:plains,biomesoplenty:highland | biomesoplenty:ominous_woods | biomesoplenty:pumpkin_patch | biomesoplenty:snowblossom_grove | biomeswevegone:bayou | biomeswevegone:crag_gardens | biomeswevegone:ebony_woods | biomeswevegone:maple_taiga | biomeswevegone:prairie | biomeswevegone:redwood_thicket | biomeswevegone:sakura_grove | natures_spirit:alpine_clearings | natures_spirit:floral_ridges | natures_spirit:windswept_sugi_forest | regions_unexplored:flower_fields | regions_unexplored:grassland | regions_unexplored:orchard | regions_unexplored:redwoods | regions_unexplored:rocky_meadow
idas:pumpkin_cafe,idas-1.13.7+1.21.1-neoforge.jar,data/idas/worldgen/structure/pumpkin_cafe.json,#idas:has_structure/hunters_cabin_biomes,surface/other,Overworld,surface_structures,"{""absolute"":0}",beard_thin,ambient_odyssey:idas_ordinary_houses,3,11,biomesoplenty:ominous_woods | biomeswevegone:maple_taiga | biomeswevegone:redwood_thicket | biomeswevegone:sakura_grove | biomeswevegone:skyris_vale | biomeswevegone:weeping_witch_forest | biomeswevegone:zelkova_forest | natures_spirit:windswept_sugi_forest,,False,,,biomesoplenty:ominous_woods | biomeswevegone:maple_taiga | biomeswevegone:redwood_thicket | biomeswevegone:sakura_grove | biomeswevegone:skyris_vale | biomeswevegone:weeping_witch_forest | biomeswevegone:zelkova_forest | natures_spirit:windswept_sugi_forest | regions_unexplored:maple_forest | regions_unexplored:orchard | regions_unexplored:redwoods
idas:redhorn_guild,idas-1.13.7+1.21.1-neoforge.jar,data/idas/worldgen/structure/redhorn_guild.json,#idas:has_structure/redhorn_guild_biomes,surface/other,Overworld,surface_structures,"{""absolute"":0}",beard_thin,idas:idas_common,3,11,biomesoplenty:ominous_woods | biomeswevegone:maple_taiga | biomeswevegone:redwood_thicket | biomeswevegone:sakura_grove | biomeswevegone:skyris_vale | biomeswevegone:weeping_witch_forest | biomeswevegone:zelkova_forest | natures_spirit:windswept_sugi_forest,,False,,,biomesoplenty:ominous_woods | biomeswevegone:maple_taiga | biomeswevegone:redwood_thicket | biomeswevegone:sakura_grove | biomeswevegone:skyris_vale | biomeswevegone:weeping_witch_forest | biomeswevegone:zelkova_forest | natures_spirit:windswept_sugi_forest | regions_unexplored:maple_forest | regions_unexplored:orchard | regions_unexplored:redwoods
idas:ruined_church,idas-1.13.7+1.21.1-neoforge.jar,data/idas/worldgen/structure/ruined_church.json,#idas:has_structure/abandonedhouse_biomes,surface/other,Overworld,surface_structures,"{""absolute"":0}",beard_thin,idas:idas_common,4,18,biomesoplenty:ominous_woods | biomesoplenty:pumpkin_patch | biomeswevegone:prairie | biomeswevegone:redwood_thicket | biomeswevegone:sakura_grove | biomeswevegone:skyris_vale | biomeswevegone:weeping_witch_forest | biomeswevegone:zelkova_forest | natures_spirit:alpine_clearings | natures_spirit:floral_ridges | natures_spirit:windswept_sugi_forest | regions_unexplored:flower_fields | regions_unexplored:redwoods | regions_unexplored:rocky_meadow,,False,c:plains,c:plains,biomesoplenty:highland | biomesoplenty:ominous_woods | biomesoplenty:pumpkin_patch | biomeswevegone:prairie | biomeswevegone:redwood_thicket | biomeswevegone:sakura_grove | biomeswevegone:skyris_vale | biomeswevegone:weeping_witch_forest | biomeswevegone:zelkova_forest | natures_spirit:alpine_clearings | natures_spirit:floral_ridges | natures_spirit:windswept_sugi_forest | regions_unexplored:flower_fields | regions_unexplored:grassland | regions_unexplored:maple_forest | regions_unexplored:orchard | regions_unexplored:redwoods | regions_unexplored:rocky_meadow
idas:ruined_fort,idas-1.13.7+1.21.1-neoforge.jar,data/idas/worldgen/structure/ruined_fort.json,#idas:has_structure/abandonedhouse_biomes,surface/other,Overworld,surface_structures,"{""absolute"":0}",beard_thin,idas:idas_common,4,18,biomesoplenty:ominous_woods | biomesoplenty:pumpkin_patch | biomeswevegone:prairie | biomeswevegone:redwood_thicket | biomeswevegone:sakura_grove | biomeswevegone:skyris_vale | biomeswevegone:weeping_witch_forest | biomeswevegone:zelkova_forest | natures_spirit:alpine_clearings | natures_spirit:floral_ridges | natures_spirit:windswept_sugi_forest | regions_unexplored:flower_fields | regions_unexplored:redwoods | regions_unexplored:rocky_meadow,,False,c:plains,c:plains,biomesoplenty:highland | biomesoplenty:ominous_woods | biomesoplenty:pumpkin_patch | biomeswevegone:prairie | biomeswevegone:redwood_thicket | biomeswevegone:sakura_grove | biomeswevegone:skyris_vale | biomeswevegone:weeping_witch_forest | biomeswevegone:zelkova_forest | natures_spirit:alpine_clearings | natures_spirit:floral_ridges | natures_spirit:windswept_sugi_forest | regions_unexplored:flower_fields | regions_unexplored:grassland | regions_unexplored:maple_forest | regions_unexplored:orchard | regions_unexplored:redwoods | regions_unexplored:rocky_meadow
idas:ruined_well,idas-1.13.7+1.21.1-neoforge.jar,data/idas/worldgen/structure/ruined_well.json,#idas:has_structure/abandonedhouse_biomes,surface/other,Overworld,surface_structures,"{""absolute"":0}",beard_thin,idas:idas_common,4,18,biomesoplenty:ominous_woods | biomesoplenty:pumpkin_patch | biomeswevegone:prairie | biomeswevegone:redwood_thicket | biomeswevegone:sakura_grove | biomeswevegone:skyris_vale | biomeswevegone:weeping_witch_forest | biomeswevegone:zelkova_forest | natures_spirit:alpine_clearings | natures_spirit:floral_ridges | natures_spirit:windswept_sugi_forest | regions_unexplored:flower_fields | regions_unexplored:redwoods | regions_unexplored:rocky_meadow,,False,c:plains,c:plains,biomesoplenty:highland | biomesoplenty:ominous_woods | biomesoplenty:pumpkin_patch | biomeswevegone:prairie | biomeswevegone:redwood_thicket | biomeswevegone:sakura_grove | biomeswevegone:skyris_vale | biomeswevegone:weeping_witch_forest | biomeswevegone:zelkova_forest | natures_spirit:alpine_clearings | natures_spirit:floral_ridges | natures_spirit:windswept_sugi_forest | regions_unexplored:flower_fields | regions_unexplored:grassland | regions_unexplored:maple_forest | regions_unexplored:orchard | regions_unexplored:redwoods | regions_unexplored:rocky_meadow
idas:ruins_of_the_deep,idas-1.13.7+1.21.1-neoforge.jar,data/idas/worldgen/structure/ruins_of_the_deep.json,#idas:has_structure/ruins_of_the_deep_biomes,surface/other,Overworld,surface_structures,"{""absolute"":0}",,idas:idas_rare,4,18,biomesoplenty:ominous_woods | biomesoplenty:pumpkin_patch | biomeswevegone:prairie | biomeswevegone:redwood_thicket | biomeswevegone:sakura_grove | biomeswevegone:skyris_vale | biomeswevegone:weeping_witch_forest | biomeswevegone:zelkova_forest | natures_spirit:alpine_clearings | natures_spirit:floral_ridges | natures_spirit:windswept_sugi_forest | regions_unexplored:flower_fields | regions_unexplored:redwoods | regions_unexplored:rocky_meadow,,False,c:plains,c:plains,biomesoplenty:highland | biomesoplenty:ominous_woods | biomesoplenty:pumpkin_patch | biomeswevegone:prairie | biomeswevegone:redwood_thicket | biomeswevegone:sakura_grove | biomeswevegone:skyris_vale | biomeswevegone:weeping_witch_forest | biomeswevegone:zelkova_forest | natures_spirit:alpine_clearings | natures_spirit:floral_ridges | natures_spirit:windswept_sugi_forest | regions_unexplored:flower_fields | regions_unexplored:grassland | regions_unexplored:maple_forest | regions_unexplored:orchard | regions_unexplored:redwoods | regions_unexplored:rocky_meadow
idas:snifferhenge,idas-1.13.7+1.21.1-neoforge.jar,data/idas/worldgen/structure/snifferhenge.json,#idas:has_structure/floral,surface/other,Overworld,surface_structures,"{""absolute"":0}",beard_thin,idas:idas_small,4,5,biomesoplenty:snowblossom_grove,,False,byg:is_floral | c:flower_forests,byg:is_floral,biomesoplenty:pumpkin_patch | biomesoplenty:snowblossom_grove | biomeswevegone:sakura_grove | natures_spirit:floral_ridges | regions_unexplored:flower_fields
idas:sunken_ship/sunken_ship,idas-1.13.7+1.21.1-neoforge.jar,data/idas/worldgen/structure/sunken_ship/sunken_ship.json,#idas:has_structure/sunken_ship_biomes,underground,Overworld,surface_structures,"{""absolute"":-1}",beard_box,idas:idas_ocean,1,1,,,False,c:deep_ocean,c:deep_ocean,regions_unexplored:hyacinth_deeps
idas:sunken_ship/sunken_ship_coral,idas-1.13.7+1.21.1-neoforge.jar,data/idas/worldgen/structure/sunken_ship/sunken_ship_coral.json,#idas:has_structure/sunken_ship_coral_biomes,underground,Other/undetermined,surface_structures,"{""absolute"":-1}",beard_box,idas:idas_ocean,0,0,,,True,,,
idas:sunken_ship/sunken_ship_ruins,idas-1.13.7+1.21.1-neoforge.jar,data/idas/worldgen/structure/sunken_ship/sunken_ship_ruins.json,#idas:has_structure/sunken_ship_biomes,ocean/river,Overworld,surface_structures,"{""absolute"":0}",beard_box,idas:idas_ocean,1,1,,,False,c:deep_ocean,c:deep_ocean,regions_unexplored:hyacinth_deeps
idas:the_log,idas-1.13.7+1.21.1-neoforge.jar,data/idas/worldgen/structure/the_log.json,#idas:has_structure/hunters_cabin_biomes,surface/other,Overworld,surface_structures,"{""absolute"":0}",beard_thin,idas:idas_common,3,11,biomesoplenty:ominous_woods | biomeswevegone:maple_taiga | biomeswevegone:redwood_thicket | biomeswevegone:sakura_grove | biomeswevegone:skyris_vale | biomeswevegone:weeping_witch_forest | biomeswevegone:zelkova_forest | natures_spirit:windswept_sugi_forest,,False,,,biomesoplenty:ominous_woods | biomeswevegone:maple_taiga | biomeswevegone:redwood_thicket | biomeswevegone:sakura_grove | biomeswevegone:skyris_vale | biomeswevegone:weeping_witch_forest | biomeswevegone:zelkova_forest | natures_spirit:windswept_sugi_forest | regions_unexplored:maple_forest | regions_unexplored:orchard | regions_unexplored:redwoods
idas:tinkers_citadel,idas-1.13.7+1.21.1-neoforge.jar,data/idas/worldgen/structure/tinkers_citadel.json,#idas:has_structure/tinkers_workshop_biomes,surface/other,Overworld,surface_structures,"{""absolute"":0}",,idas:idas_rare,4,18,biomesoplenty:ominous_woods | biomesoplenty:pumpkin_patch | biomeswevegone:prairie | biomeswevegone:redwood_thicket | biomeswevegone:sakura_grove | biomeswevegone:skyris_vale | biomeswevegone:weeping_witch_forest | biomeswevegone:zelkova_forest | natures_spirit:alpine_clearings | natures_spirit:floral_ridges | natures_spirit:windswept_sugi_forest | regions_unexplored:flower_fields | regions_unexplored:redwoods | regions_unexplored:rocky_meadow,,False,c:plains,c:plains,biomesoplenty:highland | biomesoplenty:ominous_woods | biomesoplenty:pumpkin_patch | biomeswevegone:prairie | biomeswevegone:redwood_thicket | biomeswevegone:sakura_grove | biomeswevegone:skyris_vale | biomeswevegone:weeping_witch_forest | biomeswevegone:zelkova_forest | natures_spirit:alpine_clearings | natures_spirit:floral_ridges | natures_spirit:windswept_sugi_forest | regions_unexplored:flower_fields | regions_unexplored:grassland | regions_unexplored:maple_forest | regions_unexplored:orchard | regions_unexplored:redwoods | regions_unexplored:rocky_meadow
idas:tinkers_workshop,idas-1.13.7+1.21.1-neoforge.jar,data/idas/worldgen/structure/tinkers_workshop.json,#idas:has_structure/tinkers_workshop_biomes,surface/other,Overworld,surface_structures,"{""absolute"":0}",beard_thin,idas:idas_rare,4,18,biomesoplenty:ominous_woods | biomesoplenty:pumpkin_patch | biomeswevegone:prairie | biomeswevegone:redwood_thicket | biomeswevegone:sakura_grove | biomeswevegone:skyris_vale | biomeswevegone:weeping_witch_forest | biomeswevegone:zelkova_forest | natures_spirit:alpine_clearings | natures_spirit:floral_ridges | natures_spirit:windswept_sugi_forest | regions_unexplored:flower_fields | regions_unexplored:redwoods | regions_unexplored:rocky_meadow,,False,c:plains,c:plains,biomesoplenty:highland | biomesoplenty:ominous_woods | biomesoplenty:pumpkin_patch | biomeswevegone:prairie | biomeswevegone:redwood_thicket | biomeswevegone:sakura_grove | biomeswevegone:skyris_vale | biomeswevegone:weeping_witch_forest | biomeswevegone:zelkova_forest | natures_spirit:alpine_clearings | natures_spirit:floral_ridges | natures_spirit:windswept_sugi_forest | regions_unexplored:flower_fields | regions_unexplored:grassland | regions_unexplored:maple_forest | regions_unexplored:orchard | regions_unexplored:redwoods | regions_unexplored:rocky_meadow
idas:train_ruins,idas-1.13.7+1.21.1-neoforge.jar,data/idas/worldgen/structure/train_ruins.json,#idas:has_structure/train_ruins_biomes,surface/other,Overworld,surface_structures,"{""absolute"":0}",,idas:idas_small,2,10,biomesoplenty:ominous_woods | biomeswevegone:redwood_thicket | biomeswevegone:sakura_grove | biomeswevegone:skyris_vale | biomeswevegone:weeping_witch_forest | biomeswevegone:zelkova_forest | natures_spirit:windswept_sugi_forest | regions_unexplored:redwoods,,False,,,biomesoplenty:ominous_woods | biomeswevegone:redwood_thicket | biomeswevegone:sakura_grove | biomeswevegone:skyris_vale | biomeswevegone:weeping_witch_forest | biomeswevegone:zelkova_forest | natures_spirit:windswept_sugi_forest | regions_unexplored:maple_forest | regions_unexplored:orchard | regions_unexplored:redwoods
idas:tree_of_wisdom,idas-1.13.7+1.21.1-neoforge.jar,data/idas/worldgen/structure/tree_of_wisdom.json,#idas:has_structure/tree_of_wisdom_biomes,surface/other,Overworld,surface_structures,"{""absolute"":0}",,idas:idas_rare,3,10,biomeswevegone:bayou | biomeswevegone:crag_gardens | biomeswevegone:ebony_woods | biomeswevegone:maple_taiga | biomeswevegone:redwood_thicket | biomeswevegone:weeping_witch_forest | natures_spirit:windswept_sugi_forest,,False,c:dead | forge:is_dead | forge:is_spooky,c:dead | forge:is_dead | forge:is_spooky,biomesoplenty:ominous_woods | biomeswevegone:bayou | biomeswevegone:crag_gardens | biomeswevegone:ebony_woods | biomeswevegone:maple_taiga | biomeswevegone:redwood_thicket | biomeswevegone:weeping_witch_forest | natures_spirit:windswept_sugi_forest | regions_unexplored:ashen_woodland | regions_unexplored:redwoods
idas:treetop_tavern,idas-1.13.7+1.21.1-neoforge.jar,data/idas/worldgen/structure/treetop_tavern.json,#idas:has_structure/treetop_tavern_biomes,surface/other,Overworld,surface_structures,"{""absolute"":0}",,idas:idas_common,3,3,,,False,c:in_jungle | forge:is_jungle,c:in_jungle,biomeswevegone:bayou | biomeswevegone:crag_gardens | biomeswevegone:ebony_woods
idas:tudor_pub,idas-1.13.7+1.21.1-neoforge.jar,data/idas/worldgen/structure/tudor_pub.json,#idas:has_structure/abandonedhouse_biomes,surface/other,Overworld,surface_structures,"{""absolute"":0}",beard_thin,ambient_odyssey:idas_ordinary_houses,4,18,biomesoplenty:ominous_woods | biomesoplenty:pumpkin_patch | biomeswevegone:prairie | biomeswevegone:redwood_thicket | biomeswevegone:sakura_grove | biomeswevegone:skyris_vale | biomeswevegone:weeping_witch_forest | biomeswevegone:zelkova_forest | natures_spirit:alpine_clearings | natures_spirit:floral_ridges | natures_spirit:windswept_sugi_forest | regions_unexplored:flower_fields | regions_unexplored:redwoods | regions_unexplored:rocky_meadow,,False,c:plains,c:plains,biomesoplenty:highland | biomesoplenty:ominous_woods | biomesoplenty:pumpkin_patch | biomeswevegone:prairie | biomeswevegone:redwood_thicket | biomeswevegone:sakura_grove | biomeswevegone:skyris_vale | biomeswevegone:weeping_witch_forest | biomeswevegone:zelkova_forest | natures_spirit:alpine_clearings | natures_spirit:floral_ridges | natures_spirit:windswept_sugi_forest | regions_unexplored:flower_fields | regions_unexplored:grassland | regions_unexplored:maple_forest | regions_unexplored:orchard | regions_unexplored:redwoods | regions_unexplored:rocky_meadow
idas:underground_camp/underground_camp,idas-1.13.7+1.21.1-neoforge.jar,data/idas/worldgen/structure/underground_camp/underground_camp.json,#idas:has_structure/ancient_portal_biomes,underground,Overworld,underground_structures,"{""absolute"":20}",beard_box,idas:idas_underground,32,35,biomeswevegone:maple_taiga | biomeswevegone:prairie | regions_unexplored:flower_fields,,False,byg:is_icy | c:badlands | c:caves | c:desert | c:extreme_hills | c:forest | c:in_jungle | c:in_mesa | c:mountain | c:mountain_peak | c:mountain_slope | c:mushroom | c:plains | c:savanna | c:snowy_plains | c:swamp | c:underground | forge:is_badlands | forge:is_cave | forge:is_desert | forge:is_forest | forge:is_hills | forge:is_icy | forge:is_jungle | forge:is_mesa | forge:is_mushroom | forge:is_peak | forge:is_savanna | forge:is_swamp | forge:is_underground,byg:is_icy | c:badlands | c:caves | c:desert | c:in_jungle | c:in_mesa | c:mushroom | c:plains | c:savanna | c:snowy_plains | c:underground | forge:is_badlands | forge:is_cave | forge:is_desert | forge:is_mesa | forge:is_mushroom | forge:is_savanna | forge:is_underground,biomesoplenty:auroral_garden | biomesoplenty:highland | biomesoplenty:hot_springs | biomesoplenty:ominous_woods | biomesoplenty:pumpkin_patch | biomesoplenty:snowblossom_grove | biomesoplenty:volcano | biomeswevegone:bayou | biomeswevegone:crag_gardens | biomeswevegone:ebony_woods | biomeswevegone:frosted_coniferous_forest | biomeswevegone:maple_taiga | biomeswevegone:prairie | biomeswevegone:redwood_thicket | biomeswevegone:sakura_grove | biomeswevegone:shattered_glacier | biomeswevegone:skyris_vale | biomeswevegone:weeping_witch_forest | biomeswevegone:zelkova_forest | natures_spirit:alpine_clearings | natures_spirit:floral_ridges | natures_spirit:windswept_sugi_forest | regions_unexplored:ashen_woodland | regions_unexplored:cold_deciduous_forest | regions_unexplored:fen | regions_unexplored:flower_fields | regions_unexplored:frozen_pine_taiga | regions_unexplored:grassland | regions_unexplored:icy_heights | regions_unexplored:maple_forest | regions_unexplored:marsh | regions_unexplored:orchard | regions_unexplored:redwoods | regions_unexplored:rocky_meadow | regions_unexplored:spires
idas:underground_camp/underground_camp_deep,idas-1.13.7+1.21.1-neoforge.jar,data/idas/worldgen/structure/underground_camp/underground_camp_deep.json,#idas:has_structure/ancient_portal_biomes,underground,Overworld,underground_structures,"{""absolute"":-10}",beard_box,idas:idas_underground,32,35,biomeswevegone:maple_taiga | biomeswevegone:prairie | regions_unexplored:flower_fields,,False,byg:is_icy | c:badlands | c:caves | c:desert | c:extreme_hills | c:forest | c:in_jungle | c:in_mesa | c:mountain | c:mountain_peak | c:mountain_slope | c:mushroom | c:plains | c:savanna | c:snowy_plains | c:swamp | c:underground | forge:is_badlands | forge:is_cave | forge:is_desert | forge:is_forest | forge:is_hills | forge:is_icy | forge:is_jungle | forge:is_mesa | forge:is_mushroom | forge:is_peak | forge:is_savanna | forge:is_swamp | forge:is_underground,byg:is_icy | c:badlands | c:caves | c:desert | c:in_jungle | c:in_mesa | c:mushroom | c:plains | c:savanna | c:snowy_plains | c:underground | forge:is_badlands | forge:is_cave | forge:is_desert | forge:is_mesa | forge:is_mushroom | forge:is_savanna | forge:is_underground,biomesoplenty:auroral_garden | biomesoplenty:highland | biomesoplenty:hot_springs | biomesoplenty:ominous_woods | biomesoplenty:pumpkin_patch | biomesoplenty:snowblossom_grove | biomesoplenty:volcano | biomeswevegone:bayou | biomeswevegone:crag_gardens | biomeswevegone:ebony_woods | biomeswevegone:frosted_coniferous_forest | biomeswevegone:maple_taiga | biomeswevegone:prairie | biomeswevegone:redwood_thicket | biomeswevegone:sakura_grove | biomeswevegone:shattered_glacier | biomeswevegone:skyris_vale | biomeswevegone:weeping_witch_forest | biomeswevegone:zelkova_forest | natures_spirit:alpine_clearings | natures_spirit:floral_ridges | natures_spirit:windswept_sugi_forest | regions_unexplored:ashen_woodland | regions_unexplored:cold_deciduous_forest | regions_unexplored:fen | regions_unexplored:flower_fields | regions_unexplored:frozen_pine_taiga | regions_unexplored:grassland | regions_unexplored:icy_heights | regions_unexplored:maple_forest | regions_unexplored:marsh | regions_unexplored:orchard | regions_unexplored:redwoods | regions_unexplored:rocky_meadow | regions_unexplored:spires
idas:wacky_wares,idas-1.13.7+1.21.1-neoforge.jar,data/idas/worldgen/structure/wacky_wares.json,#idas:has_structure/abandonedhouse_biomes,surface/other,Overworld,surface_structures,"{""absolute"":0}",beard_thin,ambient_odyssey:idas_ordinary_houses,4,18,biomesoplenty:ominous_woods | biomesoplenty:pumpkin_patch | biomeswevegone:prairie | biomeswevegone:redwood_thicket | biomeswevegone:sakura_grove | biomeswevegone:skyris_vale | biomeswevegone:weeping_witch_forest | biomeswevegone:zelkova_forest | natures_spirit:alpine_clearings | natures_spirit:floral_ridges | natures_spirit:windswept_sugi_forest | regions_unexplored:flower_fields | regions_unexplored:redwoods | regions_unexplored:rocky_meadow,,False,c:plains,c:plains,biomesoplenty:highland | biomesoplenty:ominous_woods | biomesoplenty:pumpkin_patch | biomeswevegone:prairie | biomeswevegone:redwood_thicket | biomeswevegone:sakura_grove | biomeswevegone:skyris_vale | biomeswevegone:weeping_witch_forest | biomeswevegone:zelkova_forest | natures_spirit:alpine_clearings | natures_spirit:floral_ridges | natures_spirit:windswept_sugi_forest | regions_unexplored:flower_fields | regions_unexplored:grassland | regions_unexplored:maple_forest | regions_unexplored:orchard | regions_unexplored:redwoods | regions_unexplored:rocky_meadow
idas:washing_camp,idas-1.13.7+1.21.1-neoforge.jar,data/idas/worldgen/structure/washing_camp.json,#idas:has_structure/abandonedhouse_biomes,surface/other,Overworld,surface_structures,"{""absolute"":0}",beard_thin,idas:idas_small,4,18,biomesoplenty:ominous_woods | biomesoplenty:pumpkin_patch | biomeswevegone:prairie | biomeswevegone:redwood_thicket | biomeswevegone:sakura_grove | biomeswevegone:skyris_vale | biomeswevegone:weeping_witch_forest | biomeswevegone:zelkova_forest | natures_spirit:alpine_clearings | natures_spirit:floral_ridges | natures_spirit:windswept_sugi_forest | regions_unexplored:flower_fields | regions_unexplored:redwoods | regions_unexplored:rocky_meadow,,False,c:plains,c:plains,biomesoplenty:highland | biomesoplenty:ominous_woods | biomesoplenty:pumpkin_patch | biomeswevegone:prairie | biomeswevegone:redwood_thicket | biomeswevegone:sakura_grove | biomeswevegone:skyris_vale | biomeswevegone:weeping_witch_forest | biomeswevegone:zelkova_forest | natures_spirit:alpine_clearings | natures_spirit:floral_ridges | natures_spirit:windswept_sugi_forest | regions_unexplored:flower_fields | regions_unexplored:grassland | regions_unexplored:maple_forest | regions_unexplored:orchard | regions_unexplored:redwoods | regions_unexplored:rocky_meadow
idas:windswept_shrine,idas-1.13.7+1.21.1-neoforge.jar,data/idas/worldgen/structure/windswept_shrine.json,#idas:has_structure/windswept_shrine_biomes,surface/other,Overworld,surface_structures,"{""absolute"":0}",,idas:idas_rare,5,12,biomesoplenty:highland | biomesoplenty:snowblossom_grove | biomeswevegone:prairie | natures_spirit:alpine_clearings | regions_unexplored:maple_forest | regions_unexplored:orchard | regions_unexplored:rocky_meadow,,False,byg:is_floral | c:flower_forests | c:plains | c:savanna | forge:is_savanna,byg:is_floral | c:plains | c:savanna | forge:is_savanna,biomesoplenty:highland | biomesoplenty:pumpkin_patch | biomesoplenty:snowblossom_grove | biomeswevegone:prairie | biomeswevegone:sakura_grove | natures_spirit:alpine_clearings | natures_spirit:floral_ridges | regions_unexplored:flower_fields | regions_unexplored:grassland | regions_unexplored:maple_forest | regions_unexplored:orchard | regions_unexplored:rocky_meadow
idas:winter_wagon,idas-1.13.7+1.21.1-neoforge.jar,data/idas/worldgen/structure/winter_wagon.json,#idas:has_structure/winter_wagon_biomes,surface/other,Overworld,surface_structures,"{""absolute"":0}",beard_thin,idas:idas_common,2,6,biomesoplenty:auroral_garden | biomesoplenty:snowblossom_grove | biomeswevegone:frosted_coniferous_forest | biomeswevegone:shattered_glacier,,False,c:snowy_plains,c:snowy_plains,biomesoplenty:auroral_garden | biomesoplenty:snowblossom_grove | biomeswevegone:frosted_coniferous_forest | biomeswevegone:shattered_glacier | regions_unexplored:cold_deciduous_forest | regions_unexplored:frozen_pine_taiga
idas:witches_treestump,idas-1.13.7+1.21.1-neoforge.jar,data/idas/worldgen/structure/witches_treestump.json,#idas:has_structure/witches_treestump_biomes,surface/other,Overworld,surface_structures,"{""absolute"":0}",beard_thin,idas:idas_common,4,12,biomeswevegone:ebony_woods | biomeswevegone:redwood_thicket | biomeswevegone:sakura_grove | biomeswevegone:skyris_vale | biomeswevegone:weeping_witch_forest | biomeswevegone:zelkova_forest | natures_spirit:windswept_sugi_forest | regions_unexplored:redwoods,,False,c:dead | forge:is_dead | forge:is_spooky,c:dead | forge:is_dead | forge:is_spooky,biomesoplenty:ominous_woods | biomeswevegone:ebony_woods | biomeswevegone:redwood_thicket | biomeswevegone:sakura_grove | biomeswevegone:skyris_vale | biomeswevegone:weeping_witch_forest | biomeswevegone:zelkova_forest | natures_spirit:windswept_sugi_forest | regions_unexplored:ashen_woodland | regions_unexplored:maple_forest | regions_unexplored:orchard | regions_unexplored:redwoods
idas:wizard_tower,idas-1.13.7+1.21.1-neoforge.jar,data/idas/worldgen/structure/wizard_tower.json,#idas:has_structure/wizardtower_biomes,surface/other,Overworld,surface_structures,"{""absolute"":0}",beard_thin,idas:idas_common,6,20,biomesoplenty:pumpkin_patch | biomeswevegone:ebony_woods | biomeswevegone:prairie | biomeswevegone:redwood_thicket | biomeswevegone:sakura_grove | biomeswevegone:skyris_vale | biomeswevegone:weeping_witch_forest | biomeswevegone:zelkova_forest | natures_spirit:alpine_clearings | natures_spirit:floral_ridges | natures_spirit:windswept_sugi_forest | regions_unexplored:flower_fields | regions_unexplored:redwoods | regions_unexplored:rocky_meadow,,False,c:dead | c:plains | forge:is_dead | forge:is_spooky,c:dead | c:plains | forge:is_dead | forge:is_spooky,biomesoplenty:highland | biomesoplenty:ominous_woods | biomesoplenty:pumpkin_patch | biomeswevegone:ebony_woods | biomeswevegone:prairie | biomeswevegone:redwood_thicket | biomeswevegone:sakura_grove | biomeswevegone:skyris_vale | biomeswevegone:weeping_witch_forest | biomeswevegone:zelkova_forest | natures_spirit:alpine_clearings | natures_spirit:floral_ridges | natures_spirit:windswept_sugi_forest | regions_unexplored:ashen_woodland | regions_unexplored:flower_fields | regions_unexplored:grassland | regions_unexplored:maple_forest | regions_unexplored:orchard | regions_unexplored:redwoods | regions_unexplored:rocky_meadow
illagerwarship:warship,illagerwarship-1.0.1-neoforge-1.21.1.jar,data/illagerwarship/worldgen/structure/warship.json,"[""cold_ocean"", ""deep_cold_ocean"", ""deep_frozen_ocean"", ""deep_lukewarm_ocean"", ""deep_ocean"", ""frozen_ocean"", ""lukewarm_ocean"", ""ocean"", ""warm_ocean""]",ocean/river,Other/undetermined,surface_structures,"{""absolute"":0}",none,illagerwarship:warship,0,0,,,True,,,
incendium:abandoned_tower,Incendium_1.21.x_v5.4.4.jar,data/incendium/worldgen/structure/abandoned_tower.json,"[""incendium:quartz_flats""]",underground,Other/undetermined,underground_decoration,"{""absolute"":33}",False,incendium:lesser_structures,0,0,,,False,,,
incendium:forbidden_castle,Incendium_1.21.x_v5.4.4.jar,data/incendium/worldgen/structure/forbidden_castle.json,#incendium:structure/has_castle,underground,Other/undetermined,underground_decoration,"{""absolute"":33}",False,incendium:greater_structures,0,0,,,False,,,
incendium:infernal_altar,Incendium_1.21.x_v5.4.4.jar,data/incendium/worldgen/structure/infernal_altar.json,incendium:infernal_dunes,underground,Other/undetermined,underground_decoration,"{""absolute"":33}",beard_thin,incendium:lesser_structures,0,0,,,False,,,
incendium:nether_reactor,Incendium_1.21.x_v5.4.4.jar,data/incendium/worldgen/structure/nether_reactor.json,#incendium:structure/has_reactor,underground,Nether,underground_decoration,"{""absolute"":33}",beard_thin,incendium:greater_structures,0,0,,,False,,,
incendium:piglin_village,Incendium_1.21.x_v5.4.4.jar,data/incendium/worldgen/structure/piglin_village.json,"[""crimson_forest"", ""warped_forest""]",underground,Nether,underground_decoration,"{""absolute"":33}",beard_thin,incendium:lesser_structures,0,0,,,True,,,
incendium:pipeline,Incendium_1.21.x_v5.4.4.jar,data/incendium/worldgen/structure/pipeline.json,#incendium:structure/has_pipeline,underground,Nether,underground_decoration,"{""absolute"":33}",False,incendium:lesser_structures,0,0,,,False,,,
incendium:quartz_kitchen,Incendium_1.21.x_v5.4.4.jar,data/incendium/worldgen/structure/quartz_kitchen.json,"[""incendium:quartz_flats""]",underground,Other/undetermined,underground_decoration,"{""absolute"":33}",False,incendium:lesser_structures,0,0,,,False,,,
incendium:ruined_lab,Incendium_1.21.x_v5.4.4.jar,data/incendium/worldgen/structure/ruined_lab.json,incendium:withered_forest,underground,Other/undetermined,underground_decoration,"{""absolute"":33}",beard_thin,incendium:lesser_structures,0,0,,,False,,,
incendium:sanctum,Incendium_1.21.x_v5.4.4.jar,data/incendium/worldgen/structure/sanctum.json,#incendium:structure/has_sanctum,underground,Other/undetermined,underground_decoration,"{""absolute"":33}",,incendium:greater_structures,0,0,,,False,,,
integrated_stronghold:stronghold,integrated_stronghold-1.1.4+1.21.1-neoforge.jar,data/integrated_stronghold/worldgen/structure/stronghold.json,#integrated_stronghold:has_structure/integrated_stronghold,surface/other,Overworld,strongholds,"{""max_inclusive"":{""absolute"":15},""min_inclusive"":{""absolute"":15},""type"":""minecraft:uniform""}",,integrated_stronghold:stronghold,30,35,biomeswevegone:prairie | regions_unexplored:fen | regions_unexplored:flower_fields | regions_unexplored:grassland | regions_unexplored:marsh,,False,byg:is_icy | c:desert | c:forest | c:icy | c:in_jungle | c:in_mesa | c:mushroom | c:plains | c:savanna | forge:is_badlands | forge:is_desert | forge:is_forest | forge:is_icy | forge:is_jungle | forge:is_mesa | forge:is_mushroom | forge:is_savanna,byg:is_icy | c:desert | c:icy | c:in_jungle | c:in_mesa | c:mushroom | c:plains | c:savanna | forge:is_badlands | forge:is_desert | forge:is_mesa | forge:is_mushroom | forge:is_savanna,biomesoplenty:auroral_garden | biomesoplenty:highland | biomesoplenty:hot_springs | biomesoplenty:ominous_woods | biomesoplenty:pumpkin_patch | biomesoplenty:snowblossom_grove | biomesoplenty:volcano | biomeswevegone:bayou | biomeswevegone:crag_gardens | biomeswevegone:ebony_woods | biomeswevegone:frosted_coniferous_forest | biomeswevegone:maple_taiga | biomeswevegone:prairie | biomeswevegone:redwood_thicket | biomeswevegone:sakura_grove | biomeswevegone:shattered_glacier | biomeswevegone:skyris_vale | biomeswevegone:weeping_witch_forest | biomeswevegone:zelkova_forest | natures_spirit:alpine_clearings | natures_spirit:floral_ridges | natures_spirit:windswept_sugi_forest | regions_unexplored:ashen_woodland | regions_unexplored:cold_deciduous_forest | regions_unexplored:fen | regions_unexplored:flower_fields | regions_unexplored:frozen_pine_taiga | regions_unexplored:grassland | regions_unexplored:icy_heights | regions_unexplored:maple_forest | regions_unexplored:marsh | regions_unexplored:orchard | regions_unexplored:redwoods | regions_unexplored:rocky_meadow | regions_unexplored:spires
integrated_villages:airship_village,integrated_villages-1.3.3+1.21.1-neoforge.jar,data/integrated_villages/worldgen/structure/airship_village.json,#integrated_villages:has_structure/airship_village_biomes,surface/other,Overworld,surface_structures,"{""type"":""minecraft:constant"",""value"":{""absolute"":100}}",none,integrated_villages:air_villages,40,40,,,False,c:in_overworld | forge:is_overworld,,biomesoplenty:auroral_garden | biomesoplenty:highland | biomesoplenty:hot_springs | biomesoplenty:ominous_woods | biomesoplenty:pumpkin_patch | biomesoplenty:snowblossom_grove | biomesoplenty:volcano | biomeswevegone:bayou | biomeswevegone:crag_gardens | biomeswevegone:ebony_woods | biomeswevegone:frosted_coniferous_forest | biomeswevegone:lush_stacks | biomeswevegone:maple_taiga | biomeswevegone:prairie | biomeswevegone:redwood_thicket | biomeswevegone:sakura_grove | biomeswevegone:shattered_glacier | biomeswevegone:skyris_vale | biomeswevegone:weeping_witch_forest | biomeswevegone:zelkova_forest | natures_spirit:alpine_clearings | natures_spirit:floral_ridges | natures_spirit:windswept_sugi_forest | regions_unexplored:ashen_woodland | regions_unexplored:cold_deciduous_forest | regions_unexplored:fen | regions_unexplored:flower_fields | regions_unexplored:frozen_pine_taiga | regions_unexplored:grassland | regions_unexplored:grassy_beach | regions_unexplored:hyacinth_deeps | regions_unexplored:icy_heights | regions_unexplored:maple_forest | regions_unexplored:marsh | regions_unexplored:muddy_river | regions_unexplored:orchard | regions_unexplored:redwoods | regions_unexplored:rocky_meadow | regions_unexplored:rocky_reef | regions_unexplored:spires
integrated_villages:cabin_village,integrated_villages-1.3.3+1.21.1-neoforge.jar,data/integrated_villages/worldgen/structure/cabin_village.json,#integrated_villages:has_structure/cabin_village_biomes,surface/other,Overworld,surface_structures,"{""type"":""minecraft:constant"",""value"":{""absolute"":0}}",,integrated_villages:regular_villages,11,14,biomesoplenty:snowblossom_grove | biomeswevegone:ebony_woods | biomeswevegone:weeping_witch_forest,,False,,,biomesoplenty:auroral_garden | biomesoplenty:hot_springs | biomesoplenty:ominous_woods | biomesoplenty:snowblossom_grove | biomeswevegone:ebony_woods | biomeswevegone:frosted_coniferous_forest | biomeswevegone:maple_taiga | biomeswevegone:redwood_thicket | biomeswevegone:weeping_witch_forest | natures_spirit:windswept_sugi_forest | regions_unexplored:ashen_woodland | regions_unexplored:cold_deciduous_forest | regions_unexplored:frozen_pine_taiga | regions_unexplored:redwoods
integrated_villages:clockwork_village,integrated_villages-1.3.3+1.21.1-neoforge.jar,data/integrated_villages/worldgen/structure/clockwork_village.json,#integrated_villages:has_structure/clockwork_village_biomes,surface/other,Other/undetermined,surface_structures,"{""type"":""minecraft:constant"",""value"":{""absolute"":0}}",,integrated_villages:regular_villages,0,0,,,False,c:badlands | c:in_mesa | forge:is_badlands | forge:is_mesa,c:badlands | c:in_mesa | forge:is_badlands | forge:is_mesa,
integrated_villages:kutcha_village,integrated_villages-1.3.3+1.21.1-neoforge.jar,data/integrated_villages/worldgen/structure/kutcha_village.json,#integrated_villages:has_structure/kutcha_village_biomes,surface/other,Other/undetermined,surface_structures,"{""type"":""minecraft:constant"",""value"":{""absolute"":0}}",,integrated_villages:regular_villages,0,0,,,False,c:badlands | c:desert | c:in_mesa | forge:is_badlands | forge:is_desert | forge:is_mesa,c:badlands | c:desert | c:in_mesa | forge:is_badlands | forge:is_desert | forge:is_mesa,
integrated_villages:marketstead_village,integrated_villages-1.3.3+1.21.1-neoforge.jar,data/integrated_villages/worldgen/structure/marketstead_village.json,#integrated_villages:has_structure/marketstead_village_biomes,surface/other,Overworld,surface_structures,"{""type"":""minecraft:constant"",""value"":{""absolute"":0}}",,integrated_villages:regular_villages,1,10,biomesoplenty:highland | biomesoplenty:pumpkin_patch | biomeswevegone:prairie | biomeswevegone:sakura_grove | natures_spirit:alpine_clearings | natures_spirit:floral_ridges | regions_unexplored:flower_fields | regions_unexplored:orchard | regions_unexplored:rocky_meadow,,False,c:plains,c:plains,biomesoplenty:highland | biomesoplenty:pumpkin_patch | biomeswevegone:prairie | biomeswevegone:sakura_grove | natures_spirit:alpine_clearings | natures_spirit:floral_ridges | regions_unexplored:flower_fields | regions_unexplored:grassland | regions_unexplored:orchard | regions_unexplored:rocky_meadow
integrated_villages:mediterranean_village,integrated_villages-1.3.3+1.21.1-neoforge.jar,data/integrated_villages/worldgen/structure/mediterranean_village.json,#integrated_villages:has_structure/mediterranean_village_biomes,surface/other,Other/undetermined,surface_structures,"{""type"":""minecraft:constant"",""value"":{""absolute"":0}}",,integrated_villages:regular_villages,0,0,,,False,c:savanna | forge:is_savanna,c:savanna | forge:is_savanna,
integrated_villages:mossy_mounds,integrated_villages-1.3.3+1.21.1-neoforge.jar,data/integrated_villages/worldgen/structure/mossy_mounds.json,#integrated_villages:has_structure/mossy_mounds_biomes,surface/other,Overworld,surface_structures,"{""type"":""minecraft:constant"",""value"":{""absolute"":0}}",,integrated_villages:regular_villages,1,10,biomesoplenty:highland | biomesoplenty:pumpkin_patch | biomeswevegone:prairie | biomeswevegone:sakura_grove | natures_spirit:alpine_clearings | natures_spirit:floral_ridges | regions_unexplored:flower_fields | regions_unexplored:orchard | regions_unexplored:rocky_meadow,,False,c:plains,c:plains,biomesoplenty:highland | biomesoplenty:pumpkin_patch | biomeswevegone:prairie | biomeswevegone:sakura_grove | natures_spirit:alpine_clearings | natures_spirit:floral_ridges | regions_unexplored:flower_fields | regions_unexplored:grassland | regions_unexplored:orchard | regions_unexplored:rocky_meadow
integrated_villages:oasis_village,integrated_villages-1.3.3+1.21.1-neoforge.jar,data/integrated_villages/worldgen/structure/oasis_village.json,#integrated_villages:has_structure/oasis_village_biomes,surface/other,Other/undetermined,surface_structures,"{""type"":""minecraft:constant"",""value"":{""absolute"":0}}",,integrated_villages:regular_villages,0,0,,,False,c:desert | forge:is_desert,c:desert | forge:is_desert,
integrated_villages:pirate_village,integrated_villages-1.3.3+1.21.1-neoforge.jar,data/integrated_villages/worldgen/structure/pirate_village.json,#integrated_villages:has_structure/pirate_village_ocean_biomes,ocean/river,Overworld,surface_structures,"{""type"":""minecraft:constant"",""value"":{""absolute"":-19}}",,integrated_villages:regular_villages,3,3,,,False,c:deep_ocean | c:ocean | c:shallow_ocean | forge:is_ocean,c:deep_ocean,biomeswevegone:lush_stacks | regions_unexplored:hyacinth_deeps | regions_unexplored:rocky_reef
integrated_villages:quark/minka_village,integrated_villages-1.3.3+1.21.1-neoforge.jar,data/integrated_villages/worldgen/structure/quark/minka_village.json,#integrated_villages:has_structure/minka_village_biomes,surface/other,Overworld,surface_structures,"{""absolute"":0}",,integrated_villages:regular_villages,4,5,biomesoplenty:snowblossom_grove,,False,byg:is_floral | c:flower_forests,byg:is_floral,biomesoplenty:pumpkin_patch | biomesoplenty:snowblossom_grove | biomeswevegone:sakura_grove | natures_spirit:floral_ridges | regions_unexplored:flower_fields
integrated_villages:sunken_village,integrated_villages-1.3.3+1.21.1-neoforge.jar,data/integrated_villages/worldgen/structure/sunken_village.json,#integrated_villages:has_structure/swamp_village_biomes,surface/other,Overworld,surface_structures,"{""type"":""minecraft:constant"",""value"":{""absolute"":0}}",,integrated_villages:regular_villages,4,4,,,False,c:swamp | forge:is_swamp,,biomesoplenty:hot_springs | biomeswevegone:bayou | regions_unexplored:fen | regions_unexplored:marsh
integrated_villages:tavern_village,integrated_villages-1.3.3+1.21.1-neoforge.jar,data/integrated_villages/worldgen/structure/tavern_village.json,#integrated_villages:has_structure/tavern_village_biomes,surface/other,Overworld,surface_structures,"{""type"":""minecraft:constant"",""value"":{""absolute"":0}}",,integrated_villages:regular_villages,4,18,biomesoplenty:auroral_garden | biomesoplenty:ominous_woods | biomesoplenty:snowblossom_grove | biomeswevegone:bayou | biomeswevegone:frosted_coniferous_forest | biomeswevegone:maple_taiga | biomeswevegone:redwood_thicket | biomeswevegone:sakura_grove | biomeswevegone:skyris_vale | biomeswevegone:weeping_witch_forest | biomeswevegone:zelkova_forest | natures_spirit:windswept_sugi_forest | regions_unexplored:marsh | regions_unexplored:redwoods,,False,,,biomesoplenty:auroral_garden | biomesoplenty:ominous_woods | biomesoplenty:snowblossom_grove | biomeswevegone:bayou | biomeswevegone:frosted_coniferous_forest | biomeswevegone:maple_taiga | biomeswevegone:redwood_thicket | biomeswevegone:sakura_grove | biomeswevegone:skyris_vale | biomeswevegone:weeping_witch_forest | biomeswevegone:zelkova_forest | natures_spirit:windswept_sugi_forest | regions_unexplored:cold_deciduous_forest | regions_unexplored:frozen_pine_taiga | regions_unexplored:maple_forest | regions_unexplored:marsh | regions_unexplored:orchard | regions_unexplored:redwoods
irons_spellbooks:ancient_battleground,irons_spellbooks-1.21.1-3.16.3.jar,data/irons_spellbooks/worldgen/structure/ancient_battleground.json,#minecraft:has_structure/bastion_remnant,underground,Nether,underground_decoration,"{""max_inclusive"":{""absolute"":75},""min_inclusive"":{""absolute"":35},""type"":""minecraft:uniform""}",beard_box,irons_spellbooks:ancient_battleground,0,0,,,False,,,
irons_spellbooks:catacombs,irons_spellbooks-1.21.1-3.16.3.jar,data/irons_spellbooks/worldgen/structure/catacombs.json,#irons_spellbooks:has_structure/catacombs,underground,Overworld,underground_decoration,"{""max_inclusive"":{""absolute"":20},""min_inclusive"":{""absolute"":-40},""type"":""minecraft:uniform""}",bury,irons_spellbooks:catacombs,30,35,biomeswevegone:prairie | regions_unexplored:fen | regions_unexplored:flower_fields | regions_unexplored:grassland | regions_unexplored:marsh,,False,,,biomesoplenty:auroral_garden | biomesoplenty:highland | biomesoplenty:hot_springs | biomesoplenty:ominous_woods | biomesoplenty:pumpkin_patch | biomesoplenty:snowblossom_grove | biomesoplenty:volcano | biomeswevegone:bayou | biomeswevegone:crag_gardens | biomeswevegone:ebony_woods | biomeswevegone:frosted_coniferous_forest | biomeswevegone:maple_taiga | biomeswevegone:prairie | biomeswevegone:redwood_thicket | biomeswevegone:sakura_grove | biomeswevegone:shattered_glacier | biomeswevegone:skyris_vale | biomeswevegone:weeping_witch_forest | biomeswevegone:zelkova_forest | natures_spirit:alpine_clearings | natures_spirit:floral_ridges | natures_spirit:windswept_sugi_forest | regions_unexplored:ashen_woodland | regions_unexplored:cold_deciduous_forest | regions_unexplored:fen | regions_unexplored:flower_fields | regions_unexplored:frozen_pine_taiga | regions_unexplored:grassland | regions_unexplored:icy_heights | regions_unexplored:maple_forest | regions_unexplored:marsh | regions_unexplored:orchard | regions_unexplored:redwoods | regions_unexplored:rocky_meadow | regions_unexplored:spires
irons_spellbooks:citadel,irons_spellbooks-1.21.1-3.16.3.jar,data/irons_spellbooks/worldgen/structure/citadel.json,#minecraft:has_structure/bastion_remnant,surface/other,Nether,fluid_springs,"{""absolute"":33}",beard_box,irons_spellbooks:citadel,0,0,,,False,,,
irons_spellbooks:evoker_fort,irons_spellbooks-1.21.1-3.16.3.jar,data/irons_spellbooks/worldgen/structure/evoker_fort.json,#irons_spellbooks:has_structure/evoker_fort,surface/other,Overworld,surface_structures,"{""absolute"":0}",beard_box,irons_spellbooks:evoker_fort,29,29,,,False,,,biomesoplenty:auroral_garden | biomesoplenty:highland | biomesoplenty:ominous_woods | biomesoplenty:pumpkin_patch | biomesoplenty:snowblossom_grove | biomesoplenty:volcano | biomeswevegone:crag_gardens | biomeswevegone:ebony_woods | biomeswevegone:frosted_coniferous_forest | biomeswevegone:prairie | biomeswevegone:redwood_thicket | biomeswevegone:sakura_grove | biomeswevegone:shattered_glacier | biomeswevegone:skyris_vale | biomeswevegone:weeping_witch_forest | biomeswevegone:zelkova_forest | natures_spirit:alpine_clearings | natures_spirit:floral_ridges | natures_spirit:windswept_sugi_forest | regions_unexplored:ashen_woodland | regions_unexplored:cold_deciduous_forest | regions_unexplored:flower_fields | regions_unexplored:grassland | regions_unexplored:icy_heights | regions_unexplored:maple_forest | regions_unexplored:orchard | regions_unexplored:redwoods | regions_unexplored:rocky_meadow | regions_unexplored:spires
irons_spellbooks:ice_spider_den,irons_spellbooks-1.21.1-3.16.3.jar,data/irons_spellbooks/worldgen/structure/ice_spider_den.json,#irons_spellbooks:has_structure/ice_spider_den,underground,Overworld,underground_decoration,"{""absolute"":0}",beard_box,irons_spellbooks:ice_spider_den,6,5,,biomeswevegone:maple_taiga,False,,,biomesoplenty:auroral_garden | biomesoplenty:snowblossom_grove | biomeswevegone:frosted_coniferous_forest | regions_unexplored:cold_deciduous_forest | regions_unexplored:frozen_pine_taiga
irons_spellbooks:impaled_icebreaker,irons_spellbooks-1.21.1-3.16.3.jar,data/irons_spellbooks/worldgen/structure/impaled_icebreaker.json,#irons_spellbooks:has_structure/impaled_icebreaker,underground,Overworld,underground_decoration,"{""absolute"":-1}",none,irons_spellbooks:impaled_icebreaker,0,3,biomeswevegone:shattered_glacier | regions_unexplored:icy_heights | regions_unexplored:spires,,False,,,biomeswevegone:shattered_glacier | regions_unexplored:icy_heights | regions_unexplored:spires
irons_spellbooks:mangrove_hut,irons_spellbooks-1.21.1-3.16.3.jar,data/irons_spellbooks/worldgen/structure/mangrove_hut.json,#irons_spellbooks:has_structure/mangrove_hut,underground,Overworld,surface_structures,"{""absolute"":-2}",beard_thin,irons_spellbooks:mangrove_hut,4,4,,,False,,,biomesoplenty:hot_springs | biomeswevegone:bayou | regions_unexplored:fen | regions_unexplored:marsh
irons_spellbooks:mountain_tower,irons_spellbooks-1.21.1-3.16.3.jar,data/irons_spellbooks/worldgen/structure/mountain_tower.json,#irons_spellbooks:has_structure/mountain_tower,surface/other,Overworld,surface_structures,"{""absolute"":0}",beard_thin,irons_spellbooks:mountain_tower,10,15,biomesoplenty:auroral_garden | biomesoplenty:snowblossom_grove | biomeswevegone:frosted_coniferous_forest | regions_unexplored:cold_deciduous_forest | regions_unexplored:frozen_pine_taiga,,False,,,biomesoplenty:auroral_garden | biomesoplenty:highland | biomesoplenty:snowblossom_grove | biomesoplenty:volcano | biomeswevegone:crag_gardens | biomeswevegone:frosted_coniferous_forest | biomeswevegone:shattered_glacier | natures_spirit:alpine_clearings | natures_spirit:floral_ridges | natures_spirit:windswept_sugi_forest | regions_unexplored:cold_deciduous_forest | regions_unexplored:frozen_pine_taiga | regions_unexplored:icy_heights | regions_unexplored:rocky_meadow | regions_unexplored:spires
irons_spellbooks:pyromancer_tower,irons_spellbooks-1.21.1-3.16.3.jar,data/irons_spellbooks/worldgen/structure/pyromancer_tower.json,#irons_spellbooks:has_structure/pyromancer_tower,underground,Overworld,underground_decoration,"{""absolute"":0}",beard_thin,irons_spellbooks:pyromancer_tower,33,33,,,False,,,biomesoplenty:auroral_garden | biomesoplenty:highland | biomesoplenty:hot_springs | biomesoplenty:ominous_woods | biomesoplenty:pumpkin_patch | biomesoplenty:snowblossom_grove | biomesoplenty:volcano | biomeswevegone:bayou | biomeswevegone:crag_gardens | biomeswevegone:ebony_woods | biomeswevegone:frosted_coniferous_forest | biomeswevegone:prairie | biomeswevegone:redwood_thicket | biomeswevegone:sakura_grove | biomeswevegone:shattered_glacier | biomeswevegone:skyris_vale | biomeswevegone:weeping_witch_forest | biomeswevegone:zelkova_forest | natures_spirit:alpine_clearings | natures_spirit:floral_ridges | natures_spirit:windswept_sugi_forest | regions_unexplored:ashen_woodland | regions_unexplored:cold_deciduous_forest | regions_unexplored:fen | regions_unexplored:flower_fields | regions_unexplored:grassland | regions_unexplored:icy_heights | regions_unexplored:maple_forest | regions_unexplored:marsh | regions_unexplored:orchard | regions_unexplored:redwoods | regions_unexplored:rocky_meadow | regions_unexplored:spires
mes:astral_hideaway,MoogsEndStructures-universal-1.21-2.1.1.jar,data/mes/worldgen/structure/astral_hideaway.json,#mes:has_structure/end_biomes,surface/other,Other/undetermined,surface_structures,"{""absolute"":0}",beard_thin,mes:astral_hideaway,0,0,,,False,c:is_end | c:is_outer_end_island,c:is_end | c:is_outer_end_island,
mes:astral_meteorite,MoogsEndStructures-universal-1.21-2.1.1.jar,data/mes/worldgen/structure/astral_meteorite.json,#mes:has_structure/end_biomes,surface/other,Other/undetermined,surface_structures,"{""absolute"":0}",beard_thin,mes:astral_meteorite,0,0,,,False,c:is_end | c:is_outer_end_island,c:is_end | c:is_outer_end_island,
mes:ender_spire,MoogsEndStructures-universal-1.21-2.1.1.jar,data/mes/worldgen/structure/ender_spire.json,#mes:has_structure/end_biomes,surface/other,Other/undetermined,surface_structures,"{""absolute"":0}",beard_thin,mes:ender_spire,0,0,,,False,c:is_end | c:is_outer_end_island,c:is_end | c:is_outer_end_island,
mes:enderbloom_grove,MoogsEndStructures-universal-1.21-2.1.1.jar,data/mes/worldgen/structure/enderbloom_grove.json,#mes:has_structure/end_biomes,surface/other,Other/undetermined,surface_structures,"{""absolute"":0}",beard_thin,mes:enderbloom_grove,0,0,,,False,c:is_end | c:is_outer_end_island,c:is_end | c:is_outer_end_island,
mes:enderkeep_courtyard,MoogsEndStructures-universal-1.21-2.1.1.jar,data/mes/worldgen/structure/enderkeep_courtyard.json,#mes:has_structure/end_biomes,surface/other,Other/undetermined,surface_structures,"{""absolute"":0}",beard_thin,mes:enderkeep_courtyard,0,0,,,False,c:is_end | c:is_outer_end_island,c:is_end | c:is_outer_end_island,
mes:enderpin_spikes,MoogsEndStructures-universal-1.21-2.1.1.jar,data/mes/worldgen/structure/enderpin_spikes.json,#mes:has_structure/end_biomes,surface/other,Other/undetermined,surface_structures,"{""absolute"":4}",none,mes:enderpin_spikes,0,0,,,False,c:is_end | c:is_outer_end_island,c:is_end | c:is_outer_end_island,
mes:enderskog,MoogsEndStructures-universal-1.21-2.1.1.jar,data/mes/worldgen/structure/enderskog.json,#mes:has_structure/end_biomes,surface/other,Other/undetermined,surface_structures,"{""absolute"":0}",beard_thin,mes:enderskog,0,0,,,False,c:is_end | c:is_outer_end_island,c:is_end | c:is_outer_end_island,
mes:enderwatch_tower,MoogsEndStructures-universal-1.21-2.1.1.jar,data/mes/worldgen/structure/enderwatch_tower.json,#mes:has_structure/end_biomes,surface/other,Other/undetermined,surface_structures,"{""absolute"":0}",beard_thin,mes:enderwatch_tower,0,0,,,False,c:is_end | c:is_outer_end_island,c:is_end | c:is_outer_end_island,
mes:endscraps,MoogsEndStructures-universal-1.21-2.1.1.jar,data/mes/worldgen/structure/endscraps.json,#mes:has_structure/end_biomes,surface/other,Other/undetermined,surface_structures,"{""absolute"":0}",beard_thin,mes:endscraps,0,0,,,False,c:is_end | c:is_outer_end_island,c:is_end | c:is_outer_end_island,
mes:manuscript_shrine,MoogsEndStructures-universal-1.21-2.1.1.jar,data/mes/worldgen/structure/manuscript_shrine.json,#mes:has_structure/end_biomes,surface/other,Other/undetermined,surface_structures,"{""absolute"":0}",beard_thin,mes:manuscript_shrine,0,0,,,False,c:is_end | c:is_outer_end_island,c:is_end | c:is_outer_end_island,
mes:mega_ship,MoogsEndStructures-universal-1.21-2.1.1.jar,data/mes/worldgen/structure/mega_ship.json,#mes:has_structure/end_biomes,surface/other,Other/undetermined,surface_structures,"{""max_inclusive"":{""absolute"":60},""min_inclusive"":{""absolute"":30},""type"":""minecraft:uniform""}",none,mes:mega_ship,0,0,,,False,c:is_end | c:is_outer_end_island,c:is_end | c:is_outer_end_island,
mes:mega_ship_basic,MoogsEndStructures-universal-1.21-2.1.1.jar,data/mes/worldgen/structure/mega_ship_basic.json,#mes:has_structure/end_biomes,surface/other,Other/undetermined,surface_structures,"{""max_inclusive"":{""absolute"":70},""min_inclusive"":{""absolute"":30},""type"":""minecraft:uniform""}",none,mes:mega_ship_basic,0,0,,,False,c:is_end | c:is_outer_end_island,c:is_end | c:is_outer_end_island,
mes:mega_ship_crashed,MoogsEndStructures-universal-1.21-2.1.1.jar,data/mes/worldgen/structure/mega_ship_crashed.json,#mes:has_structure/end_biomes,surface/other,Other/undetermined,surface_structures,"{""absolute"":0}",none,mes:mega_ship_crashed,0,0,,,False,c:is_end | c:is_outer_end_island,c:is_end | c:is_outer_end_island,
mes:mega_ship_crashed_2,MoogsEndStructures-universal-1.21-2.1.1.jar,data/mes/worldgen/structure/mega_ship_crashed_2.json,#mes:has_structure/end_biomes,surface/other,Other/undetermined,surface_structures,"{""absolute"":0}",none,mes:mega_ship_crashed_2,0,0,,,False,c:is_end | c:is_outer_end_island,c:is_end | c:is_outer_end_island,
mes:mega_ship_crashed_deepslate,MoogsEndStructures-universal-1.21-2.1.1.jar,data/mes/worldgen/structure/mega_ship_crashed_deepslate.json,#mes:has_structure/end_biomes,surface/other,Other/undetermined,surface_structures,"{""absolute"":0}",none,mes:mega_ship_crashed_deepslate,0,0,,,False,c:is_end | c:is_outer_end_island,c:is_end | c:is_outer_end_island,
mes:mega_ship_deepslate,MoogsEndStructures-universal-1.21-2.1.1.jar,data/mes/worldgen/structure/mega_ship_deepslate.json,#mes:has_structure/end_biomes,surface/other,Other/undetermined,surface_structures,"{""max_inclusive"":{""absolute"":70},""min_inclusive"":{""absolute"":30},""type"":""minecraft:uniform""}",none,mes:mega_ship_deepslate,0,0,,,False,c:is_end | c:is_outer_end_island,c:is_end | c:is_outer_end_island,
mes:mega_ship_deepslate_2,MoogsEndStructures-universal-1.21-2.1.1.jar,data/mes/worldgen/structure/mega_ship_deepslate_2.json,#mes:has_structure/end_biomes,surface/other,Other/undetermined,surface_structures,"{""max_inclusive"":{""absolute"":60},""min_inclusive"":{""absolute"":30},""type"":""minecraft:uniform""}",none,mes:mega_ship_deepslate_2,0,0,,,False,c:is_end | c:is_outer_end_island,c:is_end | c:is_outer_end_island,
mes:mega_ship_deepslate_3,MoogsEndStructures-universal-1.21-2.1.1.jar,data/mes/worldgen/structure/mega_ship_deepslate_3.json,#mes:has_structure/end_biomes,surface/other,Other/undetermined,surface_structures,"{""max_inclusive"":{""absolute"":60},""min_inclusive"":{""absolute"":30},""type"":""minecraft:uniform""}",none,mes:mega_ship_deepslate_3,0,0,,,False,c:is_end | c:is_outer_end_island,c:is_end | c:is_outer_end_island,
mes:monolith,MoogsEndStructures-universal-1.21-2.1.1.jar,data/mes/worldgen/structure/monolith.json,#mes:has_structure/end_biomes,surface/other,Other/undetermined,surface_structures,"{""absolute"":0}",beard_thin,mes:monolith,0,0,,,False,c:is_end | c:is_outer_end_island,c:is_end | c:is_outer_end_island,
mes:mystical_archway,MoogsEndStructures-universal-1.21-2.1.1.jar,data/mes/worldgen/structure/mystical_archway.json,#mes:has_structure/end_biomes,surface/other,Other/undetermined,surface_structures,"{""absolute"":0}",beard_thin,mes:mystical_archway,0,0,,,False,c:is_end | c:is_outer_end_island,c:is_end | c:is_outer_end_island,
mes:mythic_garden,MoogsEndStructures-universal-1.21-2.1.1.jar,data/mes/worldgen/structure/mythic_garden.json,#mes:has_structure/end_biomes,surface/other,Other/undetermined,surface_structures,"{""absolute"":0}",beard_thin,mes:mythic_garden,0,0,,,False,c:is_end | c:is_outer_end_island,c:is_end | c:is_outer_end_island,
mes:phantom_citadel,MoogsEndStructures-universal-1.21-2.1.1.jar,data/mes/worldgen/structure/phantom_citadel.json,#mes:has_structure/end_biomes,surface/other,Other/undetermined,surface_structures,"{""absolute"":24}",none,mes:phantom_citadel,0,0,,,False,c:is_end | c:is_outer_end_island,c:is_end | c:is_outer_end_island,
mes:placid_prairie,MoogsEndStructures-universal-1.21-2.1.1.jar,data/mes/worldgen/structure/placid_prairie.json,#mes:has_structure/end_biomes,surface/other,Other/undetermined,surface_structures,"{""max_inclusive"":{""absolute"":56},""min_inclusive"":{""absolute"":8},""type"":""minecraft:uniform""}",none,mes:placid_prairie,0,0,,,False,c:is_end | c:is_outer_end_island,c:is_end | c:is_outer_end_island,
mes:ruined_pillar,MoogsEndStructures-universal-1.21-2.1.1.jar,data/mes/worldgen/structure/ruined_pillar.json,#mes:has_structure/end_biomes,surface/other,Other/undetermined,surface_structures,"{""absolute"":0}",beard_thin,mes:ruined_pillar,0,0,,,False,c:is_end | c:is_outer_end_island,c:is_end | c:is_outer_end_island,
mes:starlight_voyager,MoogsEndStructures-universal-1.21-2.1.1.jar,data/mes/worldgen/structure/starlight_voyager.json,#mes:has_structure/end_biomes,surface/other,Other/undetermined,surface_structures,"{""max_inclusive"":{""absolute"":65},""min_inclusive"":{""absolute"":20},""type"":""minecraft:uniform""}",none,mes:starlight_voyager,0,0,,,False,c:is_end | c:is_outer_end_island,c:is_end | c:is_outer_end_island,
minecraft:ancient_city,lukis-ancient-cities-v1.2.jar,data/minecraft/worldgen/structure/ancient_city.json,#minecraft:has_structure/ancient_city,underground,Other/undetermined,underground_decoration,"{""max_inclusive"":{""absolute"":-53},""min_inclusive"":{""absolute"":-53},""type"":""minecraft:uniform""}",beard_box,,0,0,,,False,minecraft:has_structure/ancient_city,minecraft:has_structure/ancient_city,
minecraft:pillager_outpost,lukis-grand-capitals-1.1.3.jar,data/minecraft/worldgen/structure/pillager_outpost.json,#minecraft:has_structure/pillager_outpost,surface/other,Overworld,surface_structures,"{""absolute"":0}",beard_thin,,0,0,,,True,,,
minecraft:swamp_hut,lukis-grand-capitals-1.1.3.jar,data/minecraft/worldgen/structure/swamp_hut.json,#minecraft:has_structure/swamp_hut,surface/other,Overworld,surface_structures,"{""absolute"":0}",beard_thin,,3,3,,,False,,,biomeswevegone:bayou | regions_unexplored:fen | regions_unexplored:marsh
minecraft:village_desert,lukis-grand-capitals-1.1.3.jar,data/minecraft/worldgen/structure/village_desert.json,#minecraft:has_structure/village_desert,surface/other,Other/undetermined,surface_structures,"{""absolute"":0}",beard_thin,minecraft:villages,0,0,,,False,,,
minecraft:village_plains,lukis-grand-capitals-1.1.3.jar,data/minecraft/worldgen/structure/village_plains.json,#minecraft:has_structure/village_plains,surface/other,Overworld,surface_structures,"{""absolute"":0}",beard_thin,minecraft:villages,0,0,,,False,,,
minecraft:village_savanna,lukis-grand-capitals-1.1.3.jar,data/minecraft/worldgen/structure/village_savanna.json,#minecraft:has_structure/village_savanna,surface/other,Other/undetermined,surface_structures,"{""absolute"":0}",beard_thin,minecraft:villages,0,0,,,False,,,
minecraft:village_snowy,lukis-grand-capitals-1.1.3.jar,data/minecraft/worldgen/structure/village_snowy.json,#minecraft:has_structure/village_snowy,surface/other,Overworld,surface_structures,"{""absolute"":0}",beard_thin,minecraft:villages,0,0,,,False,,,
minecraft:village_taiga,lukis-grand-capitals-1.1.3.jar | dungeons-and-taverns-v4.4.4 [NeoForge].jar,data/minecraft/worldgen/structure/village_taiga.json | data/minecraft/worldgen/structure/village_taiga.json,#nova_structures:collections/any_taiga,surface/other,Overworld,surface_structures,"{""absolute"":0}",beard_thin,minecraft:villages,1,1,,,False,,,regions_unexplored:maple_forest
mns:bridge_1,MoogsNetherStructures-universal-1.21-3.1.1.jar,data/mns/worldgen/structure/bridge_1.json,#mns:has_structure/nether_biomes,surface/other,Nether,surface_structures,"{""absolute"":0}",none,mns:bridge_1,0,0,,,False,,,
mns:bridge_2,MoogsNetherStructures-universal-1.21-3.1.1.jar,data/mns/worldgen/structure/bridge_2.json,#mns:has_structure/nether_biomes,surface/other,Nether,surface_structures,"{""absolute"":0}",none,mns:bridge_2,0,0,,,False,,,
mns:bridge_3,MoogsNetherStructures-universal-1.21-3.1.1.jar,data/mns/worldgen/structure/bridge_3.json,#mns:has_structure/nether_biomes,surface/other,Nether,surface_structures,"{""absolute"":0}",none,mns:bridge_3,0,0,,,False,,,
mns:bridge_4,MoogsNetherStructures-universal-1.21-3.1.1.jar,data/mns/worldgen/structure/bridge_4.json,#mns:has_structure/nether_biomes,surface/other,Nether,surface_structures,"{""absolute"":0}",none,mns:bridge_4,0,0,,,False,,,
mns:bridge_5,MoogsNetherStructures-universal-1.21-3.1.1.jar,data/mns/worldgen/structure/bridge_5.json,#mns:has_structure/nether_biomes,surface/other,Nether,surface_structures,"{""absolute"":0}",none,mns:bridge_5,0,0,,,False,,,
mns:bridge_6,MoogsNetherStructures-universal-1.21-3.1.1.jar,data/mns/worldgen/structure/bridge_6.json,#mns:has_structure/nether_biomes,surface/other,Nether,surface_structures,"{""absolute"":0}",none,mns:bridge_6,0,0,,,False,,,
mns:circle_blackstone,MoogsNetherStructures-universal-1.21-3.1.1.jar,data/mns/worldgen/structure/circle_blackstone.json,#mns:has_structure/soul_biomes,surface/other,Nether,surface_structures,"{""absolute"":0}",beard_thin,mns:circle_blackstone,0,0,,,True,,,
mns:circle_nether_brick,MoogsNetherStructures-universal-1.21-3.1.1.jar,data/mns/worldgen/structure/circle_nether_brick.json,#mns:has_structure/nether_biomes,surface/other,Nether,surface_structures,"{""absolute"":0}",beard_thin,mns:circle_nether_brick,0,0,,,False,,,
mns:copper_tower,MoogsNetherStructures-universal-1.21-3.1.1.jar,data/mns/worldgen/structure/copper_tower.json,#mns:has_structure/nether_biomes,surface/other,Nether,surface_structures,"{""absolute"":0}",beard_thin,mns:copper_tower,0,0,,,False,,,
mns:crimson_forge,MoogsNetherStructures-universal-1.21-3.1.1.jar,data/mns/worldgen/structure/crimson_forge.json,#mns:has_structure/crimson_biomes,surface/other,Nether,surface_structures,"{""absolute"":0}",beard_thin,mns:crimson_forge,0,0,,,True,,,
mns:crimson_lava_well,MoogsNetherStructures-universal-1.21-3.1.1.jar,data/mns/worldgen/structure/crimson_lava_well.json,#mns:has_structure/crimson_biomes,surface/other,Nether,surface_structures,"{""absolute"":0}",beard_thin,mns:crimson_lava_well,0,0,,,True,,,
mns:dragon_arena,MoogsNetherStructures-universal-1.21-3.1.1.jar,data/mns/worldgen/structure/dragon_arena.json,#mns:has_structure/nether_biomes,surface/other,Nether,surface_structures,"{""absolute"":31}",none,mns:mega_arenas,0,0,,,False,,,
mns:giant_skull,MoogsNetherStructures-universal-1.21-3.1.1.jar,data/mns/worldgen/structure/giant_skull.json,#mns:has_structure/nether_wastes_biomes,surface/other,Nether,surface_structures,"{""absolute"":0}",beard_thin,mns:giant_skull,0,0,,,False,,,
mns:grave_yard,MoogsNetherStructures-universal-1.21-3.1.1.jar,data/mns/worldgen/structure/grave_yard.json,#mns:has_structure/soul_biomes,surface/other,Nether,surface_structures,"{""absolute"":0}",beard_thin,mns:grave_yard,0,0,,,True,,,
mns:large_arena,MoogsNetherStructures-universal-1.21-3.1.1.jar,data/mns/worldgen/structure/large_arena.json,#mns:has_structure/nether_biomes,surface/other,Nether,surface_structures,"{""absolute"":35}",none,mns:mega_arenas,0,0,,,False,,,
mns:large_blackstone_pillars,MoogsNetherStructures-universal-1.21-3.1.1.jar,data/mns/worldgen/structure/large_blackstone_pillars.json,#mns:has_structure/nether_biomes,surface/other,Nether,surface_structures,"{""absolute"":0}",beard_thin,mns:large_blackstone_pillars,0,0,,,False,,,
mns:large_blackstone_walls,MoogsNetherStructures-universal-1.21-3.1.1.jar,data/mns/worldgen/structure/large_blackstone_walls.json,#mns:has_structure/nether_biomes,surface/other,Nether,surface_structures,"{""absolute"":0}",beard_thin,mns:large_blackstone_walls,0,0,,,False,,,
mns:large_house_1,MoogsNetherStructures-universal-1.21-3.1.1.jar,data/mns/worldgen/structure/large_house_1.json,#mns:has_structure/warped_biomes,surface/other,Nether,surface_structures,"{""absolute"":0}",beard_thin,mns:large_house_1,0,0,,,True,,,
mns:large_nether_brick,MoogsNetherStructures-universal-1.21-3.1.1.jar,data/mns/worldgen/structure/large_nether_brick.json,#mns:has_structure/nether_biomes,surface/other,Nether,surface_structures,"{""absolute"":0}",beard_thin,mns:large_nether_brick,0,0,,,False,,,
mns:lava_pool,MoogsNetherStructures-universal-1.21-3.1.1.jar,data/mns/worldgen/structure/lava_pool.json,#mns:has_structure/nether_biomes,surface/other,Nether,surface_structures,"{""absolute"":0}",beard_thin,mns:lava_pool,0,0,,,False,,,
mns:leafy_rubble,MoogsNetherStructures-universal-1.21-3.1.1.jar,data/mns/worldgen/structure/leafy_rubble.json,#mns:has_structure/nether_biomes,surface/other,Nether,surface_structures,"{""absolute"":0}",beard_thin,mns:leafy_rubble,0,0,,,False,,,
mns:medium_blackstone,MoogsNetherStructures-universal-1.21-3.1.1.jar,data/mns/worldgen/structure/medium_blackstone.json,#mns:has_structure/nether_biomes,surface/other,Nether,surface_structures,"{""absolute"":0}",beard_thin,mns:medium_blackstone,0,0,,,False,,,
mns:medium_crimson_fungus,MoogsNetherStructures-universal-1.21-3.1.1.jar,data/mns/worldgen/structure/medium_crimson_fungus.json,#mns:has_structure/crimson_biomes,surface/other,Nether,surface_structures,"{""absolute"":0}",beard_thin,mns:medium_crimson_fungus,0,0,,,True,,,
mns:medium_crimson_fungus_2,MoogsNetherStructures-universal-1.21-3.1.1.jar,data/mns/worldgen/structure/medium_crimson_fungus_2.json,#mns:has_structure/crimson_biomes,surface/other,Nether,surface_structures,"{""absolute"":0}",beard_thin,mns:medium_crimson_fungus,0,0,,,True,,,
mns:medium_crimson_well,MoogsNetherStructures-universal-1.21-3.1.1.jar,data/mns/worldgen/structure/medium_crimson_well.json,#mns:has_structure/crimson_biomes,surface/other,Nether,surface_structures,"{""absolute"":0}",beard_thin,mns:medium_crimson_well,0,0,,,True,,,
mns:medium_house,MoogsNetherStructures-universal-1.21-3.1.1.jar,data/mns/worldgen/structure/medium_house.json,#mns:has_structure/nether_biomes,surface/other,Nether,surface_structures,"{""absolute"":0}",beard_thin,mns:medium_house,0,0,,,False,,,
mns:medium_house_2,MoogsNetherStructures-universal-1.21-3.1.1.jar,data/mns/worldgen/structure/medium_house_2.json,#mns:has_structure/nether_biomes,surface/other,Nether,surface_structures,"{""absolute"":0}",beard_thin,mns:medium_house_2,0,0,,,False,,,
mns:medium_warped_fungus,MoogsNetherStructures-universal-1.21-3.1.1.jar,data/mns/worldgen/structure/medium_warped_fungus.json,#mns:has_structure/warped_biomes,surface/other,Nether,surface_structures,"{""absolute"":0}",beard_thin,mns:medium_warped_fungus,0,0,,,True,,,
mns:medium_warped_fungus_2,MoogsNetherStructures-universal-1.21-3.1.1.jar,data/mns/worldgen/structure/medium_warped_fungus_2.json,#mns:has_structure/warped_biomes,surface/other,Nether,surface_structures,"{""absolute"":0}",beard_thin,mns:medium_warped_fungus,0,0,,,True,,,
mns:medium_warped_well,MoogsNetherStructures-universal-1.21-3.1.1.jar,data/mns/worldgen/structure/medium_warped_well.json,#mns:has_structure/warped_biomes,surface/other,Nether,surface_structures,"{""absolute"":0}",beard_thin,mns:medium_warped_well,0,0,,,True,,,
mns:mega_fortress,MoogsNetherStructures-universal-1.21-3.1.1.jar,data/mns/worldgen/structure/mega_fortress.json,#mns:has_structure/nether_biomes,surface/other,Nether,surface_structures,"{""absolute"":19}",none,mns:mega_fortress,0,0,,,False,,,
mns:nether_tower,MoogsNetherStructures-universal-1.21-3.1.1.jar,data/mns/worldgen/structure/nether_tower.json,#mns:has_structure/nether_biomes,surface/other,Nether,surface_structures,"{""absolute"":0}",beard_thin,mns:nether_tower,0,0,,,False,,,
mns:nether_wart_farm,MoogsNetherStructures-universal-1.21-3.1.1.jar,data/mns/worldgen/structure/nether_wart_farm.json,#mns:has_structure/nether_biomes,surface/other,Nether,surface_structures,"{""absolute"":0}",beard_thin,mns:nether_wart_farm,0,0,,,False,,,
mns:ruined_portal,MoogsNetherStructures-universal-1.21-3.1.1.jar,data/mns/worldgen/structure/ruined_portal.json,#mns:has_structure/nether_biomes,surface/other,Nether,surface_structures,"{""absolute"":0}",beard_thin,mns:ruined_portal,0,0,,,False,,,
mns:sandy_skull,MoogsNetherStructures-universal-1.21-3.1.1.jar,data/mns/worldgen/structure/sandy_skull.json,#mns:has_structure/nether_biomes,surface/other,Nether,surface_structures,"{""absolute"":0}",beard_thin,mns:sandy_skull,0,0,,,False,,,
mns:shrine,MoogsNetherStructures-universal-1.21-3.1.1.jar,data/mns/worldgen/structure/shrine.json,#mns:has_structure/nether_biomes,surface/other,Nether,surface_structures,"{""absolute"":0}",beard_thin,mns:shrine,0,0,,,False,,,
mns:small_arena,MoogsNetherStructures-universal-1.21-3.1.1.jar,data/mns/worldgen/structure/small_arena.json,#mns:has_structure/nether_biomes,surface/other,Nether,surface_structures,"{""absolute"":0}",beard_box,mns:mega_arenas,0,0,,,False,,,
mns:small_nether_brick,MoogsNetherStructures-universal-1.21-3.1.1.jar,data/mns/worldgen/structure/small_nether_brick.json,#mns:has_structure/nether_biomes,surface/other,Nether,surface_structures,"{""absolute"":0}",beard_thin,mns:small_nether_brick,0,0,,,False,,,
mns:smoking_shrine,MoogsNetherStructures-universal-1.21-3.1.1.jar,data/mns/worldgen/structure/smoking_shrine.json,#mns:has_structure/nether_biomes,surface/other,Nether,surface_structures,"{""absolute"":0}",beard_thin,mns:shrine,0,0,,,False,,,
mns:soul_fire,MoogsNetherStructures-universal-1.21-3.1.1.jar,data/mns/worldgen/structure/soul_fire.json,#mns:has_structure/nether_biomes,surface/other,Nether,surface_structures,"{""absolute"":0}",beard_thin,mns:soul_fire,0,0,,,False,,,
mns:sword,MoogsNetherStructures-universal-1.21-3.1.1.jar,data/mns/worldgen/structure/sword.json,#mns:has_structure/crimson_biomes,surface/other,Nether,surface_structures,"{""absolute"":0}",beard_thin,mns:sword,0,0,,,True,,,
mns:train,MoogsNetherStructures-universal-1.21-3.1.1.jar,data/mns/worldgen/structure/train.json,#mns:has_structure/nether_biomes,surface/other,Nether,surface_structures,"{""absolute"":0}",beard_thin,mns:train,0,0,,,False,,,
mns:very_small_blackstone,MoogsNetherStructures-universal-1.21-3.1.1.jar,data/mns/worldgen/structure/very_small_blackstone.json,#mns:has_structure/nether_biomes,surface/other,Nether,surface_structures,"{""absolute"":0}",beard_thin,mns:very_small_blackstone,0,0,,,False,,,
mns:very_small_blackstone_2,MoogsNetherStructures-universal-1.21-3.1.1.jar,data/mns/worldgen/structure/very_small_blackstone_2.json,#mns:has_structure/nether_biomes,surface/other,Nether,surface_structures,"{""absolute"":0}",beard_thin,mns:very_small_blackstone,0,0,,,False,,,
mns:very_small_blackstone_3,MoogsNetherStructures-universal-1.21-3.1.1.jar,data/mns/worldgen/structure/very_small_blackstone_3.json,#mns:has_structure/nether_biomes,surface/other,Nether,surface_structures,"{""absolute"":0}",beard_thin,mns:very_small_blackstone,0,0,,,False,,,
mns:very_small_blackstone_4,MoogsNetherStructures-universal-1.21-3.1.1.jar,data/mns/worldgen/structure/very_small_blackstone_4.json,#mns:has_structure/nether_biomes,surface/other,Nether,surface_structures,"{""absolute"":0}",beard_thin,mns:very_small_blackstone,0,0,,,False,,,
mns:very_small_nether_brick,MoogsNetherStructures-universal-1.21-3.1.1.jar,data/mns/worldgen/structure/very_small_nether_brick.json,#mns:has_structure/nether_biomes,surface/other,Nether,surface_structures,"{""absolute"":0}",beard_thin,mns:very_small_nether_brick,0,0,,,False,,,
mns:very_small_nether_brick_2,MoogsNetherStructures-universal-1.21-3.1.1.jar,data/mns/worldgen/structure/very_small_nether_brick_2.json,#mns:has_structure/nether_biomes,surface/other,Nether,surface_structures,"{""absolute"":0}",beard_thin,mns:very_small_nether_brick,0,0,,,False,,,
mns:very_small_nether_brick_3,MoogsNetherStructures-universal-1.21-3.1.1.jar,data/mns/worldgen/structure/very_small_nether_brick_3.json,#mns:has_structure/nether_biomes,surface/other,Nether,surface_structures,"{""absolute"":0}",beard_thin,mns:very_small_nether_brick,0,0,,,False,,,
mns:warped_dome,MoogsNetherStructures-universal-1.21-3.1.1.jar,data/mns/worldgen/structure/warped_dome.json,#mns:has_structure/warped_biomes,surface/other,Nether,surface_structures,"{""absolute"":0}",beard_thin,mns:warped_dome,0,0,,,True,,,
mns:warped_house,MoogsNetherStructures-universal-1.21-3.1.1.jar,data/mns/worldgen/structure/warped_house.json,#mns:has_structure/warped_biomes,underground,Nether,underground_structures,"{""absolute"":0}",beard_thin,mns:warped_house,0,0,,,True,,,
mns:warped_pool,MoogsNetherStructures-universal-1.21-3.1.1.jar,data/mns/worldgen/structure/warped_pool.json,#mns:has_structure/warped_biomes,surface/other,Nether,surface_structures,"{""absolute"":0}",beard_thin,mns:warped_pool,0,0,,,True,,,
mowziesmobs:frostmaw_spawn,IMM v1.3.2-1.21.1.jar | mowziesmobs-1.21.1-1.8.2.jar,data/mowziesmobs/worldgen/structure/frostmaw_spawn.json | data/mowziesmobs/worldgen/structure/frostmaw_spawn.json,#mowziesmobs:has_structure/has_mowzie_structure,surface/other,Overworld,surface_structures,{},beard_thin,mowziesmobs:frostmaw_spawns,40,40,,,False,,,biomesoplenty:auroral_garden | biomesoplenty:highland | biomesoplenty:hot_springs | biomesoplenty:ominous_woods | biomesoplenty:pumpkin_patch | biomesoplenty:snowblossom_grove | biomesoplenty:volcano | biomeswevegone:bayou | biomeswevegone:crag_gardens | biomeswevegone:ebony_woods | biomeswevegone:frosted_coniferous_forest | biomeswevegone:lush_stacks | biomeswevegone:maple_taiga | biomeswevegone:prairie | biomeswevegone:redwood_thicket | biomeswevegone:sakura_grove | biomeswevegone:shattered_glacier | biomeswevegone:skyris_vale | biomeswevegone:weeping_witch_forest | biomeswevegone:zelkova_forest | natures_spirit:alpine_clearings | natures_spirit:floral_ridges | natures_spirit:windswept_sugi_forest | regions_unexplored:ashen_woodland | regions_unexplored:cold_deciduous_forest | regions_unexplored:fen | regions_unexplored:flower_fields | regions_unexplored:frozen_pine_taiga | regions_unexplored:grassland | regions_unexplored:grassy_beach | regions_unexplored:hyacinth_deeps | regions_unexplored:icy_heights | regions_unexplored:maple_forest | regions_unexplored:marsh | regions_unexplored:muddy_river | regions_unexplored:orchard | regions_unexplored:redwoods | regions_unexplored:rocky_meadow | regions_unexplored:rocky_reef | regions_unexplored:spires
mowziesmobs:monastery,IMM v1.3.2-1.21.1.jar | mowziesmobs-1.21.1-1.8.2.jar,data/mowziesmobs/worldgen/structure/monastery.json | data/mowziesmobs/worldgen/structure/monastery.json,#mowziesmobs:has_structure/has_mowzie_structure,surface/other,Overworld,surface_structures,{},none,mowziesmobs:monasteries,40,40,,,False,,,biomesoplenty:auroral_garden | biomesoplenty:highland | biomesoplenty:hot_springs | biomesoplenty:ominous_woods | biomesoplenty:pumpkin_patch | biomesoplenty:snowblossom_grove | biomesoplenty:volcano | biomeswevegone:bayou | biomeswevegone:crag_gardens | biomeswevegone:ebony_woods | biomeswevegone:frosted_coniferous_forest | biomeswevegone:lush_stacks | biomeswevegone:maple_taiga | biomeswevegone:prairie | biomeswevegone:redwood_thicket | biomeswevegone:sakura_grove | biomeswevegone:shattered_glacier | biomeswevegone:skyris_vale | biomeswevegone:weeping_witch_forest | biomeswevegone:zelkova_forest | natures_spirit:alpine_clearings | natures_spirit:floral_ridges | natures_spirit:windswept_sugi_forest | regions_unexplored:ashen_woodland | regions_unexplored:cold_deciduous_forest | regions_unexplored:fen | regions_unexplored:flower_fields | regions_unexplored:frozen_pine_taiga | regions_unexplored:grassland | regions_unexplored:grassy_beach | regions_unexplored:hyacinth_deeps | regions_unexplored:icy_heights | regions_unexplored:maple_forest | regions_unexplored:marsh | regions_unexplored:muddy_river | regions_unexplored:orchard | regions_unexplored:redwoods | regions_unexplored:rocky_meadow | regions_unexplored:rocky_reef | regions_unexplored:spires
mowziesmobs:umvuthana_grove,IMM v1.3.2-1.21.1.jar | mowziesmobs-1.21.1-1.8.2.jar,data/mowziesmobs/worldgen/structure/umvuthana_grove.json | data/mowziesmobs/worldgen/structure/umvuthana_grove.json,#mowziesmobs:has_structure/has_mowzie_structure,surface/other,Overworld,surface_structures,{},,mowziesmobs:umvuthana_groves,40,40,,,False,,,biomesoplenty:auroral_garden | biomesoplenty:highland | biomesoplenty:hot_springs | biomesoplenty:ominous_woods | biomesoplenty:pumpkin_patch | biomesoplenty:snowblossom_grove | biomesoplenty:volcano | biomeswevegone:bayou | biomeswevegone:crag_gardens | biomeswevegone:ebony_woods | biomeswevegone:frosted_coniferous_forest | biomeswevegone:lush_stacks | biomeswevegone:maple_taiga | biomeswevegone:prairie | biomeswevegone:redwood_thicket | biomeswevegone:sakura_grove | biomeswevegone:shattered_glacier | biomeswevegone:skyris_vale | biomeswevegone:weeping_witch_forest | biomeswevegone:zelkova_forest | natures_spirit:alpine_clearings | natures_spirit:floral_ridges | natures_spirit:windswept_sugi_forest | regions_unexplored:ashen_woodland | regions_unexplored:cold_deciduous_forest | regions_unexplored:fen | regions_unexplored:flower_fields | regions_unexplored:frozen_pine_taiga | regions_unexplored:grassland | regions_unexplored:grassy_beach | regions_unexplored:hyacinth_deeps | regions_unexplored:icy_heights | regions_unexplored:maple_forest | regions_unexplored:marsh | regions_unexplored:muddy_river | regions_unexplored:orchard | regions_unexplored:redwoods | regions_unexplored:rocky_meadow | regions_unexplored:rocky_reef | regions_unexplored:spires
mowziesmobs:wrought_chamber,IMM v1.3.2-1.21.1.jar | mowziesmobs-1.21.1-1.8.2.jar,data/mowziesmobs/worldgen/structure/wrought_chamber.json | data/mowziesmobs/worldgen/structure/wrought_chamber.json,#mowziesmobs:has_structure/has_mowzie_structure,surface/other,Overworld,surface_structures,{},,mowziesmobs:wrought_chambers,40,40,,,False,,,biomesoplenty:auroral_garden | biomesoplenty:highland | biomesoplenty:hot_springs | biomesoplenty:ominous_woods | biomesoplenty:pumpkin_patch | biomesoplenty:snowblossom_grove | biomesoplenty:volcano | biomeswevegone:bayou | biomeswevegone:crag_gardens | biomeswevegone:ebony_woods | biomeswevegone:frosted_coniferous_forest | biomeswevegone:lush_stacks | biomeswevegone:maple_taiga | biomeswevegone:prairie | biomeswevegone:redwood_thicket | biomeswevegone:sakura_grove | biomeswevegone:shattered_glacier | biomeswevegone:skyris_vale | biomeswevegone:weeping_witch_forest | biomeswevegone:zelkova_forest | natures_spirit:alpine_clearings | natures_spirit:floral_ridges | natures_spirit:windswept_sugi_forest | regions_unexplored:ashen_woodland | regions_unexplored:cold_deciduous_forest | regions_unexplored:fen | regions_unexplored:flower_fields | regions_unexplored:frozen_pine_taiga | regions_unexplored:grassland | regions_unexplored:grassy_beach | regions_unexplored:hyacinth_deeps | regions_unexplored:icy_heights | regions_unexplored:maple_forest | regions_unexplored:marsh | regions_unexplored:muddy_river | regions_unexplored:orchard | regions_unexplored:redwoods | regions_unexplored:rocky_meadow | regions_unexplored:rocky_reef | regions_unexplored:spires
mss:arena,MoogsSoaringStructures-universal-1.21-2.2.0.jar,data/mss/worldgen/structure/arena.json,#mss:has_structure/overworld_biomes,surface/other,Overworld,surface_structures,"{""max_inclusive"":{""absolute"":170},""min_inclusive"":{""absolute"":120},""type"":""minecraft:uniform""}",none,mss:arena,40,40,,,False,biomesoplenty:is_savanna,biomesoplenty:is_savanna,biomesoplenty:auroral_garden | biomesoplenty:highland | biomesoplenty:hot_springs | biomesoplenty:ominous_woods | biomesoplenty:pumpkin_patch | biomesoplenty:snowblossom_grove | biomesoplenty:volcano | biomeswevegone:bayou | biomeswevegone:crag_gardens | biomeswevegone:ebony_woods | biomeswevegone:frosted_coniferous_forest | biomeswevegone:lush_stacks | biomeswevegone:maple_taiga | biomeswevegone:prairie | biomeswevegone:redwood_thicket | biomeswevegone:sakura_grove | biomeswevegone:shattered_glacier | biomeswevegone:skyris_vale | biomeswevegone:weeping_witch_forest | biomeswevegone:zelkova_forest | natures_spirit:alpine_clearings | natures_spirit:floral_ridges | natures_spirit:windswept_sugi_forest | regions_unexplored:ashen_woodland | regions_unexplored:cold_deciduous_forest | regions_unexplored:fen | regions_unexplored:flower_fields | regions_unexplored:frozen_pine_taiga | regions_unexplored:grassland | regions_unexplored:grassy_beach | regions_unexplored:hyacinth_deeps | regions_unexplored:icy_heights | regions_unexplored:maple_forest | regions_unexplored:marsh | regions_unexplored:muddy_river | regions_unexplored:orchard | regions_unexplored:redwoods | regions_unexplored:rocky_meadow | regions_unexplored:rocky_reef | regions_unexplored:spires
mss:birch_river,MoogsSoaringStructures-universal-1.21-2.2.0.jar,data/mss/worldgen/structure/birch_river.json,#mss:has_structure/birch_biomes,surface/other,Overworld,surface_structures,"{""max_inclusive"":{""absolute"":150},""min_inclusive"":{""absolute"":45},""type"":""minecraft:uniform""}",none,mss:birch_river,4,11,biomesoplenty:ominous_woods | biomeswevegone:redwood_thicket | biomeswevegone:skyris_vale | biomeswevegone:weeping_witch_forest | natures_spirit:windswept_sugi_forest | regions_unexplored:orchard | regions_unexplored:redwoods,,False,,,biomesoplenty:ominous_woods | biomesoplenty:snowblossom_grove | biomeswevegone:redwood_thicket | biomeswevegone:sakura_grove | biomeswevegone:skyris_vale | biomeswevegone:weeping_witch_forest | biomeswevegone:zelkova_forest | natures_spirit:windswept_sugi_forest | regions_unexplored:maple_forest | regions_unexplored:orchard | regions_unexplored:redwoods
mss:calcite_house,MoogsSoaringStructures-universal-1.21-2.2.0.jar,data/mss/worldgen/structure/calcite_house.json,#mss:has_structure/overworld_biomes,surface/other,Overworld,surface_structures,"{""max_inclusive"":{""absolute"":150},""min_inclusive"":{""absolute"":45},""type"":""minecraft:uniform""}",none,mss:calcite_house,40,40,,,False,biomesoplenty:is_savanna,biomesoplenty:is_savanna,biomesoplenty:auroral_garden | biomesoplenty:highland | biomesoplenty:hot_springs | biomesoplenty:ominous_woods | biomesoplenty:pumpkin_patch | biomesoplenty:snowblossom_grove | biomesoplenty:volcano | biomeswevegone:bayou | biomeswevegone:crag_gardens | biomeswevegone:ebony_woods | biomeswevegone:frosted_coniferous_forest | biomeswevegone:lush_stacks | biomeswevegone:maple_taiga | biomeswevegone:prairie | biomeswevegone:redwood_thicket | biomeswevegone:sakura_grove | biomeswevegone:shattered_glacier | biomeswevegone:skyris_vale | biomeswevegone:weeping_witch_forest | biomeswevegone:zelkova_forest | natures_spirit:alpine_clearings | natures_spirit:floral_ridges | natures_spirit:windswept_sugi_forest | regions_unexplored:ashen_woodland | regions_unexplored:cold_deciduous_forest | regions_unexplored:fen | regions_unexplored:flower_fields | regions_unexplored:frozen_pine_taiga | regions_unexplored:grassland | regions_unexplored:grassy_beach | regions_unexplored:hyacinth_deeps | regions_unexplored:icy_heights | regions_unexplored:maple_forest | regions_unexplored:marsh | regions_unexplored:muddy_river | regions_unexplored:orchard | regions_unexplored:redwoods | regions_unexplored:rocky_meadow | regions_unexplored:rocky_reef | regions_unexplored:spires
mss:castle_ruin,MoogsSoaringStructures-universal-1.21-2.2.0.jar,data/mss/worldgen/structure/castle_ruin.json,#mss:has_structure/overworld_biomes,surface/other,Overworld,surface_structures,"{""max_inclusive"":{""absolute"":150},""min_inclusive"":{""absolute"":45},""type"":""minecraft:uniform""}",none,mss:castle_ruin,40,40,,,False,biomesoplenty:is_savanna,biomesoplenty:is_savanna,biomesoplenty:auroral_garden | biomesoplenty:highland | biomesoplenty:hot_springs | biomesoplenty:ominous_woods | biomesoplenty:pumpkin_patch | biomesoplenty:snowblossom_grove | biomesoplenty:volcano | biomeswevegone:bayou | biomeswevegone:crag_gardens | biomeswevegone:ebony_woods | biomeswevegone:frosted_coniferous_forest | biomeswevegone:lush_stacks | biomeswevegone:maple_taiga | biomeswevegone:prairie | biomeswevegone:redwood_thicket | biomeswevegone:sakura_grove | biomeswevegone:shattered_glacier | biomeswevegone:skyris_vale | biomeswevegone:weeping_witch_forest | biomeswevegone:zelkova_forest | natures_spirit:alpine_clearings | natures_spirit:floral_ridges | natures_spirit:windswept_sugi_forest | regions_unexplored:ashen_woodland | regions_unexplored:cold_deciduous_forest | regions_unexplored:fen | regions_unexplored:flower_fields | regions_unexplored:frozen_pine_taiga | regions_unexplored:grassland | regions_unexplored:grassy_beach | regions_unexplored:hyacinth_deeps | regions_unexplored:icy_heights | regions_unexplored:maple_forest | regions_unexplored:marsh | regions_unexplored:muddy_river | regions_unexplored:orchard | regions_unexplored:redwoods | regions_unexplored:rocky_meadow | regions_unexplored:rocky_reef | regions_unexplored:spires
mss:castle_tower,MoogsSoaringStructures-universal-1.21-2.2.0.jar,data/mss/worldgen/structure/castle_tower.json,#mss:has_structure/overworld_biomes,surface/other,Overworld,surface_structures,"{""max_inclusive"":{""absolute"":150},""min_inclusive"":{""absolute"":45},""type"":""minecraft:uniform""}",none,mss:castle_tower,40,40,,,False,biomesoplenty:is_savanna,biomesoplenty:is_savanna,biomesoplenty:auroral_garden | biomesoplenty:highland | biomesoplenty:hot_springs | biomesoplenty:ominous_woods | biomesoplenty:pumpkin_patch | biomesoplenty:snowblossom_grove | biomesoplenty:volcano | biomeswevegone:bayou | biomeswevegone:crag_gardens | biomeswevegone:ebony_woods | biomeswevegone:frosted_coniferous_forest | biomeswevegone:lush_stacks | biomeswevegone:maple_taiga | biomeswevegone:prairie | biomeswevegone:redwood_thicket | biomeswevegone:sakura_grove | biomeswevegone:shattered_glacier | biomeswevegone:skyris_vale | biomeswevegone:weeping_witch_forest | biomeswevegone:zelkova_forest | natures_spirit:alpine_clearings | natures_spirit:floral_ridges | natures_spirit:windswept_sugi_forest | regions_unexplored:ashen_woodland | regions_unexplored:cold_deciduous_forest | regions_unexplored:fen | regions_unexplored:flower_fields | regions_unexplored:frozen_pine_taiga | regions_unexplored:grassland | regions_unexplored:grassy_beach | regions_unexplored:hyacinth_deeps | regions_unexplored:icy_heights | regions_unexplored:maple_forest | regions_unexplored:marsh | regions_unexplored:muddy_river | regions_unexplored:orchard | regions_unexplored:redwoods | regions_unexplored:rocky_meadow | regions_unexplored:rocky_reef | regions_unexplored:spires
mss:cherry_river,MoogsSoaringStructures-universal-1.21-2.2.0.jar,data/mss/worldgen/structure/cherry_river.json,#mss:has_structure/cherry_biomes,surface/other,Overworld,surface_structures,"{""max_inclusive"":{""absolute"":150},""min_inclusive"":{""absolute"":45},""type"":""minecraft:uniform""}",none,mss:cherry_river,2,2,,,False,c:is_cherry,,biomesoplenty:snowblossom_grove | biomeswevegone:sakura_grove
mss:desert_pyramid,MoogsSoaringStructures-universal-1.21-2.2.0.jar,data/mss/worldgen/structure/desert_pyramid.json,#mss:has_structure/desert_biomes,surface/other,Other/undetermined,surface_structures,"{""max_inclusive"":{""absolute"":150},""min_inclusive"":{""absolute"":45},""type"":""minecraft:uniform""}",none,mss:desert_pyramid,0,0,,,False,,,
mss:desert_well,MoogsSoaringStructures-universal-1.21-2.2.0.jar,data/mss/worldgen/structure/desert_well.json,#mss:has_structure/desert_biomes,surface/other,Other/undetermined,surface_structures,"{""max_inclusive"":{""absolute"":120},""min_inclusive"":{""absolute"":30},""type"":""minecraft:uniform""}",none,mss:desert_well,0,0,,,False,,,
mss:diorite_house,MoogsSoaringStructures-universal-1.21-2.2.0.jar,data/mss/worldgen/structure/diorite_house.json,#mss:has_structure/overworld_biomes,surface/other,Overworld,surface_structures,"{""max_inclusive"":{""absolute"":200},""min_inclusive"":{""absolute"":100},""type"":""minecraft:uniform""}",none,mss:diorite_house,40,40,,,False,biomesoplenty:is_savanna,biomesoplenty:is_savanna,biomesoplenty:auroral_garden | biomesoplenty:highland | biomesoplenty:hot_springs | biomesoplenty:ominous_woods | biomesoplenty:pumpkin_patch | biomesoplenty:snowblossom_grove | biomesoplenty:volcano | biomeswevegone:bayou | biomeswevegone:crag_gardens | biomeswevegone:ebony_woods | biomeswevegone:frosted_coniferous_forest | biomeswevegone:lush_stacks | biomeswevegone:maple_taiga | biomeswevegone:prairie | biomeswevegone:redwood_thicket | biomeswevegone:sakura_grove | biomeswevegone:shattered_glacier | biomeswevegone:skyris_vale | biomeswevegone:weeping_witch_forest | biomeswevegone:zelkova_forest | natures_spirit:alpine_clearings | natures_spirit:floral_ridges | natures_spirit:windswept_sugi_forest | regions_unexplored:ashen_woodland | regions_unexplored:cold_deciduous_forest | regions_unexplored:fen | regions_unexplored:flower_fields | regions_unexplored:frozen_pine_taiga | regions_unexplored:grassland | regions_unexplored:grassy_beach | regions_unexplored:hyacinth_deeps | regions_unexplored:icy_heights | regions_unexplored:maple_forest | regions_unexplored:marsh | regions_unexplored:muddy_river | regions_unexplored:orchard | regions_unexplored:redwoods | regions_unexplored:rocky_meadow | regions_unexplored:rocky_reef | regions_unexplored:spires
mss:frozen_pond,MoogsSoaringStructures-universal-1.21-2.2.0.jar,data/mss/worldgen/structure/frozen_pond.json,#mss:has_structure/snowy_biomes,surface/other,Overworld,surface_structures,"{""max_inclusive"":{""absolute"":150},""min_inclusive"":{""absolute"":45},""type"":""minecraft:uniform""}",none,mss:frozen_pond,10,8,,biomeswevegone:maple_taiga | natures_spirit:alpine_clearings,False,,,biomesoplenty:auroral_garden | biomesoplenty:snowblossom_grove | biomeswevegone:frosted_coniferous_forest | biomeswevegone:shattered_glacier | regions_unexplored:cold_deciduous_forest | regions_unexplored:frozen_pine_taiga | regions_unexplored:icy_heights | regions_unexplored:spires
mss:jungle,MoogsSoaringStructures-universal-1.21-2.2.0.jar,data/mss/worldgen/structure/jungle.json,#mss:has_structure/jungle_biomes,surface/other,Overworld,surface_structures,"{""max_inclusive"":{""absolute"":150},""min_inclusive"":{""absolute"":45},""type"":""minecraft:uniform""}",none,mss:jungle,3,3,,,False,,,biomeswevegone:bayou | biomeswevegone:crag_gardens | biomeswevegone:ebony_woods
mss:large_tower,MoogsSoaringStructures-universal-1.21-2.2.0.jar,data/mss/worldgen/structure/large_tower.json,#mss:has_structure/overworld_biomes,surface/other,Overworld,surface_structures,"{""max_inclusive"":{""absolute"":200},""min_inclusive"":{""absolute"":100},""type"":""minecraft:uniform""}",none,mss:large_tower,40,40,,,False,biomesoplenty:is_savanna,biomesoplenty:is_savanna,biomesoplenty:auroral_garden | biomesoplenty:highland | biomesoplenty:hot_springs | biomesoplenty:ominous_woods | biomesoplenty:pumpkin_patch | biomesoplenty:snowblossom_grove | biomesoplenty:volcano | biomeswevegone:bayou | biomeswevegone:crag_gardens | biomeswevegone:ebony_woods | biomeswevegone:frosted_coniferous_forest | biomeswevegone:lush_stacks | biomeswevegone:maple_taiga | biomeswevegone:prairie | biomeswevegone:redwood_thicket | biomeswevegone:sakura_grove | biomeswevegone:shattered_glacier | biomeswevegone:skyris_vale | biomeswevegone:weeping_witch_forest | biomeswevegone:zelkova_forest | natures_spirit:alpine_clearings | natures_spirit:floral_ridges | natures_spirit:windswept_sugi_forest | regions_unexplored:ashen_woodland | regions_unexplored:cold_deciduous_forest | regions_unexplored:fen | regions_unexplored:flower_fields | regions_unexplored:frozen_pine_taiga | regions_unexplored:grassland | regions_unexplored:grassy_beach | regions_unexplored:hyacinth_deeps | regions_unexplored:icy_heights | regions_unexplored:maple_forest | regions_unexplored:marsh | regions_unexplored:muddy_river | regions_unexplored:orchard | regions_unexplored:redwoods | regions_unexplored:rocky_meadow | regions_unexplored:rocky_reef | regions_unexplored:spires
mss:leaf_hollow,MoogsSoaringStructures-universal-1.21-2.2.0.jar,data/mss/worldgen/structure/leaf_hollow.json,#mss:has_structure/overworld_biomes,surface/other,Overworld,surface_structures,"{""max_inclusive"":{""absolute"":150},""min_inclusive"":{""absolute"":45},""type"":""minecraft:uniform""}",none,mss:leaf_hollow,40,40,,,False,biomesoplenty:is_savanna,biomesoplenty:is_savanna,biomesoplenty:auroral_garden | biomesoplenty:highland | biomesoplenty:hot_springs | biomesoplenty:ominous_woods | biomesoplenty:pumpkin_patch | biomesoplenty:snowblossom_grove | biomesoplenty:volcano | biomeswevegone:bayou | biomeswevegone:crag_gardens | biomeswevegone:ebony_woods | biomeswevegone:frosted_coniferous_forest | biomeswevegone:lush_stacks | biomeswevegone:maple_taiga | biomeswevegone:prairie | biomeswevegone:redwood_thicket | biomeswevegone:sakura_grove | biomeswevegone:shattered_glacier | biomeswevegone:skyris_vale | biomeswevegone:weeping_witch_forest | biomeswevegone:zelkova_forest | natures_spirit:alpine_clearings | natures_spirit:floral_ridges | natures_spirit:windswept_sugi_forest | regions_unexplored:ashen_woodland | regions_unexplored:cold_deciduous_forest | regions_unexplored:fen | regions_unexplored:flower_fields | regions_unexplored:frozen_pine_taiga | regions_unexplored:grassland | regions_unexplored:grassy_beach | regions_unexplored:hyacinth_deeps | regions_unexplored:icy_heights | regions_unexplored:maple_forest | regions_unexplored:marsh | regions_unexplored:muddy_river | regions_unexplored:orchard | regions_unexplored:redwoods | regions_unexplored:rocky_meadow | regions_unexplored:rocky_reef | regions_unexplored:spires
mss:mangrove,MoogsSoaringStructures-universal-1.21-2.2.0.jar,data/mss/worldgen/structure/mangrove.json,#mss:has_structure/mangrove_biomes,surface/other,Overworld,surface_structures,"{""max_inclusive"":{""absolute"":150},""min_inclusive"":{""absolute"":45},""type"":""minecraft:uniform""}",none,mss:mangrove,0,2,biomeswevegone:bayou | regions_unexplored:marsh,,True,,,biomeswevegone:bayou | regions_unexplored:marsh
mss:muddy_water_hole,MoogsSoaringStructures-universal-1.21-2.2.0.jar,data/mss/worldgen/structure/muddy_water_hole.json,#mss:has_structure/swampy_biomes,surface/other,Overworld,surface_structures,"{""max_inclusive"":{""absolute"":150},""min_inclusive"":{""absolute"":45},""type"":""minecraft:uniform""}",none,mss:muddy_water_hole,4,4,,,False,,,biomesoplenty:hot_springs | biomeswevegone:bayou | regions_unexplored:fen | regions_unexplored:marsh
mss:mushroom,MoogsSoaringStructures-universal-1.21-2.2.0.jar,data/mss/worldgen/structure/mushroom.json,#mss:has_structure/mushroom_island_biomes,surface/other,Other/undetermined,surface_structures,"{""max_inclusive"":{""absolute"":150},""min_inclusive"":{""absolute"":45},""type"":""minecraft:uniform""}",none,mss:mushroom,0,0,,,False,,,
mss:nether_portal,MoogsSoaringStructures-universal-1.21-2.2.0.jar,data/mss/worldgen/structure/nether_portal.json,#mss:has_structure/overworld_biomes,surface/other,Overworld,surface_structures,"{""max_inclusive"":{""absolute"":150},""min_inclusive"":{""absolute"":45},""type"":""minecraft:uniform""}",none,mss:nether_portal,40,40,,,False,biomesoplenty:is_savanna,biomesoplenty:is_savanna,biomesoplenty:auroral_garden | biomesoplenty:highland | biomesoplenty:hot_springs | biomesoplenty:ominous_woods | biomesoplenty:pumpkin_patch | biomesoplenty:snowblossom_grove | biomesoplenty:volcano | biomeswevegone:bayou | biomeswevegone:crag_gardens | biomeswevegone:ebony_woods | biomeswevegone:frosted_coniferous_forest | biomeswevegone:lush_stacks | biomeswevegone:maple_taiga | biomeswevegone:prairie | biomeswevegone:redwood_thicket | biomeswevegone:sakura_grove | biomeswevegone:shattered_glacier | biomeswevegone:skyris_vale | biomeswevegone:weeping_witch_forest | biomeswevegone:zelkova_forest | natures_spirit:alpine_clearings | natures_spirit:floral_ridges | natures_spirit:windswept_sugi_forest | regions_unexplored:ashen_woodland | regions_unexplored:cold_deciduous_forest | regions_unexplored:fen | regions_unexplored:flower_fields | regions_unexplored:frozen_pine_taiga | regions_unexplored:grassland | regions_unexplored:grassy_beach | regions_unexplored:hyacinth_deeps | regions_unexplored:icy_heights | regions_unexplored:maple_forest | regions_unexplored:marsh | regions_unexplored:muddy_river | regions_unexplored:orchard | regions_unexplored:redwoods | regions_unexplored:rocky_meadow | regions_unexplored:rocky_reef | regions_unexplored:spires
mss:palm_island,MoogsSoaringStructures-universal-1.21-2.2.0.jar,data/mss/worldgen/structure/palm_island.json,#mss:has_structure/ocean_biomes,ocean/river,Overworld,surface_structures,"{""max_inclusive"":{""absolute"":150},""min_inclusive"":{""absolute"":45},""type"":""minecraft:uniform""}",none,mss:palm_island,3,3,,,False,,,biomeswevegone:lush_stacks | regions_unexplored:hyacinth_deeps | regions_unexplored:rocky_reef
mss:red_sand,MoogsSoaringStructures-universal-1.21-2.2.0.jar,data/mss/worldgen/structure/red_sand.json,#mss:has_structure/red_sand_biomes,surface/other,Other/undetermined,surface_structures,"{""max_inclusive"":{""absolute"":150},""min_inclusive"":{""absolute"":45},""type"":""minecraft:uniform""}",none,mss:red_sand,0,0,,,False,c:is_badlands,c:is_badlands,
mss:small_deepslate_house,MoogsSoaringStructures-universal-1.21-2.2.0.jar,data/mss/worldgen/structure/small_deepslate_house.json,#mss:has_structure/overworld_biomes,surface/other,Overworld,surface_structures,"{""max_inclusive"":{""absolute"":150},""min_inclusive"":{""absolute"":45},""type"":""minecraft:uniform""}",none,mss:small_deepslate_house,40,40,,,False,biomesoplenty:is_savanna,biomesoplenty:is_savanna,biomesoplenty:auroral_garden | biomesoplenty:highland | biomesoplenty:hot_springs | biomesoplenty:ominous_woods | biomesoplenty:pumpkin_patch | biomesoplenty:snowblossom_grove | biomesoplenty:volcano | biomeswevegone:bayou | biomeswevegone:crag_gardens | biomeswevegone:ebony_woods | biomeswevegone:frosted_coniferous_forest | biomeswevegone:lush_stacks | biomeswevegone:maple_taiga | biomeswevegone:prairie | biomeswevegone:redwood_thicket | biomeswevegone:sakura_grove | biomeswevegone:shattered_glacier | biomeswevegone:skyris_vale | biomeswevegone:weeping_witch_forest | biomeswevegone:zelkova_forest | natures_spirit:alpine_clearings | natures_spirit:floral_ridges | natures_spirit:windswept_sugi_forest | regions_unexplored:ashen_woodland | regions_unexplored:cold_deciduous_forest | regions_unexplored:fen | regions_unexplored:flower_fields | regions_unexplored:frozen_pine_taiga | regions_unexplored:grassland | regions_unexplored:grassy_beach | regions_unexplored:hyacinth_deeps | regions_unexplored:icy_heights | regions_unexplored:maple_forest | regions_unexplored:marsh | regions_unexplored:muddy_river | regions_unexplored:orchard | regions_unexplored:redwoods | regions_unexplored:rocky_meadow | regions_unexplored:rocky_reef | regions_unexplored:spires
mss:small_oak_house,MoogsSoaringStructures-universal-1.21-2.2.0.jar,data/mss/worldgen/structure/small_oak_house.json,#mss:has_structure/overworld_biomes,surface/other,Overworld,surface_structures,"{""max_inclusive"":{""absolute"":150},""min_inclusive"":{""absolute"":45},""type"":""minecraft:uniform""}",none,mss:small_oak_house,40,40,,,False,biomesoplenty:is_savanna,biomesoplenty:is_savanna,biomesoplenty:auroral_garden | biomesoplenty:highland | biomesoplenty:hot_springs | biomesoplenty:ominous_woods | biomesoplenty:pumpkin_patch | biomesoplenty:snowblossom_grove | biomesoplenty:volcano | biomeswevegone:bayou | biomeswevegone:crag_gardens | biomeswevegone:ebony_woods | biomeswevegone:frosted_coniferous_forest | biomeswevegone:lush_stacks | biomeswevegone:maple_taiga | biomeswevegone:prairie | biomeswevegone:redwood_thicket | biomeswevegone:sakura_grove | biomeswevegone:shattered_glacier | biomeswevegone:skyris_vale | biomeswevegone:weeping_witch_forest | biomeswevegone:zelkova_forest | natures_spirit:alpine_clearings | natures_spirit:floral_ridges | natures_spirit:windswept_sugi_forest | regions_unexplored:ashen_woodland | regions_unexplored:cold_deciduous_forest | regions_unexplored:fen | regions_unexplored:flower_fields | regions_unexplored:frozen_pine_taiga | regions_unexplored:grassland | regions_unexplored:grassy_beach | regions_unexplored:hyacinth_deeps | regions_unexplored:icy_heights | regions_unexplored:maple_forest | regions_unexplored:marsh | regions_unexplored:muddy_river | regions_unexplored:orchard | regions_unexplored:redwoods | regions_unexplored:rocky_meadow | regions_unexplored:rocky_reef | regions_unexplored:spires
mss:small_pond,MoogsSoaringStructures-universal-1.21-2.2.0.jar,data/mss/worldgen/structure/small_pond.json,#mss:has_structure/overworld_biomes,surface/other,Overworld,surface_structures,"{""max_inclusive"":{""absolute"":120},""min_inclusive"":{""absolute"":30},""type"":""minecraft:uniform""}",none,mss:small_pond,40,40,,,False,biomesoplenty:is_savanna,biomesoplenty:is_savanna,biomesoplenty:auroral_garden | biomesoplenty:highland | biomesoplenty:hot_springs | biomesoplenty:ominous_woods | biomesoplenty:pumpkin_patch | biomesoplenty:snowblossom_grove | biomesoplenty:volcano | biomeswevegone:bayou | biomeswevegone:crag_gardens | biomeswevegone:ebony_woods | biomeswevegone:frosted_coniferous_forest | biomeswevegone:lush_stacks | biomeswevegone:maple_taiga | biomeswevegone:prairie | biomeswevegone:redwood_thicket | biomeswevegone:sakura_grove | biomeswevegone:shattered_glacier | biomeswevegone:skyris_vale | biomeswevegone:weeping_witch_forest | biomeswevegone:zelkova_forest | natures_spirit:alpine_clearings | natures_spirit:floral_ridges | natures_spirit:windswept_sugi_forest | regions_unexplored:ashen_woodland | regions_unexplored:cold_deciduous_forest | regions_unexplored:fen | regions_unexplored:flower_fields | regions_unexplored:frozen_pine_taiga | regions_unexplored:grassland | regions_unexplored:grassy_beach | regions_unexplored:hyacinth_deeps | regions_unexplored:icy_heights | regions_unexplored:maple_forest | regions_unexplored:marsh | regions_unexplored:muddy_river | regions_unexplored:orchard | regions_unexplored:redwoods | regions_unexplored:rocky_meadow | regions_unexplored:rocky_reef | regions_unexplored:spires
mss:small_tower,MoogsSoaringStructures-universal-1.21-2.2.0.jar,data/mss/worldgen/structure/small_tower.json,#mss:has_structure/overworld_biomes,surface/other,Overworld,surface_structures,"{""max_inclusive"":{""absolute"":150},""min_inclusive"":{""absolute"":45},""type"":""minecraft:uniform""}",none,mss:small_tower,40,40,,,False,biomesoplenty:is_savanna,biomesoplenty:is_savanna,biomesoplenty:auroral_garden | biomesoplenty:highland | biomesoplenty:hot_springs | biomesoplenty:ominous_woods | biomesoplenty:pumpkin_patch | biomesoplenty:snowblossom_grove | biomesoplenty:volcano | biomeswevegone:bayou | biomeswevegone:crag_gardens | biomeswevegone:ebony_woods | biomeswevegone:frosted_coniferous_forest | biomeswevegone:lush_stacks | biomeswevegone:maple_taiga | biomeswevegone:prairie | biomeswevegone:redwood_thicket | biomeswevegone:sakura_grove | biomeswevegone:shattered_glacier | biomeswevegone:skyris_vale | biomeswevegone:weeping_witch_forest | biomeswevegone:zelkova_forest | natures_spirit:alpine_clearings | natures_spirit:floral_ridges | natures_spirit:windswept_sugi_forest | regions_unexplored:ashen_woodland | regions_unexplored:cold_deciduous_forest | regions_unexplored:fen | regions_unexplored:flower_fields | regions_unexplored:frozen_pine_taiga | regions_unexplored:grassland | regions_unexplored:grassy_beach | regions_unexplored:hyacinth_deeps | regions_unexplored:icy_heights | regions_unexplored:maple_forest | regions_unexplored:marsh | regions_unexplored:muddy_river | regions_unexplored:orchard | regions_unexplored:redwoods | regions_unexplored:rocky_meadow | regions_unexplored:rocky_reef | regions_unexplored:spires
mss:spruce_huts,MoogsSoaringStructures-universal-1.21-2.2.0.jar,data/mss/worldgen/structure/spruce_huts.json,#mss:has_structure/cold_biomes,surface/other,Overworld,surface_structures,"{""max_inclusive"":{""absolute"":150},""min_inclusive"":{""absolute"":45},""type"":""minecraft:uniform""}",none,mss:spruce_huts,21,21,,,False,,,biomesoplenty:auroral_garden | biomesoplenty:highland | biomesoplenty:hot_springs | biomesoplenty:ominous_woods | biomesoplenty:snowblossom_grove | biomesoplenty:volcano | biomeswevegone:crag_gardens | biomeswevegone:frosted_coniferous_forest | biomeswevegone:maple_taiga | biomeswevegone:redwood_thicket | biomeswevegone:shattered_glacier | natures_spirit:alpine_clearings | natures_spirit:floral_ridges | natures_spirit:windswept_sugi_forest | regions_unexplored:ashen_woodland | regions_unexplored:cold_deciduous_forest | regions_unexplored:frozen_pine_taiga | regions_unexplored:icy_heights | regions_unexplored:redwoods | regions_unexplored:rocky_meadow | regions_unexplored:spires
mss:taiga,MoogsSoaringStructures-universal-1.21-2.2.0.jar,data/mss/worldgen/structure/taiga.json,#mss:has_structure/cold_biomes,surface/other,Overworld,surface_structures,"{""max_inclusive"":{""absolute"":150},""min_inclusive"":{""absolute"":45},""type"":""minecraft:uniform""}",none,mss:taiga,21,21,,,False,,,biomesoplenty:auroral_garden | biomesoplenty:highland | biomesoplenty:hot_springs | biomesoplenty:ominous_woods | biomesoplenty:snowblossom_grove | biomesoplenty:volcano | biomeswevegone:crag_gardens | biomeswevegone:frosted_coniferous_forest | biomeswevegone:maple_taiga | biomeswevegone:redwood_thicket | biomeswevegone:shattered_glacier | natures_spirit:alpine_clearings | natures_spirit:floral_ridges | natures_spirit:windswept_sugi_forest | regions_unexplored:ashen_woodland | regions_unexplored:cold_deciduous_forest | regions_unexplored:frozen_pine_taiga | regions_unexplored:icy_heights | regions_unexplored:redwoods | regions_unexplored:rocky_meadow | regions_unexplored:spires
mss:tree_1,MoogsSoaringStructures-universal-1.21-2.2.0.jar,data/mss/worldgen/structure/tree_1.json,#mss:has_structure/overworld_biomes,surface/other,Overworld,surface_structures,"{""max_inclusive"":{""absolute"":100},""min_inclusive"":{""absolute"":35},""type"":""minecraft:uniform""}",none,mss:trees,40,40,,,False,biomesoplenty:is_savanna,biomesoplenty:is_savanna,biomesoplenty:auroral_garden | biomesoplenty:highland | biomesoplenty:hot_springs | biomesoplenty:ominous_woods | biomesoplenty:pumpkin_patch | biomesoplenty:snowblossom_grove | biomesoplenty:volcano | biomeswevegone:bayou | biomeswevegone:crag_gardens | biomeswevegone:ebony_woods | biomeswevegone:frosted_coniferous_forest | biomeswevegone:lush_stacks | biomeswevegone:maple_taiga | biomeswevegone:prairie | biomeswevegone:redwood_thicket | biomeswevegone:sakura_grove | biomeswevegone:shattered_glacier | biomeswevegone:skyris_vale | biomeswevegone:weeping_witch_forest | biomeswevegone:zelkova_forest | natures_spirit:alpine_clearings | natures_spirit:floral_ridges | natures_spirit:windswept_sugi_forest | regions_unexplored:ashen_woodland | regions_unexplored:cold_deciduous_forest | regions_unexplored:fen | regions_unexplored:flower_fields | regions_unexplored:frozen_pine_taiga | regions_unexplored:grassland | regions_unexplored:grassy_beach | regions_unexplored:hyacinth_deeps | regions_unexplored:icy_heights | regions_unexplored:maple_forest | regions_unexplored:marsh | regions_unexplored:muddy_river | regions_unexplored:orchard | regions_unexplored:redwoods | regions_unexplored:rocky_meadow | regions_unexplored:rocky_reef | regions_unexplored:spires
mss:tree_2,MoogsSoaringStructures-universal-1.21-2.2.0.jar,data/mss/worldgen/structure/tree_2.json,#mss:has_structure/overworld_biomes,surface/other,Overworld,surface_structures,"{""max_inclusive"":{""absolute"":100},""min_inclusive"":{""absolute"":35},""type"":""minecraft:uniform""}",none,mss:trees,40,40,,,False,biomesoplenty:is_savanna,biomesoplenty:is_savanna,biomesoplenty:auroral_garden | biomesoplenty:highland | biomesoplenty:hot_springs | biomesoplenty:ominous_woods | biomesoplenty:pumpkin_patch | biomesoplenty:snowblossom_grove | biomesoplenty:volcano | biomeswevegone:bayou | biomeswevegone:crag_gardens | biomeswevegone:ebony_woods | biomeswevegone:frosted_coniferous_forest | biomeswevegone:lush_stacks | biomeswevegone:maple_taiga | biomeswevegone:prairie | biomeswevegone:redwood_thicket | biomeswevegone:sakura_grove | biomeswevegone:shattered_glacier | biomeswevegone:skyris_vale | biomeswevegone:weeping_witch_forest | biomeswevegone:zelkova_forest | natures_spirit:alpine_clearings | natures_spirit:floral_ridges | natures_spirit:windswept_sugi_forest | regions_unexplored:ashen_woodland | regions_unexplored:cold_deciduous_forest | regions_unexplored:fen | regions_unexplored:flower_fields | regions_unexplored:frozen_pine_taiga | regions_unexplored:grassland | regions_unexplored:grassy_beach | regions_unexplored:hyacinth_deeps | regions_unexplored:icy_heights | regions_unexplored:maple_forest | regions_unexplored:marsh | regions_unexplored:muddy_river | regions_unexplored:orchard | regions_unexplored:redwoods | regions_unexplored:rocky_meadow | regions_unexplored:rocky_reef | regions_unexplored:spires
mss:tree_3,MoogsSoaringStructures-universal-1.21-2.2.0.jar,data/mss/worldgen/structure/tree_3.json,#mss:has_structure/overworld_biomes,surface/other,Overworld,surface_structures,"{""max_inclusive"":{""absolute"":100},""min_inclusive"":{""absolute"":35},""type"":""minecraft:uniform""}",none,mss:trees,40,40,,,False,biomesoplenty:is_savanna,biomesoplenty:is_savanna,biomesoplenty:auroral_garden | biomesoplenty:highland | biomesoplenty:hot_springs | biomesoplenty:ominous_woods | biomesoplenty:pumpkin_patch | biomesoplenty:snowblossom_grove | biomesoplenty:volcano | biomeswevegone:bayou | biomeswevegone:crag_gardens | biomeswevegone:ebony_woods | biomeswevegone:frosted_coniferous_forest | biomeswevegone:lush_stacks | biomeswevegone:maple_taiga | biomeswevegone:prairie | biomeswevegone:redwood_thicket | biomeswevegone:sakura_grove | biomeswevegone:shattered_glacier | biomeswevegone:skyris_vale | biomeswevegone:weeping_witch_forest | biomeswevegone:zelkova_forest | natures_spirit:alpine_clearings | natures_spirit:floral_ridges | natures_spirit:windswept_sugi_forest | regions_unexplored:ashen_woodland | regions_unexplored:cold_deciduous_forest | regions_unexplored:fen | regions_unexplored:flower_fields | regions_unexplored:frozen_pine_taiga | regions_unexplored:grassland | regions_unexplored:grassy_beach | regions_unexplored:hyacinth_deeps | regions_unexplored:icy_heights | regions_unexplored:maple_forest | regions_unexplored:marsh | regions_unexplored:muddy_river | regions_unexplored:orchard | regions_unexplored:redwoods | regions_unexplored:rocky_meadow | regions_unexplored:rocky_reef | regions_unexplored:spires
mss:tree_4,MoogsSoaringStructures-universal-1.21-2.2.0.jar,data/mss/worldgen/structure/tree_4.json,#mss:has_structure/overworld_biomes,surface/other,Overworld,surface_structures,"{""max_inclusive"":{""absolute"":100},""min_inclusive"":{""absolute"":35},""type"":""minecraft:uniform""}",none,mss:trees,40,40,,,False,biomesoplenty:is_savanna,biomesoplenty:is_savanna,biomesoplenty:auroral_garden | biomesoplenty:highland | biomesoplenty:hot_springs | biomesoplenty:ominous_woods | biomesoplenty:pumpkin_patch | biomesoplenty:snowblossom_grove | biomesoplenty:volcano | biomeswevegone:bayou | biomeswevegone:crag_gardens | biomeswevegone:ebony_woods | biomeswevegone:frosted_coniferous_forest | biomeswevegone:lush_stacks | biomeswevegone:maple_taiga | biomeswevegone:prairie | biomeswevegone:redwood_thicket | biomeswevegone:sakura_grove | biomeswevegone:shattered_glacier | biomeswevegone:skyris_vale | biomeswevegone:weeping_witch_forest | biomeswevegone:zelkova_forest | natures_spirit:alpine_clearings | natures_spirit:floral_ridges | natures_spirit:windswept_sugi_forest | regions_unexplored:ashen_woodland | regions_unexplored:cold_deciduous_forest | regions_unexplored:fen | regions_unexplored:flower_fields | regions_unexplored:frozen_pine_taiga | regions_unexplored:grassland | regions_unexplored:grassy_beach | regions_unexplored:hyacinth_deeps | regions_unexplored:icy_heights | regions_unexplored:maple_forest | regions_unexplored:marsh | regions_unexplored:muddy_river | regions_unexplored:orchard | regions_unexplored:redwoods | regions_unexplored:rocky_meadow | regions_unexplored:rocky_reef | regions_unexplored:spires
mss:tree_5,MoogsSoaringStructures-universal-1.21-2.2.0.jar,data/mss/worldgen/structure/tree_5.json,#mss:has_structure/overworld_biomes,surface/other,Overworld,surface_structures,"{""max_inclusive"":{""absolute"":100},""min_inclusive"":{""absolute"":35},""type"":""minecraft:uniform""}",none,mss:trees,40,40,,,False,biomesoplenty:is_savanna,biomesoplenty:is_savanna,biomesoplenty:auroral_garden | biomesoplenty:highland | biomesoplenty:hot_springs | biomesoplenty:ominous_woods | biomesoplenty:pumpkin_patch | biomesoplenty:snowblossom_grove | biomesoplenty:volcano | biomeswevegone:bayou | biomeswevegone:crag_gardens | biomeswevegone:ebony_woods | biomeswevegone:frosted_coniferous_forest | biomeswevegone:lush_stacks | biomeswevegone:maple_taiga | biomeswevegone:prairie | biomeswevegone:redwood_thicket | biomeswevegone:sakura_grove | biomeswevegone:shattered_glacier | biomeswevegone:skyris_vale | biomeswevegone:weeping_witch_forest | biomeswevegone:zelkova_forest | natures_spirit:alpine_clearings | natures_spirit:floral_ridges | natures_spirit:windswept_sugi_forest | regions_unexplored:ashen_woodland | regions_unexplored:cold_deciduous_forest | regions_unexplored:fen | regions_unexplored:flower_fields | regions_unexplored:frozen_pine_taiga | regions_unexplored:grassland | regions_unexplored:grassy_beach | regions_unexplored:hyacinth_deeps | regions_unexplored:icy_heights | regions_unexplored:maple_forest | regions_unexplored:marsh | regions_unexplored:muddy_river | regions_unexplored:orchard | regions_unexplored:redwoods | regions_unexplored:rocky_meadow | regions_unexplored:rocky_reef | regions_unexplored:spires
mss:tree_6,MoogsSoaringStructures-universal-1.21-2.2.0.jar,data/mss/worldgen/structure/tree_6.json,#mss:has_structure/overworld_biomes,surface/other,Overworld,surface_structures,"{""max_inclusive"":{""absolute"":100},""min_inclusive"":{""absolute"":35},""type"":""minecraft:uniform""}",none,mss:trees,40,40,,,False,biomesoplenty:is_savanna,biomesoplenty:is_savanna,biomesoplenty:auroral_garden | biomesoplenty:highland | biomesoplenty:hot_springs | biomesoplenty:ominous_woods | biomesoplenty:pumpkin_patch | biomesoplenty:snowblossom_grove | biomesoplenty:volcano | biomeswevegone:bayou | biomeswevegone:crag_gardens | biomeswevegone:ebony_woods | biomeswevegone:frosted_coniferous_forest | biomeswevegone:lush_stacks | biomeswevegone:maple_taiga | biomeswevegone:prairie | biomeswevegone:redwood_thicket | biomeswevegone:sakura_grove | biomeswevegone:shattered_glacier | biomeswevegone:skyris_vale | biomeswevegone:weeping_witch_forest | biomeswevegone:zelkova_forest | natures_spirit:alpine_clearings | natures_spirit:floral_ridges | natures_spirit:windswept_sugi_forest | regions_unexplored:ashen_woodland | regions_unexplored:cold_deciduous_forest | regions_unexplored:fen | regions_unexplored:flower_fields | regions_unexplored:frozen_pine_taiga | regions_unexplored:grassland | regions_unexplored:grassy_beach | regions_unexplored:hyacinth_deeps | regions_unexplored:icy_heights | regions_unexplored:maple_forest | regions_unexplored:marsh | regions_unexplored:muddy_river | regions_unexplored:orchard | regions_unexplored:redwoods | regions_unexplored:rocky_meadow | regions_unexplored:rocky_reef | regions_unexplored:spires
mss:tree_7,MoogsSoaringStructures-universal-1.21-2.2.0.jar,data/mss/worldgen/structure/tree_7.json,#mss:has_structure/overworld_biomes,surface/other,Overworld,surface_structures,"{""max_inclusive"":{""absolute"":100},""min_inclusive"":{""absolute"":35},""type"":""minecraft:uniform""}",none,mss:trees,40,40,,,False,biomesoplenty:is_savanna,biomesoplenty:is_savanna,biomesoplenty:auroral_garden | biomesoplenty:highland | biomesoplenty:hot_springs | biomesoplenty:ominous_woods | biomesoplenty:pumpkin_patch | biomesoplenty:snowblossom_grove | biomesoplenty:volcano | biomeswevegone:bayou | biomeswevegone:crag_gardens | biomeswevegone:ebony_woods | biomeswevegone:frosted_coniferous_forest | biomeswevegone:lush_stacks | biomeswevegone:maple_taiga | biomeswevegone:prairie | biomeswevegone:redwood_thicket | biomeswevegone:sakura_grove | biomeswevegone:shattered_glacier | biomeswevegone:skyris_vale | biomeswevegone:weeping_witch_forest | biomeswevegone:zelkova_forest | natures_spirit:alpine_clearings | natures_spirit:floral_ridges | natures_spirit:windswept_sugi_forest | regions_unexplored:ashen_woodland | regions_unexplored:cold_deciduous_forest | regions_unexplored:fen | regions_unexplored:flower_fields | regions_unexplored:frozen_pine_taiga | regions_unexplored:grassland | regions_unexplored:grassy_beach | regions_unexplored:hyacinth_deeps | regions_unexplored:icy_heights | regions_unexplored:maple_forest | regions_unexplored:marsh | regions_unexplored:muddy_river | regions_unexplored:orchard | regions_unexplored:redwoods | regions_unexplored:rocky_meadow | regions_unexplored:rocky_reef | regions_unexplored:spires
mss:tree_8,MoogsSoaringStructures-universal-1.21-2.2.0.jar,data/mss/worldgen/structure/tree_8.json,#mss:has_structure/overworld_biomes,surface/other,Overworld,surface_structures,"{""max_inclusive"":{""absolute"":100},""min_inclusive"":{""absolute"":35},""type"":""minecraft:uniform""}",none,mss:trees,40,40,,,False,biomesoplenty:is_savanna,biomesoplenty:is_savanna,biomesoplenty:auroral_garden | biomesoplenty:highland | biomesoplenty:hot_springs | biomesoplenty:ominous_woods | biomesoplenty:pumpkin_patch | biomesoplenty:snowblossom_grove | biomesoplenty:volcano | biomeswevegone:bayou | biomeswevegone:crag_gardens | biomeswevegone:ebony_woods | biomeswevegone:frosted_coniferous_forest | biomeswevegone:lush_stacks | biomeswevegone:maple_taiga | biomeswevegone:prairie | biomeswevegone:redwood_thicket | biomeswevegone:sakura_grove | biomeswevegone:shattered_glacier | biomeswevegone:skyris_vale | biomeswevegone:weeping_witch_forest | biomeswevegone:zelkova_forest | natures_spirit:alpine_clearings | natures_spirit:floral_ridges | natures_spirit:windswept_sugi_forest | regions_unexplored:ashen_woodland | regions_unexplored:cold_deciduous_forest | regions_unexplored:fen | regions_unexplored:flower_fields | regions_unexplored:frozen_pine_taiga | regions_unexplored:grassland | regions_unexplored:grassy_beach | regions_unexplored:hyacinth_deeps | regions_unexplored:icy_heights | regions_unexplored:maple_forest | regions_unexplored:marsh | regions_unexplored:muddy_river | regions_unexplored:orchard | regions_unexplored:redwoods | regions_unexplored:rocky_meadow | regions_unexplored:rocky_reef | regions_unexplored:spires
mss:volcano,MoogsSoaringStructures-universal-1.21-2.2.0.jar,data/mss/worldgen/structure/volcano.json,#mss:has_structure/overworld_biomes,surface/other,Overworld,surface_structures,"{""max_inclusive"":{""absolute"":150},""min_inclusive"":{""absolute"":45},""type"":""minecraft:uniform""}",none,mss:volcano,40,40,,,False,biomesoplenty:is_savanna,biomesoplenty:is_savanna,biomesoplenty:auroral_garden | biomesoplenty:highland | biomesoplenty:hot_springs | biomesoplenty:ominous_woods | biomesoplenty:pumpkin_patch | biomesoplenty:snowblossom_grove | biomesoplenty:volcano | biomeswevegone:bayou | biomeswevegone:crag_gardens | biomeswevegone:ebony_woods | biomeswevegone:frosted_coniferous_forest | biomeswevegone:lush_stacks | biomeswevegone:maple_taiga | biomeswevegone:prairie | biomeswevegone:redwood_thicket | biomeswevegone:sakura_grove | biomeswevegone:shattered_glacier | biomeswevegone:skyris_vale | biomeswevegone:weeping_witch_forest | biomeswevegone:zelkova_forest | natures_spirit:alpine_clearings | natures_spirit:floral_ridges | natures_spirit:windswept_sugi_forest | regions_unexplored:ashen_woodland | regions_unexplored:cold_deciduous_forest | regions_unexplored:fen | regions_unexplored:flower_fields | regions_unexplored:frozen_pine_taiga | regions_unexplored:grassland | regions_unexplored:grassy_beach | regions_unexplored:hyacinth_deeps | regions_unexplored:icy_heights | regions_unexplored:maple_forest | regions_unexplored:marsh | regions_unexplored:muddy_river | regions_unexplored:orchard | regions_unexplored:redwoods | regions_unexplored:rocky_meadow | regions_unexplored:rocky_reef | regions_unexplored:spires
mss:white_house,MoogsSoaringStructures-universal-1.21-2.2.0.jar,data/mss/worldgen/structure/white_house.json,#mss:has_structure/overworld_biomes,surface/other,Overworld,surface_structures,"{""max_inclusive"":{""absolute"":200},""min_inclusive"":{""absolute"":100},""type"":""minecraft:uniform""}",none,mss:white_house,40,40,,,False,biomesoplenty:is_savanna,biomesoplenty:is_savanna,biomesoplenty:auroral_garden | biomesoplenty:highland | biomesoplenty:hot_springs | biomesoplenty:ominous_woods | biomesoplenty:pumpkin_patch | biomesoplenty:snowblossom_grove | biomesoplenty:volcano | biomeswevegone:bayou | biomeswevegone:crag_gardens | biomeswevegone:ebony_woods | biomeswevegone:frosted_coniferous_forest | biomeswevegone:lush_stacks | biomeswevegone:maple_taiga | biomeswevegone:prairie | biomeswevegone:redwood_thicket | biomeswevegone:sakura_grove | biomeswevegone:shattered_glacier | biomeswevegone:skyris_vale | biomeswevegone:weeping_witch_forest | biomeswevegone:zelkova_forest | natures_spirit:alpine_clearings | natures_spirit:floral_ridges | natures_spirit:windswept_sugi_forest | regions_unexplored:ashen_woodland | regions_unexplored:cold_deciduous_forest | regions_unexplored:fen | regions_unexplored:flower_fields | regions_unexplored:frozen_pine_taiga | regions_unexplored:grassland | regions_unexplored:grassy_beach | regions_unexplored:hyacinth_deeps | regions_unexplored:icy_heights | regions_unexplored:maple_forest | regions_unexplored:marsh | regions_unexplored:muddy_river | regions_unexplored:orchard | regions_unexplored:redwoods | regions_unexplored:rocky_meadow | regions_unexplored:rocky_reef | regions_unexplored:spires
mtr:badlands_temple,MoogsTemplesReimagined-universal-1.21-2.0.4.jar,data/mtr/worldgen/structure/badlands_temple.json,#mtr:has_structure/badlands_biomes,surface/other,Other/undetermined,surface_structures,"{""absolute"":0}",beard_thin,mtr:badlands_temple,0,0,,,False,c:is_badlands,c:is_badlands,
mtr:desert_temple,MoogsTemplesReimagined-universal-1.21-2.0.4.jar,data/mtr/worldgen/structure/desert_temple.json,#mtr:has_structure/desert_biomes,surface/other,Other/undetermined,surface_structures,"{""absolute"":0}",none,mtr:desert_temple,0,0,,,False,,,
mtr:jungle_temple,MoogsTemplesReimagined-universal-1.21-2.0.4.jar,data/mtr/worldgen/structure/jungle_temple.json,#mtr:has_structure/jungle_biomes,surface/other,Overworld,surface_structures,"{""absolute"":0}",none,mtr:jungle_temple,3,3,,,False,,,biomeswevegone:bayou | biomeswevegone:crag_gardens | biomeswevegone:ebony_woods
mtr:nether_temple,MoogsTemplesReimagined-universal-1.21-2.0.4.jar,data/mtr/worldgen/structure/nether_temple.json,#mtr:has_structure/nether_biomes,surface/other,Nether,surface_structures,"{""absolute"":36}",none,mtr:nether_temple,0,0,,,False,c:is_nether,c:is_nether,
mtr:ocean_temple,MoogsTemplesReimagined-universal-1.21-2.0.4.jar,data/mtr/worldgen/structure/ocean_temple.json,#mtr:has_structure/ocean_biomes,ocean/river,Overworld,surface_structures,"{""absolute"":0}",none,mtr:ocean_temple,3,3,,,False,,,biomeswevegone:lush_stacks | regions_unexplored:hyacinth_deeps | regions_unexplored:rocky_reef
mtr:stronghold,MoogsTemplesReimagined-universal-1.21-2.0.4.jar,data/mtr/worldgen/structure/stronghold.json,#mtr:has_structure/overworld_biomes,surface/other,Overworld,strongholds,"{""max_inclusive"":{""absolute"":-15},""min_inclusive"":{""absolute"":-40},""type"":""minecraft:uniform""}",encapsulate,mtr:stronghold,29,29,,,False,biomesoplenty:is_savanna,biomesoplenty:is_savanna,biomesoplenty:auroral_garden | biomesoplenty:highland | biomesoplenty:hot_springs | biomesoplenty:ominous_woods | biomesoplenty:pumpkin_patch | biomesoplenty:snowblossom_grove | biomeswevegone:bayou | biomeswevegone:crag_gardens | biomeswevegone:ebony_woods | biomeswevegone:frosted_coniferous_forest | biomeswevegone:maple_taiga | biomeswevegone:prairie | biomeswevegone:redwood_thicket | biomeswevegone:sakura_grove | biomeswevegone:skyris_vale | biomeswevegone:weeping_witch_forest | biomeswevegone:zelkova_forest | natures_spirit:alpine_clearings | natures_spirit:floral_ridges | natures_spirit:windswept_sugi_forest | regions_unexplored:ashen_woodland | regions_unexplored:cold_deciduous_forest | regions_unexplored:flower_fields | regions_unexplored:frozen_pine_taiga | regions_unexplored:grassland | regions_unexplored:maple_forest | regions_unexplored:orchard | regions_unexplored:redwoods | regions_unexplored:rocky_meadow
mvs:acacia_log_pile,MoogsVoyagerStructures-universal-1.21-5.1.3.jar,data/mvs/worldgen/structure/acacia_log_pile.json,#c:is_savanna,surface/other,Other/undetermined,surface_structures,"{""absolute"":0}",beard_thin,mvs:acacia_log_pile,0,0,,,False,,,
mvs:acacia_tree,MoogsVoyagerStructures-universal-1.21-5.1.3.jar,data/mvs/worldgen/structure/acacia_tree.json,#c:is_savanna,surface/other,Other/undetermined,surface_structures,"{""absolute"":0}",beard_thin,mvs:acacia_tree,0,0,,,False,,,
mvs:acacia_well,MoogsVoyagerStructures-universal-1.21-5.1.3.jar,data/mvs/worldgen/structure/acacia_well.json,#c:is_savanna,surface/other,Other/undetermined,surface_structures,"{""absolute"":0}",beard_thin,mvs:other_wells,0,0,,,False,,,
mvs:azelea_house,MoogsVoyagerStructures-universal-1.21-5.1.3.jar,data/mvs/worldgen/structure/azelea_house.json,#c:is_overworld,surface/other,Overworld,surface_structures,"{""absolute"":0}",beard_thin,mvs:azelea_house,40,40,,,False,,,biomesoplenty:auroral_garden | biomesoplenty:highland | biomesoplenty:hot_springs | biomesoplenty:ominous_woods | biomesoplenty:pumpkin_patch | biomesoplenty:snowblossom_grove | biomesoplenty:volcano | biomeswevegone:bayou | biomeswevegone:crag_gardens | biomeswevegone:ebony_woods | biomeswevegone:frosted_coniferous_forest | biomeswevegone:lush_stacks | biomeswevegone:maple_taiga | biomeswevegone:prairie | biomeswevegone:redwood_thicket | biomeswevegone:sakura_grove | biomeswevegone:shattered_glacier | biomeswevegone:skyris_vale | biomeswevegone:weeping_witch_forest | biomeswevegone:zelkova_forest | natures_spirit:alpine_clearings | natures_spirit:floral_ridges | natures_spirit:windswept_sugi_forest | regions_unexplored:ashen_woodland | regions_unexplored:cold_deciduous_forest | regions_unexplored:fen | regions_unexplored:flower_fields | regions_unexplored:frozen_pine_taiga | regions_unexplored:grassland | regions_unexplored:grassy_beach | regions_unexplored:hyacinth_deeps | regions_unexplored:icy_heights | regions_unexplored:maple_forest | regions_unexplored:marsh | regions_unexplored:muddy_river | regions_unexplored:orchard | regions_unexplored:redwoods | regions_unexplored:rocky_meadow | regions_unexplored:rocky_reef | regions_unexplored:spires
mvs:barn,MoogsVoyagerStructures-universal-1.21-5.1.3.jar,data/mvs/worldgen/structure/barn.json,#c:is_overworld,surface/other,Overworld,surface_structures,"{""absolute"":0}",beard_thin,mvs:barn,40,40,,,False,,,biomesoplenty:auroral_garden | biomesoplenty:highland | biomesoplenty:hot_springs | biomesoplenty:ominous_woods | biomesoplenty:pumpkin_patch | biomesoplenty:snowblossom_grove | biomesoplenty:volcano | biomeswevegone:bayou | biomeswevegone:crag_gardens | biomeswevegone:ebony_woods | biomeswevegone:frosted_coniferous_forest | biomeswevegone:lush_stacks | biomeswevegone:maple_taiga | biomeswevegone:prairie | biomeswevegone:redwood_thicket | biomeswevegone:sakura_grove | biomeswevegone:shattered_glacier | biomeswevegone:skyris_vale | biomeswevegone:weeping_witch_forest | biomeswevegone:zelkova_forest | natures_spirit:alpine_clearings | natures_spirit:floral_ridges | natures_spirit:windswept_sugi_forest | regions_unexplored:ashen_woodland | regions_unexplored:cold_deciduous_forest | regions_unexplored:fen | regions_unexplored:flower_fields | regions_unexplored:frozen_pine_taiga | regions_unexplored:grassland | regions_unexplored:grassy_beach | regions_unexplored:hyacinth_deeps | regions_unexplored:icy_heights | regions_unexplored:maple_forest | regions_unexplored:marsh | regions_unexplored:muddy_river | regions_unexplored:orchard | regions_unexplored:redwoods | regions_unexplored:rocky_meadow | regions_unexplored:rocky_reef | regions_unexplored:spires
mvs:beach_bar,MoogsVoyagerStructures-universal-1.21-5.1.3.jar,data/mvs/worldgen/structure/beach_bar.json,#c:is_beach,surface/other,Overworld,surface_structures,"{""absolute"":0}",beard_thin,mvs:beach_bar,1,1,,,False,,,regions_unexplored:grassy_beach
mvs:bee_dome,MoogsVoyagerStructures-universal-1.21-5.1.3.jar,data/mvs/worldgen/structure/bee_dome.json,#c:is_birch_forest,surface/other,Overworld,surface_structures,"{""absolute"":0}",beard_thin,mvs:bee_dome,4,4,,,False,,,biomesoplenty:snowblossom_grove | biomeswevegone:sakura_grove | biomeswevegone:zelkova_forest | regions_unexplored:maple_forest
mvs:bench,MoogsVoyagerStructures-universal-1.21-5.1.3.jar,data/mvs/worldgen/structure/bench.json,#c:is_overworld,surface/other,Overworld,surface_structures,"{""absolute"":0}",beard_thin,mvs:bench,40,40,,,False,,,biomesoplenty:auroral_garden | biomesoplenty:highland | biomesoplenty:hot_springs | biomesoplenty:ominous_woods | biomesoplenty:pumpkin_patch | biomesoplenty:snowblossom_grove | biomesoplenty:volcano | biomeswevegone:bayou | biomeswevegone:crag_gardens | biomeswevegone:ebony_woods | biomeswevegone:frosted_coniferous_forest | biomeswevegone:lush_stacks | biomeswevegone:maple_taiga | biomeswevegone:prairie | biomeswevegone:redwood_thicket | biomeswevegone:sakura_grove | biomeswevegone:shattered_glacier | biomeswevegone:skyris_vale | biomeswevegone:weeping_witch_forest | biomeswevegone:zelkova_forest | natures_spirit:alpine_clearings | natures_spirit:floral_ridges | natures_spirit:windswept_sugi_forest | regions_unexplored:ashen_woodland | regions_unexplored:cold_deciduous_forest | regions_unexplored:fen | regions_unexplored:flower_fields | regions_unexplored:frozen_pine_taiga | regions_unexplored:grassland | regions_unexplored:grassy_beach | regions_unexplored:hyacinth_deeps | regions_unexplored:icy_heights | regions_unexplored:maple_forest | regions_unexplored:marsh | regions_unexplored:muddy_river | regions_unexplored:orchard | regions_unexplored:redwoods | regions_unexplored:rocky_meadow | regions_unexplored:rocky_reef | regions_unexplored:spires
mvs:big_oak_tree,MoogsVoyagerStructures-universal-1.21-5.1.3.jar,data/mvs/worldgen/structure/big_oak_tree.json,#c:is_plains,surface/other,Overworld,surface_structures,"{""absolute"":0}",beard_thin,mvs:big_oak_tree,10,10,,,False,,,biomesoplenty:highland | biomesoplenty:pumpkin_patch | biomeswevegone:prairie | biomeswevegone:sakura_grove | natures_spirit:alpine_clearings | natures_spirit:floral_ridges | regions_unexplored:flower_fields | regions_unexplored:grassland | regions_unexplored:orchard | regions_unexplored:rocky_meadow
mvs:birch_log_pile,MoogsVoyagerStructures-universal-1.21-5.1.3.jar,data/mvs/worldgen/structure/birch_log_pile.json,#c:is_birch_forest,surface/other,Overworld,surface_structures,"{""absolute"":0}",beard_thin,mvs:birch_log_pile,4,4,,,False,,,biomesoplenty:snowblossom_grove | biomeswevegone:sakura_grove | biomeswevegone:zelkova_forest | regions_unexplored:maple_forest
mvs:birch_tree,MoogsVoyagerStructures-universal-1.21-5.1.3.jar,data/mvs/worldgen/structure/birch_tree.json,#c:is_birch_forest,surface/other,Overworld,surface_structures,"{""absolute"":0}",beard_thin,mvs:birch_tree,4,4,,,False,,,biomesoplenty:snowblossom_grove | biomeswevegone:sakura_grove | biomeswevegone:zelkova_forest | regions_unexplored:maple_forest
mvs:birch_well,MoogsVoyagerStructures-universal-1.21-5.1.3.jar,data/mvs/worldgen/structure/birch_well.json,#c:is_birch_forest,surface/other,Overworld,surface_structures,"{""absolute"":0}",beard_thin,mvs:other_wells,4,4,,,False,,,biomesoplenty:snowblossom_grove | biomeswevegone:sakura_grove | biomeswevegone:zelkova_forest | regions_unexplored:maple_forest
mvs:blue_stall,MoogsVoyagerStructures-universal-1.21-5.1.3.jar,data/mvs/worldgen/structure/blue_stall.json,#c:is_overworld,surface/other,Overworld,surface_structures,"{""absolute"":0}",beard_thin,mvs:stalls,40,40,,,False,,,biomesoplenty:auroral_garden | biomesoplenty:highland | biomesoplenty:hot_springs | biomesoplenty:ominous_woods | biomesoplenty:pumpkin_patch | biomesoplenty:snowblossom_grove | biomesoplenty:volcano | biomeswevegone:bayou | biomeswevegone:crag_gardens | biomeswevegone:ebony_woods | biomeswevegone:frosted_coniferous_forest | biomeswevegone:lush_stacks | biomeswevegone:maple_taiga | biomeswevegone:prairie | biomeswevegone:redwood_thicket | biomeswevegone:sakura_grove | biomeswevegone:shattered_glacier | biomeswevegone:skyris_vale | biomeswevegone:weeping_witch_forest | biomeswevegone:zelkova_forest | natures_spirit:alpine_clearings | natures_spirit:floral_ridges | natures_spirit:windswept_sugi_forest | regions_unexplored:ashen_woodland | regions_unexplored:cold_deciduous_forest | regions_unexplored:fen | regions_unexplored:flower_fields | regions_unexplored:frozen_pine_taiga | regions_unexplored:grassland | regions_unexplored:grassy_beach | regions_unexplored:hyacinth_deeps | regions_unexplored:icy_heights | regions_unexplored:maple_forest | regions_unexplored:marsh | regions_unexplored:muddy_river | regions_unexplored:orchard | regions_unexplored:redwoods | regions_unexplored:rocky_meadow | regions_unexplored:rocky_reef | regions_unexplored:spires
mvs:boulder,MoogsVoyagerStructures-universal-1.21-5.1.3.jar,data/mvs/worldgen/structure/boulder.json,#c:is_taiga,surface/other,Overworld,surface_structures,"{""absolute"":0}",beard_thin,mvs:boulder,10,10,,,False,,,biomesoplenty:auroral_garden | biomesoplenty:ominous_woods | biomeswevegone:frosted_coniferous_forest | biomeswevegone:maple_taiga | biomeswevegone:redwood_thicket | natures_spirit:windswept_sugi_forest | regions_unexplored:ashen_woodland | regions_unexplored:cold_deciduous_forest | regions_unexplored:frozen_pine_taiga | regions_unexplored:redwoods
mvs:campsite,MoogsVoyagerStructures-universal-1.21-5.1.3.jar,data/mvs/worldgen/structure/campsite.json,#c:is_overworld,surface/other,Overworld,surface_structures,"{""absolute"":0}",beard_thin,mvs:campsite,40,40,,,False,,,biomesoplenty:auroral_garden | biomesoplenty:highland | biomesoplenty:hot_springs | biomesoplenty:ominous_woods | biomesoplenty:pumpkin_patch | biomesoplenty:snowblossom_grove | biomesoplenty:volcano | biomeswevegone:bayou | biomeswevegone:crag_gardens | biomeswevegone:ebony_woods | biomeswevegone:frosted_coniferous_forest | biomeswevegone:lush_stacks | biomeswevegone:maple_taiga | biomeswevegone:prairie | biomeswevegone:redwood_thicket | biomeswevegone:sakura_grove | biomeswevegone:shattered_glacier | biomeswevegone:skyris_vale | biomeswevegone:weeping_witch_forest | biomeswevegone:zelkova_forest | natures_spirit:alpine_clearings | natures_spirit:floral_ridges | natures_spirit:windswept_sugi_forest | regions_unexplored:ashen_woodland | regions_unexplored:cold_deciduous_forest | regions_unexplored:fen | regions_unexplored:flower_fields | regions_unexplored:frozen_pine_taiga | regions_unexplored:grassland | regions_unexplored:grassy_beach | regions_unexplored:hyacinth_deeps | regions_unexplored:icy_heights | regions_unexplored:maple_forest | regions_unexplored:marsh | regions_unexplored:muddy_river | regions_unexplored:orchard | regions_unexplored:redwoods | regions_unexplored:rocky_meadow | regions_unexplored:rocky_reef | regions_unexplored:spires
mvs:cart,MoogsVoyagerStructures-universal-1.21-5.1.3.jar,data/mvs/worldgen/structure/cart.json,#c:is_overworld,surface/other,Overworld,surface_structures,"{""absolute"":0}",beard_thin,mvs:cart,40,40,,,False,,,biomesoplenty:auroral_garden | biomesoplenty:highland | biomesoplenty:hot_springs | biomesoplenty:ominous_woods | biomesoplenty:pumpkin_patch | biomesoplenty:snowblossom_grove | biomesoplenty:volcano | biomeswevegone:bayou | biomeswevegone:crag_gardens | biomeswevegone:ebony_woods | biomeswevegone:frosted_coniferous_forest | biomeswevegone:lush_stacks | biomeswevegone:maple_taiga | biomeswevegone:prairie | biomeswevegone:redwood_thicket | biomeswevegone:sakura_grove | biomeswevegone:shattered_glacier | biomeswevegone:skyris_vale | biomeswevegone:weeping_witch_forest | biomeswevegone:zelkova_forest | natures_spirit:alpine_clearings | natures_spirit:floral_ridges | natures_spirit:windswept_sugi_forest | regions_unexplored:ashen_woodland | regions_unexplored:cold_deciduous_forest | regions_unexplored:fen | regions_unexplored:flower_fields | regions_unexplored:frozen_pine_taiga | regions_unexplored:grassland | regions_unexplored:grassy_beach | regions_unexplored:hyacinth_deeps | regions_unexplored:icy_heights | regions_unexplored:maple_forest | regions_unexplored:marsh | regions_unexplored:muddy_river | regions_unexplored:orchard | regions_unexplored:redwoods | regions_unexplored:rocky_meadow | regions_unexplored:rocky_reef | regions_unexplored:spires
mvs:cartographer_tower,MoogsVoyagerStructures-universal-1.21-5.1.3.jar,data/mvs/worldgen/structure/cartographer_tower.json,#c:is_overworld,surface/other,Overworld,surface_structures,"{""absolute"":0}",beard_thin,mvs:cartographer_tower,40,40,,,False,,,biomesoplenty:auroral_garden | biomesoplenty:highland | biomesoplenty:hot_springs | biomesoplenty:ominous_woods | biomesoplenty:pumpkin_patch | biomesoplenty:snowblossom_grove | biomesoplenty:volcano | biomeswevegone:bayou | biomeswevegone:crag_gardens | biomeswevegone:ebony_woods | biomeswevegone:frosted_coniferous_forest | biomeswevegone:lush_stacks | biomeswevegone:maple_taiga | biomeswevegone:prairie | biomeswevegone:redwood_thicket | biomeswevegone:sakura_grove | biomeswevegone:shattered_glacier | biomeswevegone:skyris_vale | biomeswevegone:weeping_witch_forest | biomeswevegone:zelkova_forest | natures_spirit:alpine_clearings | natures_spirit:floral_ridges | natures_spirit:windswept_sugi_forest | regions_unexplored:ashen_woodland | regions_unexplored:cold_deciduous_forest | regions_unexplored:fen | regions_unexplored:flower_fields | regions_unexplored:frozen_pine_taiga | regions_unexplored:grassland | regions_unexplored:grassy_beach | regions_unexplored:hyacinth_deeps | regions_unexplored:icy_heights | regions_unexplored:maple_forest | regions_unexplored:marsh | regions_unexplored:muddy_river | regions_unexplored:orchard | regions_unexplored:redwoods | regions_unexplored:rocky_meadow | regions_unexplored:rocky_reef | regions_unexplored:spires
mvs:castle_ruins,MoogsVoyagerStructures-universal-1.21-5.1.3.jar,data/mvs/worldgen/structure/castle_ruins.json,#c:is_overworld,surface/other,Overworld,surface_structures,"{""absolute"":0}",beard_thin,mvs:castle_ruins,40,40,,,False,,,biomesoplenty:auroral_garden | biomesoplenty:highland | biomesoplenty:hot_springs | biomesoplenty:ominous_woods | biomesoplenty:pumpkin_patch | biomesoplenty:snowblossom_grove | biomesoplenty:volcano | biomeswevegone:bayou | biomeswevegone:crag_gardens | biomeswevegone:ebony_woods | biomeswevegone:frosted_coniferous_forest | biomeswevegone:lush_stacks | biomeswevegone:maple_taiga | biomeswevegone:prairie | biomeswevegone:redwood_thicket | biomeswevegone:sakura_grove | biomeswevegone:shattered_glacier | biomeswevegone:skyris_vale | biomeswevegone:weeping_witch_forest | biomeswevegone:zelkova_forest | natures_spirit:alpine_clearings | natures_spirit:floral_ridges | natures_spirit:windswept_sugi_forest | regions_unexplored:ashen_woodland | regions_unexplored:cold_deciduous_forest | regions_unexplored:fen | regions_unexplored:flower_fields | regions_unexplored:frozen_pine_taiga | regions_unexplored:grassland | regions_unexplored:grassy_beach | regions_unexplored:hyacinth_deeps | regions_unexplored:icy_heights | regions_unexplored:maple_forest | regions_unexplored:marsh | regions_unexplored:muddy_river | regions_unexplored:orchard | regions_unexplored:redwoods | regions_unexplored:rocky_meadow | regions_unexplored:rocky_reef | regions_unexplored:spires
mvs:cathedral,MoogsVoyagerStructures-universal-1.21-5.1.3.jar,data/mvs/worldgen/structure/cathedral.json,#c:is_overworld,surface/other,Overworld,surface_structures,"{""absolute"":0}",beard_thin,mvs:cathedral,40,40,,,False,,,biomesoplenty:auroral_garden | biomesoplenty:highland | biomesoplenty:hot_springs | biomesoplenty:ominous_woods | biomesoplenty:pumpkin_patch | biomesoplenty:snowblossom_grove | biomesoplenty:volcano | biomeswevegone:bayou | biomeswevegone:crag_gardens | biomeswevegone:ebony_woods | biomeswevegone:frosted_coniferous_forest | biomeswevegone:lush_stacks | biomeswevegone:maple_taiga | biomeswevegone:prairie | biomeswevegone:redwood_thicket | biomeswevegone:sakura_grove | biomeswevegone:shattered_glacier | biomeswevegone:skyris_vale | biomeswevegone:weeping_witch_forest | biomeswevegone:zelkova_forest | natures_spirit:alpine_clearings | natures_spirit:floral_ridges | natures_spirit:windswept_sugi_forest | regions_unexplored:ashen_woodland | regions_unexplored:cold_deciduous_forest | regions_unexplored:fen | regions_unexplored:flower_fields | regions_unexplored:frozen_pine_taiga | regions_unexplored:grassland | regions_unexplored:grassy_beach | regions_unexplored:hyacinth_deeps | regions_unexplored:icy_heights | regions_unexplored:maple_forest | regions_unexplored:marsh | regions_unexplored:muddy_river | regions_unexplored:orchard | regions_unexplored:redwoods | regions_unexplored:rocky_meadow | regions_unexplored:rocky_reef | regions_unexplored:spires
mvs:cherry_tree,MoogsVoyagerStructures-universal-1.21-5.1.3.jar,data/mvs/worldgen/structure/cherry_tree.json,#mvs:primary_wood_type/cherry,surface/other,Overworld,surface_structures,"{""absolute"":0}",beard_thin,mvs:cherry_tree,0,2,biomesoplenty:snowblossom_grove | biomeswevegone:sakura_grove,,True,,,biomesoplenty:snowblossom_grove | biomeswevegone:sakura_grove
mvs:crimson_enchanting_table,MoogsVoyagerStructures-universal-1.21-5.1.3.jar,data/mvs/worldgen/structure/crimson_enchanting_table.json,#mvs:primary_wood_type/crimson,surface/other,Nether,surface_structures,"{""absolute"":0}",beard_thin,mvs:crimson_enchanting_table,0,0,,,True,,,
mvs:crystal,MoogsVoyagerStructures-universal-1.21-5.1.3.jar,data/mvs/worldgen/structure/crystal.json,#c:is_overworld,surface/other,Overworld,surface_structures,"{""absolute"":0}",beard_thin,mvs:crystal,40,40,,,False,,,biomesoplenty:auroral_garden | biomesoplenty:highland | biomesoplenty:hot_springs | biomesoplenty:ominous_woods | biomesoplenty:pumpkin_patch | biomesoplenty:snowblossom_grove | biomesoplenty:volcano | biomeswevegone:bayou | biomeswevegone:crag_gardens | biomeswevegone:ebony_woods | biomeswevegone:frosted_coniferous_forest | biomeswevegone:lush_stacks | biomeswevegone:maple_taiga | biomeswevegone:prairie | biomeswevegone:redwood_thicket | biomeswevegone:sakura_grove | biomeswevegone:shattered_glacier | biomeswevegone:skyris_vale | biomeswevegone:weeping_witch_forest | biomeswevegone:zelkova_forest | natures_spirit:alpine_clearings | natures_spirit:floral_ridges | natures_spirit:windswept_sugi_forest | regions_unexplored:ashen_woodland | regions_unexplored:cold_deciduous_forest | regions_unexplored:fen | regions_unexplored:flower_fields | regions_unexplored:frozen_pine_taiga | regions_unexplored:grassland | regions_unexplored:grassy_beach | regions_unexplored:hyacinth_deeps | regions_unexplored:icy_heights | regions_unexplored:maple_forest | regions_unexplored:marsh | regions_unexplored:muddy_river | regions_unexplored:orchard | regions_unexplored:redwoods | regions_unexplored:rocky_meadow | regions_unexplored:rocky_reef | regions_unexplored:spires
mvs:dark_oak_log_pile,MoogsVoyagerStructures-universal-1.21-5.1.3.jar,data/mvs/worldgen/structure/dark_oak_log_pile.json,#mvs:is_dark_forest,surface/other,Overworld,surface_structures,"{""absolute"":0}",beard_thin,mvs:dark_oak_log_pile,0,3,biomesoplenty:ominous_woods | biomeswevegone:ebony_woods | biomeswevegone:weeping_witch_forest,,True,,,biomesoplenty:ominous_woods | biomeswevegone:ebony_woods | biomeswevegone:weeping_witch_forest
mvs:dark_oak_tree,MoogsVoyagerStructures-universal-1.21-5.1.3.jar,data/mvs/worldgen/structure/dark_oak_tree.json,#mvs:is_dark_forest,surface/other,Overworld,surface_structures,"{""absolute"":0}",beard_thin,mvs:dark_oak_tree,0,3,biomesoplenty:ominous_woods | biomeswevegone:ebony_woods | biomeswevegone:weeping_witch_forest,,True,,,biomesoplenty:ominous_woods | biomeswevegone:ebony_woods | biomeswevegone:weeping_witch_forest
mvs:dark_oak_well,MoogsVoyagerStructures-universal-1.21-5.1.3.jar,data/mvs/worldgen/structure/dark_oak_well.json,#mvs:is_dark_forest,surface/other,Overworld,surface_structures,"{""absolute"":0}",beard_thin,mvs:other_wells,0,3,biomesoplenty:ominous_woods | biomeswevegone:ebony_woods | biomeswevegone:weeping_witch_forest,,True,,,biomesoplenty:ominous_woods | biomeswevegone:ebony_woods | biomeswevegone:weeping_witch_forest
mvs:dead_tree_acacia,MoogsVoyagerStructures-universal-1.21-5.1.3.jar,data/mvs/worldgen/structure/dead_tree_acacia.json,#c:is_savanna,surface/other,Other/undetermined,surface_structures,"{""absolute"":0}",beard_thin,mvs:dead_tree_acacia,0,0,,,False,,,
mvs:dead_tree_birch,MoogsVoyagerStructures-universal-1.21-5.1.3.jar,data/mvs/worldgen/structure/dead_tree_birch.json,#c:is_birch_forest,surface/other,Overworld,surface_structures,"{""absolute"":0}",beard_thin,mvs:dead_tree_birch,4,4,,,False,,,biomesoplenty:snowblossom_grove | biomeswevegone:sakura_grove | biomeswevegone:zelkova_forest | regions_unexplored:maple_forest
mvs:dead_tree_cherry,MoogsVoyagerStructures-universal-1.21-5.1.3.jar,data/mvs/worldgen/structure/dead_tree_cherry.json,#mvs:primary_wood_type/cherry,surface/other,Overworld,surface_structures,"{""absolute"":0}",beard_thin,mvs:dead_tree_cherry,0,2,biomesoplenty:snowblossom_grove | biomeswevegone:sakura_grove,,True,,,biomesoplenty:snowblossom_grove | biomeswevegone:sakura_grove
mvs:dead_tree_dark_oak,MoogsVoyagerStructures-universal-1.21-5.1.3.jar,data/mvs/worldgen/structure/dead_tree_dark_oak.json,#mvs:is_dark_forest,surface/other,Overworld,surface_structures,"{""absolute"":0}",beard_thin,mvs:dead_tree_dark_oak,0,3,biomesoplenty:ominous_woods | biomeswevegone:ebony_woods | biomeswevegone:weeping_witch_forest,,True,,,biomesoplenty:ominous_woods | biomeswevegone:ebony_woods | biomeswevegone:weeping_witch_forest
mvs:dead_tree_jungle,MoogsVoyagerStructures-universal-1.21-5.1.3.jar,data/mvs/worldgen/structure/dead_tree_jungle.json,#c:is_jungle,surface/other,Overworld,surface_structures,"{""absolute"":0}",beard_thin,mvs:dead_tree_jungle,3,3,,,False,,,biomeswevegone:bayou | biomeswevegone:crag_gardens | biomeswevegone:ebony_woods
mvs:dead_tree_mangrove,MoogsVoyagerStructures-universal-1.21-5.1.3.jar,data/mvs/worldgen/structure/dead_tree_mangrove.json,#mvs:primary_wood_type/mangrove,surface/other,Overworld,surface_structures,"{""absolute"":0}",beard_thin,mvs:dead_tree_mangrove,0,2,biomeswevegone:bayou | regions_unexplored:marsh,,True,,,biomeswevegone:bayou | regions_unexplored:marsh
mvs:dead_tree_oak,MoogsVoyagerStructures-universal-1.21-5.1.3.jar,data/mvs/worldgen/structure/dead_tree_oak.json,#c:is_overworld,surface/other,Overworld,surface_structures,"{""absolute"":0}",beard_thin,mvs:dead_tree_oak,40,40,,,False,,,biomesoplenty:auroral_garden | biomesoplenty:highland | biomesoplenty:hot_springs | biomesoplenty:ominous_woods | biomesoplenty:pumpkin_patch | biomesoplenty:snowblossom_grove | biomesoplenty:volcano | biomeswevegone:bayou | biomeswevegone:crag_gardens | biomeswevegone:ebony_woods | biomeswevegone:frosted_coniferous_forest | biomeswevegone:lush_stacks | biomeswevegone:maple_taiga | biomeswevegone:prairie | biomeswevegone:redwood_thicket | biomeswevegone:sakura_grove | biomeswevegone:shattered_glacier | biomeswevegone:skyris_vale | biomeswevegone:weeping_witch_forest | biomeswevegone:zelkova_forest | natures_spirit:alpine_clearings | natures_spirit:floral_ridges | natures_spirit:windswept_sugi_forest | regions_unexplored:ashen_woodland | regions_unexplored:cold_deciduous_forest | regions_unexplored:fen | regions_unexplored:flower_fields | regions_unexplored:frozen_pine_taiga | regions_unexplored:grassland | regions_unexplored:grassy_beach | regions_unexplored:hyacinth_deeps | regions_unexplored:icy_heights | regions_unexplored:maple_forest | regions_unexplored:marsh | regions_unexplored:muddy_river | regions_unexplored:orchard | regions_unexplored:redwoods | regions_unexplored:rocky_meadow | regions_unexplored:rocky_reef | regions_unexplored:spires
mvs:dead_tree_spruce,MoogsVoyagerStructures-universal-1.21-5.1.3.jar,data/mvs/worldgen/structure/dead_tree_spruce.json,#c:is_taiga,surface/other,Overworld,surface_structures,"{""absolute"":0}",beard_thin,mvs:dead_tree_spruce,10,10,,,False,,,biomesoplenty:auroral_garden | biomesoplenty:ominous_woods | biomeswevegone:frosted_coniferous_forest | biomeswevegone:maple_taiga | biomeswevegone:redwood_thicket | natures_spirit:windswept_sugi_forest | regions_unexplored:ashen_woodland | regions_unexplored:cold_deciduous_forest | regions_unexplored:frozen_pine_taiga | regions_unexplored:redwoods
mvs:deepslate_house,MoogsVoyagerStructures-universal-1.21-5.1.3.jar,data/mvs/worldgen/structure/deepslate_house.json,#c:is_overworld,surface/other,Overworld,surface_structures,"{""absolute"":0}",beard_thin,mvs:deepslate_house,40,40,,,False,,,biomesoplenty:auroral_garden | biomesoplenty:highland | biomesoplenty:hot_springs | biomesoplenty:ominous_woods | biomesoplenty:pumpkin_patch | biomesoplenty:snowblossom_grove | biomesoplenty:volcano | biomeswevegone:bayou | biomeswevegone:crag_gardens | biomeswevegone:ebony_woods | biomeswevegone:frosted_coniferous_forest | biomeswevegone:lush_stacks | biomeswevegone:maple_taiga | biomeswevegone:prairie | biomeswevegone:redwood_thicket | biomeswevegone:sakura_grove | biomeswevegone:shattered_glacier | biomeswevegone:skyris_vale | biomeswevegone:weeping_witch_forest | biomeswevegone:zelkova_forest | natures_spirit:alpine_clearings | natures_spirit:floral_ridges | natures_spirit:windswept_sugi_forest | regions_unexplored:ashen_woodland | regions_unexplored:cold_deciduous_forest | regions_unexplored:fen | regions_unexplored:flower_fields | regions_unexplored:frozen_pine_taiga | regions_unexplored:grassland | regions_unexplored:grassy_beach | regions_unexplored:hyacinth_deeps | regions_unexplored:icy_heights | regions_unexplored:maple_forest | regions_unexplored:marsh | regions_unexplored:muddy_river | regions_unexplored:orchard | regions_unexplored:redwoods | regions_unexplored:rocky_meadow | regions_unexplored:rocky_reef | regions_unexplored:spires
mvs:desert_house,MoogsVoyagerStructures-universal-1.21-5.1.3.jar,data/mvs/worldgen/structure/desert_house.json,#c:is_desert,surface/other,Other/undetermined,surface_structures,"{""absolute"":0}",beard_thin,mvs:desert_house,0,0,,,False,,,
mvs:desert_pump,MoogsVoyagerStructures-universal-1.21-5.1.3.jar,data/mvs/worldgen/structure/desert_pump.json,#c:is_desert,surface/other,Other/undetermined,surface_structures,"{""absolute"":0}",beard_thin,mvs:desert_pump,0,0,,,False,,,
mvs:desert_well,MoogsVoyagerStructures-universal-1.21-5.1.3.jar,data/mvs/worldgen/structure/desert_well.json,#c:is_desert,surface/other,Other/undetermined,surface_structures,"{""absolute"":0}",beard_thin,mvs:other_wells,0,0,,,False,,,
mvs:diorite_and_deepslate_house,MoogsVoyagerStructures-universal-1.21-5.1.3.jar,data/mvs/worldgen/structure/diorite_and_deepslate_house.json,#c:is_overworld,surface/other,Overworld,surface_structures,"{""absolute"":0}",beard_thin,mvs:diorite_and_deepslate_house,40,40,,,False,,,biomesoplenty:auroral_garden | biomesoplenty:highland | biomesoplenty:hot_springs | biomesoplenty:ominous_woods | biomesoplenty:pumpkin_patch | biomesoplenty:snowblossom_grove | biomesoplenty:volcano | biomeswevegone:bayou | biomeswevegone:crag_gardens | biomeswevegone:ebony_woods | biomeswevegone:frosted_coniferous_forest | biomeswevegone:lush_stacks | biomeswevegone:maple_taiga | biomeswevegone:prairie | biomeswevegone:redwood_thicket | biomeswevegone:sakura_grove | biomeswevegone:shattered_glacier | biomeswevegone:skyris_vale | biomeswevegone:weeping_witch_forest | biomeswevegone:zelkova_forest | natures_spirit:alpine_clearings | natures_spirit:floral_ridges | natures_spirit:windswept_sugi_forest | regions_unexplored:ashen_woodland | regions_unexplored:cold_deciduous_forest | regions_unexplored:fen | regions_unexplored:flower_fields | regions_unexplored:frozen_pine_taiga | regions_unexplored:grassland | regions_unexplored:grassy_beach | regions_unexplored:hyacinth_deeps | regions_unexplored:icy_heights | regions_unexplored:maple_forest | regions_unexplored:marsh | regions_unexplored:muddy_river | regions_unexplored:orchard | regions_unexplored:redwoods | regions_unexplored:rocky_meadow | regions_unexplored:rocky_reef | regions_unexplored:spires
mvs:diorite_tower,MoogsVoyagerStructures-universal-1.21-5.1.3.jar,data/mvs/worldgen/structure/diorite_tower.json,#c:is_overworld,surface/other,Overworld,surface_structures,"{""absolute"":0}",beard_thin,mvs:diorite_tower,40,40,,,False,,,biomesoplenty:auroral_garden | biomesoplenty:highland | biomesoplenty:hot_springs | biomesoplenty:ominous_woods | biomesoplenty:pumpkin_patch | biomesoplenty:snowblossom_grove | biomesoplenty:volcano | biomeswevegone:bayou | biomeswevegone:crag_gardens | biomeswevegone:ebony_woods | biomeswevegone:frosted_coniferous_forest | biomeswevegone:lush_stacks | biomeswevegone:maple_taiga | biomeswevegone:prairie | biomeswevegone:redwood_thicket | biomeswevegone:sakura_grove | biomeswevegone:shattered_glacier | biomeswevegone:skyris_vale | biomeswevegone:weeping_witch_forest | biomeswevegone:zelkova_forest | natures_spirit:alpine_clearings | natures_spirit:floral_ridges | natures_spirit:windswept_sugi_forest | regions_unexplored:ashen_woodland | regions_unexplored:cold_deciduous_forest | regions_unexplored:fen | regions_unexplored:flower_fields | regions_unexplored:frozen_pine_taiga | regions_unexplored:grassland | regions_unexplored:grassy_beach | regions_unexplored:hyacinth_deeps | regions_unexplored:icy_heights | regions_unexplored:maple_forest | regions_unexplored:marsh | regions_unexplored:muddy_river | regions_unexplored:orchard | regions_unexplored:redwoods | regions_unexplored:rocky_meadow | regions_unexplored:rocky_reef | regions_unexplored:spires
mvs:duck,MoogsVoyagerStructures-universal-1.21-5.1.3.jar,data/mvs/worldgen/structure/duck.json,#c:is_overworld,surface/other,Overworld,surface_structures,"{""absolute"":0}",beard_thin,mvs:duck,40,40,,,False,,,biomesoplenty:auroral_garden | biomesoplenty:highland | biomesoplenty:hot_springs | biomesoplenty:ominous_woods | biomesoplenty:pumpkin_patch | biomesoplenty:snowblossom_grove | biomesoplenty:volcano | biomeswevegone:bayou | biomeswevegone:crag_gardens | biomeswevegone:ebony_woods | biomeswevegone:frosted_coniferous_forest | biomeswevegone:lush_stacks | biomeswevegone:maple_taiga | biomeswevegone:prairie | biomeswevegone:redwood_thicket | biomeswevegone:sakura_grove | biomeswevegone:shattered_glacier | biomeswevegone:skyris_vale | biomeswevegone:weeping_witch_forest | biomeswevegone:zelkova_forest | natures_spirit:alpine_clearings | natures_spirit:floral_ridges | natures_spirit:windswept_sugi_forest | regions_unexplored:ashen_woodland | regions_unexplored:cold_deciduous_forest | regions_unexplored:fen | regions_unexplored:flower_fields | regions_unexplored:frozen_pine_taiga | regions_unexplored:grassland | regions_unexplored:grassy_beach | regions_unexplored:hyacinth_deeps | regions_unexplored:icy_heights | regions_unexplored:maple_forest | regions_unexplored:marsh | regions_unexplored:muddy_river | regions_unexplored:orchard | regions_unexplored:redwoods | regions_unexplored:rocky_meadow | regions_unexplored:rocky_reef | regions_unexplored:spires
mvs:fire_camp,MoogsVoyagerStructures-universal-1.21-5.1.3.jar,data/mvs/worldgen/structure/fire_camp.json,#c:is_overworld,surface/other,Overworld,surface_structures,"{""absolute"":0}",beard_thin,mvs:fire_camp,40,40,,,False,,,biomesoplenty:auroral_garden | biomesoplenty:highland | biomesoplenty:hot_springs | biomesoplenty:ominous_woods | biomesoplenty:pumpkin_patch | biomesoplenty:snowblossom_grove | biomesoplenty:volcano | biomeswevegone:bayou | biomeswevegone:crag_gardens | biomeswevegone:ebony_woods | biomeswevegone:frosted_coniferous_forest | biomeswevegone:lush_stacks | biomeswevegone:maple_taiga | biomeswevegone:prairie | biomeswevegone:redwood_thicket | biomeswevegone:sakura_grove | biomeswevegone:shattered_glacier | biomeswevegone:skyris_vale | biomeswevegone:weeping_witch_forest | biomeswevegone:zelkova_forest | natures_spirit:alpine_clearings | natures_spirit:floral_ridges | natures_spirit:windswept_sugi_forest | regions_unexplored:ashen_woodland | regions_unexplored:cold_deciduous_forest | regions_unexplored:fen | regions_unexplored:flower_fields | regions_unexplored:frozen_pine_taiga | regions_unexplored:grassland | regions_unexplored:grassy_beach | regions_unexplored:hyacinth_deeps | regions_unexplored:icy_heights | regions_unexplored:maple_forest | regions_unexplored:marsh | regions_unexplored:muddy_river | regions_unexplored:orchard | regions_unexplored:redwoods | regions_unexplored:rocky_meadow | regions_unexplored:rocky_reef | regions_unexplored:spires
mvs:floating_islands,MoogsVoyagerStructures-universal-1.21-5.1.3.jar,data/mvs/worldgen/structure/floating_islands.json,#c:is_overworld,surface/other,Overworld,surface_structures,"{""absolute"":60}",none,mvs:floating_islands,40,40,,,False,,,biomesoplenty:auroral_garden | biomesoplenty:highland | biomesoplenty:hot_springs | biomesoplenty:ominous_woods | biomesoplenty:pumpkin_patch | biomesoplenty:snowblossom_grove | biomesoplenty:volcano | biomeswevegone:bayou | biomeswevegone:crag_gardens | biomeswevegone:ebony_woods | biomeswevegone:frosted_coniferous_forest | biomeswevegone:lush_stacks | biomeswevegone:maple_taiga | biomeswevegone:prairie | biomeswevegone:redwood_thicket | biomeswevegone:sakura_grove | biomeswevegone:shattered_glacier | biomeswevegone:skyris_vale | biomeswevegone:weeping_witch_forest | biomeswevegone:zelkova_forest | natures_spirit:alpine_clearings | natures_spirit:floral_ridges | natures_spirit:windswept_sugi_forest | regions_unexplored:ashen_woodland | regions_unexplored:cold_deciduous_forest | regions_unexplored:fen | regions_unexplored:flower_fields | regions_unexplored:frozen_pine_taiga | regions_unexplored:grassland | regions_unexplored:grassy_beach | regions_unexplored:hyacinth_deeps | regions_unexplored:icy_heights | regions_unexplored:maple_forest | regions_unexplored:marsh | regions_unexplored:muddy_river | regions_unexplored:orchard | regions_unexplored:redwoods | regions_unexplored:rocky_meadow | regions_unexplored:rocky_reef | regions_unexplored:spires
mvs:flower_hole,MoogsVoyagerStructures-universal-1.21-5.1.3.jar,data/mvs/worldgen/structure/flower_hole.json,#c:is_floral,surface/other,Overworld,surface_structures,"{""absolute"":0}",beard_thin,mvs:flower_hole,5,5,,,False,,,biomesoplenty:pumpkin_patch | biomeswevegone:lush_stacks | biomeswevegone:sakura_grove | natures_spirit:floral_ridges | regions_unexplored:flower_fields
mvs:fox_hut,MoogsVoyagerStructures-universal-1.21-5.1.3.jar,data/mvs/worldgen/structure/fox_hut.json,#c:is_taiga,surface/other,Overworld,surface_structures,"{""absolute"":0}",beard_thin,mvs:fox_hut,10,10,,,False,,,biomesoplenty:auroral_garden | biomesoplenty:ominous_woods | biomeswevegone:frosted_coniferous_forest | biomeswevegone:maple_taiga | biomeswevegone:redwood_thicket | natures_spirit:windswept_sugi_forest | regions_unexplored:ashen_woodland | regions_unexplored:cold_deciduous_forest | regions_unexplored:frozen_pine_taiga | regions_unexplored:redwoods
mvs:gallows,MoogsVoyagerStructures-universal-1.21-5.1.3.jar,data/mvs/worldgen/structure/gallows.json,#c:is_overworld,surface/other,Overworld,surface_structures,"{""absolute"":0}",beard_thin,mvs:gallows,40,40,,,False,,,biomesoplenty:auroral_garden | biomesoplenty:highland | biomesoplenty:hot_springs | biomesoplenty:ominous_woods | biomesoplenty:pumpkin_patch | biomesoplenty:snowblossom_grove | biomesoplenty:volcano | biomeswevegone:bayou | biomeswevegone:crag_gardens | biomeswevegone:ebony_woods | biomeswevegone:frosted_coniferous_forest | biomeswevegone:lush_stacks | biomeswevegone:maple_taiga | biomeswevegone:prairie | biomeswevegone:redwood_thicket | biomeswevegone:sakura_grove | biomeswevegone:shattered_glacier | biomeswevegone:skyris_vale | biomeswevegone:weeping_witch_forest | biomeswevegone:zelkova_forest | natures_spirit:alpine_clearings | natures_spirit:floral_ridges | natures_spirit:windswept_sugi_forest | regions_unexplored:ashen_woodland | regions_unexplored:cold_deciduous_forest | regions_unexplored:fen | regions_unexplored:flower_fields | regions_unexplored:frozen_pine_taiga | regions_unexplored:grassland | regions_unexplored:grassy_beach | regions_unexplored:hyacinth_deeps | regions_unexplored:icy_heights | regions_unexplored:maple_forest | regions_unexplored:marsh | regions_unexplored:muddy_river | regions_unexplored:orchard | regions_unexplored:redwoods | regions_unexplored:rocky_meadow | regions_unexplored:rocky_reef | regions_unexplored:spires
mvs:haystack,MoogsVoyagerStructures-universal-1.21-5.1.3.jar,data/mvs/worldgen/structure/haystack.json,#c:is_overworld,surface/other,Overworld,surface_structures,"{""absolute"":0}",beard_thin,mvs:haystack,40,40,,,False,,,biomesoplenty:auroral_garden | biomesoplenty:highland | biomesoplenty:hot_springs | biomesoplenty:ominous_woods | biomesoplenty:pumpkin_patch | biomesoplenty:snowblossom_grove | biomesoplenty:volcano | biomeswevegone:bayou | biomeswevegone:crag_gardens | biomeswevegone:ebony_woods | biomeswevegone:frosted_coniferous_forest | biomeswevegone:lush_stacks | biomeswevegone:maple_taiga | biomeswevegone:prairie | biomeswevegone:redwood_thicket | biomeswevegone:sakura_grove | biomeswevegone:shattered_glacier | biomeswevegone:skyris_vale | biomeswevegone:weeping_witch_forest | biomeswevegone:zelkova_forest | natures_spirit:alpine_clearings | natures_spirit:floral_ridges | natures_spirit:windswept_sugi_forest | regions_unexplored:ashen_woodland | regions_unexplored:cold_deciduous_forest | regions_unexplored:fen | regions_unexplored:flower_fields | regions_unexplored:frozen_pine_taiga | regions_unexplored:grassland | regions_unexplored:grassy_beach | regions_unexplored:hyacinth_deeps | regions_unexplored:icy_heights | regions_unexplored:maple_forest | regions_unexplored:marsh | regions_unexplored:muddy_river | regions_unexplored:orchard | regions_unexplored:redwoods | regions_unexplored:rocky_meadow | regions_unexplored:rocky_reef | regions_unexplored:spires
mvs:horse_campsite,MoogsVoyagerStructures-universal-1.21-5.1.3.jar,data/mvs/worldgen/structure/horse_campsite.json,#c:is_overworld,surface/other,Overworld,surface_structures,"{""absolute"":0}",beard_thin,mvs:horse_campsite,40,40,,,False,,,biomesoplenty:auroral_garden | biomesoplenty:highland | biomesoplenty:hot_springs | biomesoplenty:ominous_woods | biomesoplenty:pumpkin_patch | biomesoplenty:snowblossom_grove | biomesoplenty:volcano | biomeswevegone:bayou | biomeswevegone:crag_gardens | biomeswevegone:ebony_woods | biomeswevegone:frosted_coniferous_forest | biomeswevegone:lush_stacks | biomeswevegone:maple_taiga | biomeswevegone:prairie | biomeswevegone:redwood_thicket | biomeswevegone:sakura_grove | biomeswevegone:shattered_glacier | biomeswevegone:skyris_vale | biomeswevegone:weeping_witch_forest | biomeswevegone:zelkova_forest | natures_spirit:alpine_clearings | natures_spirit:floral_ridges | natures_spirit:windswept_sugi_forest | regions_unexplored:ashen_woodland | regions_unexplored:cold_deciduous_forest | regions_unexplored:fen | regions_unexplored:flower_fields | regions_unexplored:frozen_pine_taiga | regions_unexplored:grassland | regions_unexplored:grassy_beach | regions_unexplored:hyacinth_deeps | regions_unexplored:icy_heights | regions_unexplored:maple_forest | regions_unexplored:marsh | regions_unexplored:muddy_river | regions_unexplored:orchard | regions_unexplored:redwoods | regions_unexplored:rocky_meadow | regions_unexplored:rocky_reef | regions_unexplored:spires
mvs:horse_pen,MoogsVoyagerStructures-universal-1.21-5.1.3.jar,data/mvs/worldgen/structure/horse_pen.json,#c:is_overworld,surface/other,Overworld,surface_structures,"{""absolute"":0}",beard_thin,mvs:horse_pen,40,40,,,False,,,biomesoplenty:auroral_garden | biomesoplenty:highland | biomesoplenty:hot_springs | biomesoplenty:ominous_woods | biomesoplenty:pumpkin_patch | biomesoplenty:snowblossom_grove | biomesoplenty:volcano | biomeswevegone:bayou | biomeswevegone:crag_gardens | biomeswevegone:ebony_woods | biomeswevegone:frosted_coniferous_forest | biomeswevegone:lush_stacks | biomeswevegone:maple_taiga | biomeswevegone:prairie | biomeswevegone:redwood_thicket | biomeswevegone:sakura_grove | biomeswevegone:shattered_glacier | biomeswevegone:skyris_vale | biomeswevegone:weeping_witch_forest | biomeswevegone:zelkova_forest | natures_spirit:alpine_clearings | natures_spirit:floral_ridges | natures_spirit:windswept_sugi_forest | regions_unexplored:ashen_woodland | regions_unexplored:cold_deciduous_forest | regions_unexplored:fen | regions_unexplored:flower_fields | regions_unexplored:frozen_pine_taiga | regions_unexplored:grassland | regions_unexplored:grassy_beach | regions_unexplored:hyacinth_deeps | regions_unexplored:icy_heights | regions_unexplored:maple_forest | regions_unexplored:marsh | regions_unexplored:muddy_river | regions_unexplored:orchard | regions_unexplored:redwoods | regions_unexplored:rocky_meadow | regions_unexplored:rocky_reef | regions_unexplored:spires
mvs:house,MoogsVoyagerStructures-universal-1.21-5.1.3.jar,data/mvs/worldgen/structure/house.json,#c:is_overworld,surface/other,Overworld,surface_structures,"{""absolute"":0}",beard_thin,mvs:house,40,40,,,False,,,biomesoplenty:auroral_garden | biomesoplenty:highland | biomesoplenty:hot_springs | biomesoplenty:ominous_woods | biomesoplenty:pumpkin_patch | biomesoplenty:snowblossom_grove | biomesoplenty:volcano | biomeswevegone:bayou | biomeswevegone:crag_gardens | biomeswevegone:ebony_woods | biomeswevegone:frosted_coniferous_forest | biomeswevegone:lush_stacks | biomeswevegone:maple_taiga | biomeswevegone:prairie | biomeswevegone:redwood_thicket | biomeswevegone:sakura_grove | biomeswevegone:shattered_glacier | biomeswevegone:skyris_vale | biomeswevegone:weeping_witch_forest | biomeswevegone:zelkova_forest | natures_spirit:alpine_clearings | natures_spirit:floral_ridges | natures_spirit:windswept_sugi_forest | regions_unexplored:ashen_woodland | regions_unexplored:cold_deciduous_forest | regions_unexplored:fen | regions_unexplored:flower_fields | regions_unexplored:frozen_pine_taiga | regions_unexplored:grassland | regions_unexplored:grassy_beach | regions_unexplored:hyacinth_deeps | regions_unexplored:icy_heights | regions_unexplored:maple_forest | regions_unexplored:marsh | regions_unexplored:muddy_river | regions_unexplored:orchard | regions_unexplored:redwoods | regions_unexplored:rocky_meadow | regions_unexplored:rocky_reef | regions_unexplored:spires
mvs:jungle_log_pile,MoogsVoyagerStructures-universal-1.21-5.1.3.jar,data/mvs/worldgen/structure/jungle_log_pile.json,#c:is_jungle,surface/other,Overworld,surface_structures,"{""absolute"":0}",beard_thin,mvs:jungle_log_pile,3,3,,,False,,,biomeswevegone:bayou | biomeswevegone:crag_gardens | biomeswevegone:ebony_woods
mvs:jungle_palm_tree,MoogsVoyagerStructures-universal-1.21-5.1.3.jar,data/mvs/worldgen/structure/jungle_palm_tree.json,#c:is_jungle,surface/other,Overworld,surface_structures,"{""absolute"":0}",beard_thin,mvs:jungle_palm_tree,3,3,,,False,,,biomeswevegone:bayou | biomeswevegone:crag_gardens | biomeswevegone:ebony_woods
mvs:jungle_tower,MoogsVoyagerStructures-universal-1.21-5.1.3.jar,data/mvs/worldgen/structure/jungle_tower.json,#c:is_jungle,surface/other,Overworld,surface_structures,"{""absolute"":0}",beard_thin,mvs:jungle_tower,3,3,,,False,,,biomeswevegone:bayou | biomeswevegone:crag_gardens | biomeswevegone:ebony_woods
mvs:jungle_tree,MoogsVoyagerStructures-universal-1.21-5.1.3.jar,data/mvs/worldgen/structure/jungle_tree.json,#c:is_jungle,surface/other,Overworld,surface_structures,"{""absolute"":0}",beard_thin,mvs:jungle_tree,3,3,,,False,,,biomeswevegone:bayou | biomeswevegone:crag_gardens | biomeswevegone:ebony_woods
mvs:jungle_well,MoogsVoyagerStructures-universal-1.21-5.1.3.jar,data/mvs/worldgen/structure/jungle_well.json,#c:is_jungle,surface/other,Overworld,surface_structures,"{""absolute"":0}",beard_thin,mvs:other_wells,3,3,,,False,,,biomeswevegone:bayou | biomeswevegone:crag_gardens | biomeswevegone:ebony_woods
mvs:lamp_chest,MoogsVoyagerStructures-universal-1.21-5.1.3.jar,data/mvs/worldgen/structure/lamp_chest.json,#c:is_overworld,surface/other,Overworld,surface_structures,"{""absolute"":0}",beard_thin,mvs:lamp_chest,40,40,,,False,,,biomesoplenty:auroral_garden | biomesoplenty:highland | biomesoplenty:hot_springs | biomesoplenty:ominous_woods | biomesoplenty:pumpkin_patch | biomesoplenty:snowblossom_grove | biomesoplenty:volcano | biomeswevegone:bayou | biomeswevegone:crag_gardens | biomeswevegone:ebony_woods | biomeswevegone:frosted_coniferous_forest | biomeswevegone:lush_stacks | biomeswevegone:maple_taiga | biomeswevegone:prairie | biomeswevegone:redwood_thicket | biomeswevegone:sakura_grove | biomeswevegone:shattered_glacier | biomeswevegone:skyris_vale | biomeswevegone:weeping_witch_forest | biomeswevegone:zelkova_forest | natures_spirit:alpine_clearings | natures_spirit:floral_ridges | natures_spirit:windswept_sugi_forest | regions_unexplored:ashen_woodland | regions_unexplored:cold_deciduous_forest | regions_unexplored:fen | regions_unexplored:flower_fields | regions_unexplored:frozen_pine_taiga | regions_unexplored:grassland | regions_unexplored:grassy_beach | regions_unexplored:hyacinth_deeps | regions_unexplored:icy_heights | regions_unexplored:maple_forest | regions_unexplored:marsh | regions_unexplored:muddy_river | regions_unexplored:orchard | regions_unexplored:redwoods | regions_unexplored:rocky_meadow | regions_unexplored:rocky_reef | regions_unexplored:spires
mvs:large_cart_1,MoogsVoyagerStructures-universal-1.21-5.1.3.jar,data/mvs/worldgen/structure/large_cart_1.json,#c:is_overworld,surface/other,Overworld,surface_structures,"{""absolute"":0}",beard_thin,mvs:large_cart_1,40,40,,,False,,,biomesoplenty:auroral_garden | biomesoplenty:highland | biomesoplenty:hot_springs | biomesoplenty:ominous_woods | biomesoplenty:pumpkin_patch | biomesoplenty:snowblossom_grove | biomesoplenty:volcano | biomeswevegone:bayou | biomeswevegone:crag_gardens | biomeswevegone:ebony_woods | biomeswevegone:frosted_coniferous_forest | biomeswevegone:lush_stacks | biomeswevegone:maple_taiga | biomeswevegone:prairie | biomeswevegone:redwood_thicket | biomeswevegone:sakura_grove | biomeswevegone:shattered_glacier | biomeswevegone:skyris_vale | biomeswevegone:weeping_witch_forest | biomeswevegone:zelkova_forest | natures_spirit:alpine_clearings | natures_spirit:floral_ridges | natures_spirit:windswept_sugi_forest | regions_unexplored:ashen_woodland | regions_unexplored:cold_deciduous_forest | regions_unexplored:fen | regions_unexplored:flower_fields | regions_unexplored:frozen_pine_taiga | regions_unexplored:grassland | regions_unexplored:grassy_beach | regions_unexplored:hyacinth_deeps | regions_unexplored:icy_heights | regions_unexplored:maple_forest | regions_unexplored:marsh | regions_unexplored:muddy_river | regions_unexplored:orchard | regions_unexplored:redwoods | regions_unexplored:rocky_meadow | regions_unexplored:rocky_reef | regions_unexplored:spires
mvs:large_cart_2,MoogsVoyagerStructures-universal-1.21-5.1.3.jar,data/mvs/worldgen/structure/large_cart_2.json,#c:is_overworld,surface/other,Overworld,surface_structures,"{""absolute"":0}",beard_thin,mvs:large_cart_2,40,40,,,False,,,biomesoplenty:auroral_garden | biomesoplenty:highland | biomesoplenty:hot_springs | biomesoplenty:ominous_woods | biomesoplenty:pumpkin_patch | biomesoplenty:snowblossom_grove | biomesoplenty:volcano | biomeswevegone:bayou | biomeswevegone:crag_gardens | biomeswevegone:ebony_woods | biomeswevegone:frosted_coniferous_forest | biomeswevegone:lush_stacks | biomeswevegone:maple_taiga | biomeswevegone:prairie | biomeswevegone:redwood_thicket | biomeswevegone:sakura_grove | biomeswevegone:shattered_glacier | biomeswevegone:skyris_vale | biomeswevegone:weeping_witch_forest | biomeswevegone:zelkova_forest | natures_spirit:alpine_clearings | natures_spirit:floral_ridges | natures_spirit:windswept_sugi_forest | regions_unexplored:ashen_woodland | regions_unexplored:cold_deciduous_forest | regions_unexplored:fen | regions_unexplored:flower_fields | regions_unexplored:frozen_pine_taiga | regions_unexplored:grassland | regions_unexplored:grassy_beach | regions_unexplored:hyacinth_deeps | regions_unexplored:icy_heights | regions_unexplored:maple_forest | regions_unexplored:marsh | regions_unexplored:muddy_river | regions_unexplored:orchard | regions_unexplored:redwoods | regions_unexplored:rocky_meadow | regions_unexplored:rocky_reef | regions_unexplored:spires
mvs:large_floating_island,MoogsVoyagerStructures-universal-1.21-5.1.3.jar,data/mvs/worldgen/structure/large_floating_island.json,#c:is_overworld,surface/other,Overworld,surface_structures,"{""absolute"":60}",none,mvs:large_floating_island,40,40,,,False,,,biomesoplenty:auroral_garden | biomesoplenty:highland | biomesoplenty:hot_springs | biomesoplenty:ominous_woods | biomesoplenty:pumpkin_patch | biomesoplenty:snowblossom_grove | biomesoplenty:volcano | biomeswevegone:bayou | biomeswevegone:crag_gardens | biomeswevegone:ebony_woods | biomeswevegone:frosted_coniferous_forest | biomeswevegone:lush_stacks | biomeswevegone:maple_taiga | biomeswevegone:prairie | biomeswevegone:redwood_thicket | biomeswevegone:sakura_grove | biomeswevegone:shattered_glacier | biomeswevegone:skyris_vale | biomeswevegone:weeping_witch_forest | biomeswevegone:zelkova_forest | natures_spirit:alpine_clearings | natures_spirit:floral_ridges | natures_spirit:windswept_sugi_forest | regions_unexplored:ashen_woodland | regions_unexplored:cold_deciduous_forest | regions_unexplored:fen | regions_unexplored:flower_fields | regions_unexplored:frozen_pine_taiga | regions_unexplored:grassland | regions_unexplored:grassy_beach | regions_unexplored:hyacinth_deeps | regions_unexplored:icy_heights | regions_unexplored:maple_forest | regions_unexplored:marsh | regions_unexplored:muddy_river | regions_unexplored:orchard | regions_unexplored:redwoods | regions_unexplored:rocky_meadow | regions_unexplored:rocky_reef | regions_unexplored:spires
mvs:large_mushroom,MoogsVoyagerStructures-universal-1.21-5.1.3.jar,data/mvs/worldgen/structure/large_mushroom.json,#c:is_mushroom,surface/other,Other/undetermined,surface_structures,"{""absolute"":0}",beard_thin,mvs:large_mushroom,0,0,,,False,,,
mvs:large_warped_tower,MoogsVoyagerStructures-universal-1.21-5.1.3.jar,data/mvs/worldgen/structure/large_warped_tower.json,#c:is_overworld,surface/other,Overworld,surface_structures,"{""absolute"":0}",beard_thin,mvs:large_warped_tower,40,40,,,False,,,biomesoplenty:auroral_garden | biomesoplenty:highland | biomesoplenty:hot_springs | biomesoplenty:ominous_woods | biomesoplenty:pumpkin_patch | biomesoplenty:snowblossom_grove | biomesoplenty:volcano | biomeswevegone:bayou | biomeswevegone:crag_gardens | biomeswevegone:ebony_woods | biomeswevegone:frosted_coniferous_forest | biomeswevegone:lush_stacks | biomeswevegone:maple_taiga | biomeswevegone:prairie | biomeswevegone:redwood_thicket | biomeswevegone:sakura_grove | biomeswevegone:shattered_glacier | biomeswevegone:skyris_vale | biomeswevegone:weeping_witch_forest | biomeswevegone:zelkova_forest | natures_spirit:alpine_clearings | natures_spirit:floral_ridges | natures_spirit:windswept_sugi_forest | regions_unexplored:ashen_woodland | regions_unexplored:cold_deciduous_forest | regions_unexplored:fen | regions_unexplored:flower_fields | regions_unexplored:frozen_pine_taiga | regions_unexplored:grassland | regions_unexplored:grassy_beach | regions_unexplored:hyacinth_deeps | regions_unexplored:icy_heights | regions_unexplored:maple_forest | regions_unexplored:marsh | regions_unexplored:muddy_river | regions_unexplored:orchard | regions_unexplored:redwoods | regions_unexplored:rocky_meadow | regions_unexplored:rocky_reef | regions_unexplored:spires
mvs:lecturn_garden,MoogsVoyagerStructures-universal-1.21-5.1.3.jar,data/mvs/worldgen/structure/lecturn_garden.json,#c:is_taiga,surface/other,Overworld,surface_structures,"{""absolute"":0}",beard_thin,mvs:lecturn_garden,10,10,,,False,,,biomesoplenty:auroral_garden | biomesoplenty:ominous_woods | biomeswevegone:frosted_coniferous_forest | biomeswevegone:maple_taiga | biomeswevegone:redwood_thicket | natures_spirit:windswept_sugi_forest | regions_unexplored:ashen_woodland | regions_unexplored:cold_deciduous_forest | regions_unexplored:frozen_pine_taiga | regions_unexplored:redwoods
mvs:lil_house,MoogsVoyagerStructures-universal-1.21-5.1.3.jar,data/mvs/worldgen/structure/lil_house.json,#c:is_overworld,surface/other,Overworld,surface_structures,"{""absolute"":0}",beard_thin,mvs:lil_house,40,40,,,False,,,biomesoplenty:auroral_garden | biomesoplenty:highland | biomesoplenty:hot_springs | biomesoplenty:ominous_woods | biomesoplenty:pumpkin_patch | biomesoplenty:snowblossom_grove | biomesoplenty:volcano | biomeswevegone:bayou | biomeswevegone:crag_gardens | biomeswevegone:ebony_woods | biomeswevegone:frosted_coniferous_forest | biomeswevegone:lush_stacks | biomeswevegone:maple_taiga | biomeswevegone:prairie | biomeswevegone:redwood_thicket | biomeswevegone:sakura_grove | biomeswevegone:shattered_glacier | biomeswevegone:skyris_vale | biomeswevegone:weeping_witch_forest | biomeswevegone:zelkova_forest | natures_spirit:alpine_clearings | natures_spirit:floral_ridges | natures_spirit:windswept_sugi_forest | regions_unexplored:ashen_woodland | regions_unexplored:cold_deciduous_forest | regions_unexplored:fen | regions_unexplored:flower_fields | regions_unexplored:frozen_pine_taiga | regions_unexplored:grassland | regions_unexplored:grassy_beach | regions_unexplored:hyacinth_deeps | regions_unexplored:icy_heights | regions_unexplored:maple_forest | regions_unexplored:marsh | regions_unexplored:muddy_river | regions_unexplored:orchard | regions_unexplored:redwoods | regions_unexplored:rocky_meadow | regions_unexplored:rocky_reef | regions_unexplored:spires
mvs:log_ruin,MoogsVoyagerStructures-universal-1.21-5.1.3.jar,data/mvs/worldgen/structure/log_ruin.json,#c:is_overworld,surface/other,Overworld,surface_structures,"{""absolute"":0}",beard_thin,mvs:log_ruin,40,40,,,False,,,biomesoplenty:auroral_garden | biomesoplenty:highland | biomesoplenty:hot_springs | biomesoplenty:ominous_woods | biomesoplenty:pumpkin_patch | biomesoplenty:snowblossom_grove | biomesoplenty:volcano | biomeswevegone:bayou | biomeswevegone:crag_gardens | biomeswevegone:ebony_woods | biomeswevegone:frosted_coniferous_forest | biomeswevegone:lush_stacks | biomeswevegone:maple_taiga | biomeswevegone:prairie | biomeswevegone:redwood_thicket | biomeswevegone:sakura_grove | biomeswevegone:shattered_glacier | biomeswevegone:skyris_vale | biomeswevegone:weeping_witch_forest | biomeswevegone:zelkova_forest | natures_spirit:alpine_clearings | natures_spirit:floral_ridges | natures_spirit:windswept_sugi_forest | regions_unexplored:ashen_woodland | regions_unexplored:cold_deciduous_forest | regions_unexplored:fen | regions_unexplored:flower_fields | regions_unexplored:frozen_pine_taiga | regions_unexplored:grassland | regions_unexplored:grassy_beach | regions_unexplored:hyacinth_deeps | regions_unexplored:icy_heights | regions_unexplored:maple_forest | regions_unexplored:marsh | regions_unexplored:muddy_river | regions_unexplored:orchard | regions_unexplored:redwoods | regions_unexplored:rocky_meadow | regions_unexplored:rocky_reef | regions_unexplored:spires
mvs:medium_bamboo_cart,MoogsVoyagerStructures-universal-1.21-5.1.3.jar,data/mvs/worldgen/structure/medium_bamboo_cart.json,#c:is_jungle,surface/other,Overworld,surface_structures,"{""absolute"":0}",beard_thin,mvs:medium_bamboo_cart,3,3,,,False,,,biomeswevegone:bayou | biomeswevegone:crag_gardens | biomeswevegone:ebony_woods
mvs:medium_igloo_1,MoogsVoyagerStructures-universal-1.21-5.1.3.jar,data/mvs/worldgen/structure/medium_igloo_1.json,#c:is_snowy,surface/other,Overworld,surface_structures,"{""absolute"":0}",beard_thin,mvs:medium_igloo_1,10,8,,biomeswevegone:maple_taiga | natures_spirit:alpine_clearings,False,,,biomesoplenty:auroral_garden | biomesoplenty:snowblossom_grove | biomeswevegone:frosted_coniferous_forest | biomeswevegone:shattered_glacier | regions_unexplored:cold_deciduous_forest | regions_unexplored:frozen_pine_taiga | regions_unexplored:icy_heights | regions_unexplored:spires
mvs:medium_igloo_2,MoogsVoyagerStructures-universal-1.21-5.1.3.jar,data/mvs/worldgen/structure/medium_igloo_2.json,#c:is_snowy,surface/other,Overworld,surface_structures,"{""absolute"":0}",beard_thin,mvs:medium_igloo_2,10,8,,biomeswevegone:maple_taiga | natures_spirit:alpine_clearings,False,,,biomesoplenty:auroral_garden | biomesoplenty:snowblossom_grove | biomeswevegone:frosted_coniferous_forest | biomeswevegone:shattered_glacier | regions_unexplored:cold_deciduous_forest | regions_unexplored:frozen_pine_taiga | regions_unexplored:icy_heights | regions_unexplored:spires
mvs:medium_oak_lantern,MoogsVoyagerStructures-universal-1.21-5.1.3.jar,data/mvs/worldgen/structure/medium_oak_lantern.json,#c:is_plains,surface/other,Overworld,surface_structures,"{""absolute"":0}",beard_thin,mvs:medium_oak_lantern,10,10,,,False,,,biomesoplenty:highland | biomesoplenty:pumpkin_patch | biomeswevegone:prairie | biomeswevegone:sakura_grove | natures_spirit:alpine_clearings | natures_spirit:floral_ridges | regions_unexplored:flower_fields | regions_unexplored:grassland | regions_unexplored:orchard | regions_unexplored:rocky_meadow
mvs:mine_with_campsite,MoogsVoyagerStructures-universal-1.21-5.1.3.jar,data/mvs/worldgen/structure/mine_with_campsite.json,#c:is_overworld,surface/other,Overworld,surface_structures,"{""absolute"":0}",beard_thin,mvs:mine_with_campsite,40,40,,,False,,,biomesoplenty:auroral_garden | biomesoplenty:highland | biomesoplenty:hot_springs | biomesoplenty:ominous_woods | biomesoplenty:pumpkin_patch | biomesoplenty:snowblossom_grove | biomesoplenty:volcano | biomeswevegone:bayou | biomeswevegone:crag_gardens | biomeswevegone:ebony_woods | biomeswevegone:frosted_coniferous_forest | biomeswevegone:lush_stacks | biomeswevegone:maple_taiga | biomeswevegone:prairie | biomeswevegone:redwood_thicket | biomeswevegone:sakura_grove | biomeswevegone:shattered_glacier | biomeswevegone:skyris_vale | biomeswevegone:weeping_witch_forest | biomeswevegone:zelkova_forest | natures_spirit:alpine_clearings | natures_spirit:floral_ridges | natures_spirit:windswept_sugi_forest | regions_unexplored:ashen_woodland | regions_unexplored:cold_deciduous_forest | regions_unexplored:fen | regions_unexplored:flower_fields | regions_unexplored:frozen_pine_taiga | regions_unexplored:grassland | regions_unexplored:grassy_beach | regions_unexplored:hyacinth_deeps | regions_unexplored:icy_heights | regions_unexplored:maple_forest | regions_unexplored:marsh | regions_unexplored:muddy_river | regions_unexplored:orchard | regions_unexplored:redwoods | regions_unexplored:rocky_meadow | regions_unexplored:rocky_reef | regions_unexplored:spires
mvs:mud_brick_house_1,MoogsVoyagerStructures-universal-1.21-5.1.3.jar,data/mvs/worldgen/structure/mud_brick_house_1.json,#c:is_swamp,surface/other,Overworld,surface_structures,"{""absolute"":0}",beard_thin,mvs:mud_brick_house_1,4,4,,,False,,,biomesoplenty:hot_springs | biomeswevegone:bayou | regions_unexplored:fen | regions_unexplored:marsh
mvs:mushroom_pond,MoogsVoyagerStructures-universal-1.21-5.1.3.jar,data/mvs/worldgen/structure/mushroom_pond.json,#c:is_overworld,surface/other,Overworld,surface_structures,"{""absolute"":0}",beard_thin,mvs:mushroom_pond,40,40,,,False,,,biomesoplenty:auroral_garden | biomesoplenty:highland | biomesoplenty:hot_springs | biomesoplenty:ominous_woods | biomesoplenty:pumpkin_patch | biomesoplenty:snowblossom_grove | biomesoplenty:volcano | biomeswevegone:bayou | biomeswevegone:crag_gardens | biomeswevegone:ebony_woods | biomeswevegone:frosted_coniferous_forest | biomeswevegone:lush_stacks | biomeswevegone:maple_taiga | biomeswevegone:prairie | biomeswevegone:redwood_thicket | biomeswevegone:sakura_grove | biomeswevegone:shattered_glacier | biomeswevegone:skyris_vale | biomeswevegone:weeping_witch_forest | biomeswevegone:zelkova_forest | natures_spirit:alpine_clearings | natures_spirit:floral_ridges | natures_spirit:windswept_sugi_forest | regions_unexplored:ashen_woodland | regions_unexplored:cold_deciduous_forest | regions_unexplored:fen | regions_unexplored:flower_fields | regions_unexplored:frozen_pine_taiga | regions_unexplored:grassland | regions_unexplored:grassy_beach | regions_unexplored:hyacinth_deeps | regions_unexplored:icy_heights | regions_unexplored:maple_forest | regions_unexplored:marsh | regions_unexplored:muddy_river | regions_unexplored:orchard | regions_unexplored:redwoods | regions_unexplored:rocky_meadow | regions_unexplored:rocky_reef | regions_unexplored:spires
mvs:mushroom_statue,MoogsVoyagerStructures-universal-1.21-5.1.3.jar,data/mvs/worldgen/structure/mushroom_statue.json,#c:is_mushroom,surface/other,Other/undetermined,surface_structures,"{""absolute"":0}",beard_thin,mvs:mushroom_statue,0,0,,,False,,,
mvs:mushroom_well,MoogsVoyagerStructures-universal-1.21-5.1.3.jar,data/mvs/worldgen/structure/mushroom_well.json,#c:is_mushroom,surface/other,Other/undetermined,surface_structures,"{""absolute"":0}",beard_thin,mvs:mushroom_well,0,0,,,False,,,
mvs:nether_devil,MoogsVoyagerStructures-universal-1.21-5.1.3.jar,data/mvs/worldgen/structure/nether_devil.json,#c:is_nether,surface/other,Other/undetermined,surface_structures,"{""absolute"":0}",beard_thin,mvs:nether_devil,0,0,,,False,c:is_nether,c:is_nether,
mvs:nether_well,MoogsVoyagerStructures-universal-1.21-5.1.3.jar,data/mvs/worldgen/structure/nether_well.json,#c:is_nether,surface/other,Other/undetermined,surface_structures,"{""absolute"":0}",beard_thin,mvs:nether_well,0,0,,,False,c:is_nether,c:is_nether,
mvs:oak_log_pile,MoogsVoyagerStructures-universal-1.21-5.1.3.jar,data/mvs/worldgen/structure/oak_log_pile.json,#c:is_forest,surface/other,Overworld,surface_structures,"{""absolute"":0}",beard_thin,mvs:oak_log_pile,16,16,,,False,,,biomesoplenty:auroral_garden | biomesoplenty:ominous_woods | biomesoplenty:snowblossom_grove | biomeswevegone:ebony_woods | biomeswevegone:frosted_coniferous_forest | biomeswevegone:redwood_thicket | biomeswevegone:sakura_grove | biomeswevegone:skyris_vale | biomeswevegone:weeping_witch_forest | biomeswevegone:zelkova_forest | natures_spirit:windswept_sugi_forest | regions_unexplored:ashen_woodland | regions_unexplored:cold_deciduous_forest | regions_unexplored:maple_forest | regions_unexplored:orchard | regions_unexplored:redwoods
mvs:oak_tree,MoogsVoyagerStructures-universal-1.21-5.1.3.jar,data/mvs/worldgen/structure/oak_tree.json,#c:is_plains,surface/other,Overworld,surface_structures,"{""absolute"":0}",beard_thin,mvs:oak_tree,10,10,,,False,,,biomesoplenty:highland | biomesoplenty:pumpkin_patch | biomeswevegone:prairie | biomeswevegone:sakura_grove | natures_spirit:alpine_clearings | natures_spirit:floral_ridges | regions_unexplored:flower_fields | regions_unexplored:grassland | regions_unexplored:orchard | regions_unexplored:rocky_meadow
mvs:oak_well,MoogsVoyagerStructures-universal-1.21-5.1.3.jar,data/mvs/worldgen/structure/oak_well.json,#c:is_forest,surface/other,Overworld,surface_structures,"{""absolute"":0}",beard_thin,mvs:other_wells,16,16,,,False,,,biomesoplenty:auroral_garden | biomesoplenty:ominous_woods | biomesoplenty:snowblossom_grove | biomeswevegone:ebony_woods | biomeswevegone:frosted_coniferous_forest | biomeswevegone:redwood_thicket | biomeswevegone:sakura_grove | biomeswevegone:skyris_vale | biomeswevegone:weeping_witch_forest | biomeswevegone:zelkova_forest | natures_spirit:windswept_sugi_forest | regions_unexplored:ashen_woodland | regions_unexplored:cold_deciduous_forest | regions_unexplored:maple_forest | regions_unexplored:orchard | regions_unexplored:redwoods
mvs:ocean_tower,MoogsVoyagerStructures-universal-1.21-5.1.3.jar,data/mvs/worldgen/structure/ocean_tower.json,#c:is_ocean,ocean/river,Overworld,surface_structures,"{""absolute"":0}",none,mvs:ocean_tower,3,3,,,False,,,biomeswevegone:lush_stacks | regions_unexplored:hyacinth_deeps | regions_unexplored:rocky_reef
mvs:orange_stall,MoogsVoyagerStructures-universal-1.21-5.1.3.jar,data/mvs/worldgen/structure/orange_stall.json,#c:is_overworld,surface/other,Overworld,surface_structures,"{""absolute"":0}",beard_thin,mvs:stalls,40,40,,,False,,,biomesoplenty:auroral_garden | biomesoplenty:highland | biomesoplenty:hot_springs | biomesoplenty:ominous_woods | biomesoplenty:pumpkin_patch | biomesoplenty:snowblossom_grove | biomesoplenty:volcano | biomeswevegone:bayou | biomeswevegone:crag_gardens | biomeswevegone:ebony_woods | biomeswevegone:frosted_coniferous_forest | biomeswevegone:lush_stacks | biomeswevegone:maple_taiga | biomeswevegone:prairie | biomeswevegone:redwood_thicket | biomeswevegone:sakura_grove | biomeswevegone:shattered_glacier | biomeswevegone:skyris_vale | biomeswevegone:weeping_witch_forest | biomeswevegone:zelkova_forest | natures_spirit:alpine_clearings | natures_spirit:floral_ridges | natures_spirit:windswept_sugi_forest | regions_unexplored:ashen_woodland | regions_unexplored:cold_deciduous_forest | regions_unexplored:fen | regions_unexplored:flower_fields | regions_unexplored:frozen_pine_taiga | regions_unexplored:grassland | regions_unexplored:grassy_beach | regions_unexplored:hyacinth_deeps | regions_unexplored:icy_heights | regions_unexplored:maple_forest | regions_unexplored:marsh | regions_unexplored:muddy_river | regions_unexplored:orchard | regions_unexplored:redwoods | regions_unexplored:rocky_meadow | regions_unexplored:rocky_reef | regions_unexplored:spires
mvs:out_house,MoogsVoyagerStructures-universal-1.21-5.1.3.jar,data/mvs/worldgen/structure/out_house.json,#c:is_swamp,surface/other,Overworld,surface_structures,"{""absolute"":0}",beard_thin,mvs:out_house,4,4,,,False,,,biomesoplenty:hot_springs | biomeswevegone:bayou | regions_unexplored:fen | regions_unexplored:marsh
mvs:paths,MoogsVoyagerStructures-universal-1.21-5.1.3.jar,data/mvs/worldgen/structure/paths.json,#c:is_overworld,surface/other,Overworld,surface_structures,"{""absolute"":0}",beard_thin,mvs:paths,40,40,,,False,,,biomesoplenty:auroral_garden | biomesoplenty:highland | biomesoplenty:hot_springs | biomesoplenty:ominous_woods | biomesoplenty:pumpkin_patch | biomesoplenty:snowblossom_grove | biomesoplenty:volcano | biomeswevegone:bayou | biomeswevegone:crag_gardens | biomeswevegone:ebony_woods | biomeswevegone:frosted_coniferous_forest | biomeswevegone:lush_stacks | biomeswevegone:maple_taiga | biomeswevegone:prairie | biomeswevegone:redwood_thicket | biomeswevegone:sakura_grove | biomeswevegone:shattered_glacier | biomeswevegone:skyris_vale | biomeswevegone:weeping_witch_forest | biomeswevegone:zelkova_forest | natures_spirit:alpine_clearings | natures_spirit:floral_ridges | natures_spirit:windswept_sugi_forest | regions_unexplored:ashen_woodland | regions_unexplored:cold_deciduous_forest | regions_unexplored:fen | regions_unexplored:flower_fields | regions_unexplored:frozen_pine_taiga | regions_unexplored:grassland | regions_unexplored:grassy_beach | regions_unexplored:hyacinth_deeps | regions_unexplored:icy_heights | regions_unexplored:maple_forest | regions_unexplored:marsh | regions_unexplored:muddy_river | regions_unexplored:orchard | regions_unexplored:redwoods | regions_unexplored:rocky_meadow | regions_unexplored:rocky_reef | regions_unexplored:spires
mvs:pile,MoogsVoyagerStructures-universal-1.21-5.1.3.jar,data/mvs/worldgen/structure/pile.json,#c:is_overworld,surface/other,Overworld,surface_structures,"{""absolute"":0}",beard_thin,mvs:pile,40,40,,,False,,,biomesoplenty:auroral_garden | biomesoplenty:highland | biomesoplenty:hot_springs | biomesoplenty:ominous_woods | biomesoplenty:pumpkin_patch | biomesoplenty:snowblossom_grove | biomesoplenty:volcano | biomeswevegone:bayou | biomeswevegone:crag_gardens | biomeswevegone:ebony_woods | biomeswevegone:frosted_coniferous_forest | biomeswevegone:lush_stacks | biomeswevegone:maple_taiga | biomeswevegone:prairie | biomeswevegone:redwood_thicket | biomeswevegone:sakura_grove | biomeswevegone:shattered_glacier | biomeswevegone:skyris_vale | biomeswevegone:weeping_witch_forest | biomeswevegone:zelkova_forest | natures_spirit:alpine_clearings | natures_spirit:floral_ridges | natures_spirit:windswept_sugi_forest | regions_unexplored:ashen_woodland | regions_unexplored:cold_deciduous_forest | regions_unexplored:fen | regions_unexplored:flower_fields | regions_unexplored:frozen_pine_taiga | regions_unexplored:grassland | regions_unexplored:grassy_beach | regions_unexplored:hyacinth_deeps | regions_unexplored:icy_heights | regions_unexplored:maple_forest | regions_unexplored:marsh | regions_unexplored:muddy_river | regions_unexplored:orchard | regions_unexplored:redwoods | regions_unexplored:rocky_meadow | regions_unexplored:rocky_reef | regions_unexplored:spires
mvs:pink_stall,MoogsVoyagerStructures-universal-1.21-5.1.3.jar,data/mvs/worldgen/structure/pink_stall.json,#c:is_overworld,surface/other,Overworld,surface_structures,"{""absolute"":0}",beard_thin,mvs:stalls,40,40,,,False,,,biomesoplenty:auroral_garden | biomesoplenty:highland | biomesoplenty:hot_springs | biomesoplenty:ominous_woods | biomesoplenty:pumpkin_patch | biomesoplenty:snowblossom_grove | biomesoplenty:volcano | biomeswevegone:bayou | biomeswevegone:crag_gardens | biomeswevegone:ebony_woods | biomeswevegone:frosted_coniferous_forest | biomeswevegone:lush_stacks | biomeswevegone:maple_taiga | biomeswevegone:prairie | biomeswevegone:redwood_thicket | biomeswevegone:sakura_grove | biomeswevegone:shattered_glacier | biomeswevegone:skyris_vale | biomeswevegone:weeping_witch_forest | biomeswevegone:zelkova_forest | natures_spirit:alpine_clearings | natures_spirit:floral_ridges | natures_spirit:windswept_sugi_forest | regions_unexplored:ashen_woodland | regions_unexplored:cold_deciduous_forest | regions_unexplored:fen | regions_unexplored:flower_fields | regions_unexplored:frozen_pine_taiga | regions_unexplored:grassland | regions_unexplored:grassy_beach | regions_unexplored:hyacinth_deeps | regions_unexplored:icy_heights | regions_unexplored:maple_forest | regions_unexplored:marsh | regions_unexplored:muddy_river | regions_unexplored:orchard | regions_unexplored:redwoods | regions_unexplored:rocky_meadow | regions_unexplored:rocky_reef | regions_unexplored:spires
mvs:prismarine_house_1,MoogsVoyagerStructures-universal-1.21-5.1.3.jar,data/mvs/worldgen/structure/prismarine_house_1.json,#c:is_beach,surface/other,Overworld,surface_structures,"{""absolute"":0}",beard_thin,mvs:prismarine_house_1,1,1,,,False,,,regions_unexplored:grassy_beach
mvs:prismarine_house_2,MoogsVoyagerStructures-universal-1.21-5.1.3.jar,data/mvs/worldgen/structure/prismarine_house_2.json,#c:is_beach,surface/other,Overworld,surface_structures,"{""absolute"":0}",beard_thin,mvs:prismarine_house_2,1,1,,,False,,,regions_unexplored:grassy_beach
mvs:railway,MoogsVoyagerStructures-universal-1.21-5.1.3.jar,data/mvs/worldgen/structure/railway.json,#c:is_overworld,surface/other,Overworld,surface_structures,"{""absolute"":0}",beard_thin,mvs:railway,40,40,,,False,,,biomesoplenty:auroral_garden | biomesoplenty:highland | biomesoplenty:hot_springs | biomesoplenty:ominous_woods | biomesoplenty:pumpkin_patch | biomesoplenty:snowblossom_grove | biomesoplenty:volcano | biomeswevegone:bayou | biomeswevegone:crag_gardens | biomeswevegone:ebony_woods | biomeswevegone:frosted_coniferous_forest | biomeswevegone:lush_stacks | biomeswevegone:maple_taiga | biomeswevegone:prairie | biomeswevegone:redwood_thicket | biomeswevegone:sakura_grove | biomeswevegone:shattered_glacier | biomeswevegone:skyris_vale | biomeswevegone:weeping_witch_forest | biomeswevegone:zelkova_forest | natures_spirit:alpine_clearings | natures_spirit:floral_ridges | natures_spirit:windswept_sugi_forest | regions_unexplored:ashen_woodland | regions_unexplored:cold_deciduous_forest | regions_unexplored:fen | regions_unexplored:flower_fields | regions_unexplored:frozen_pine_taiga | regions_unexplored:grassland | regions_unexplored:grassy_beach | regions_unexplored:hyacinth_deeps | regions_unexplored:icy_heights | regions_unexplored:maple_forest | regions_unexplored:marsh | regions_unexplored:muddy_river | regions_unexplored:orchard | regions_unexplored:redwoods | regions_unexplored:rocky_meadow | regions_unexplored:rocky_reef | regions_unexplored:spires
mvs:rare_well,MoogsVoyagerStructures-universal-1.21-5.1.3.jar,data/mvs/worldgen/structure/rare_well.json,#c:is_overworld,surface/other,Overworld,surface_structures,"{""absolute"":0}",beard_thin,mvs:other_wells | mvs:rare_well,40,40,,,False,,,biomesoplenty:auroral_garden | biomesoplenty:highland | biomesoplenty:hot_springs | biomesoplenty:ominous_woods | biomesoplenty:pumpkin_patch | biomesoplenty:snowblossom_grove | biomesoplenty:volcano | biomeswevegone:bayou | biomeswevegone:crag_gardens | biomeswevegone:ebony_woods | biomeswevegone:frosted_coniferous_forest | biomeswevegone:lush_stacks | biomeswevegone:maple_taiga | biomeswevegone:prairie | biomeswevegone:redwood_thicket | biomeswevegone:sakura_grove | biomeswevegone:shattered_glacier | biomeswevegone:skyris_vale | biomeswevegone:weeping_witch_forest | biomeswevegone:zelkova_forest | natures_spirit:alpine_clearings | natures_spirit:floral_ridges | natures_spirit:windswept_sugi_forest | regions_unexplored:ashen_woodland | regions_unexplored:cold_deciduous_forest | regions_unexplored:fen | regions_unexplored:flower_fields | regions_unexplored:frozen_pine_taiga | regions_unexplored:grassland | regions_unexplored:grassy_beach | regions_unexplored:hyacinth_deeps | regions_unexplored:icy_heights | regions_unexplored:maple_forest | regions_unexplored:marsh | regions_unexplored:muddy_river | regions_unexplored:orchard | regions_unexplored:redwoods | regions_unexplored:rocky_meadow | regions_unexplored:rocky_reef | regions_unexplored:spires
mvs:red_stall,MoogsVoyagerStructures-universal-1.21-5.1.3.jar,data/mvs/worldgen/structure/red_stall.json,#c:is_overworld,surface/other,Overworld,surface_structures,"{""absolute"":0}",beard_thin,mvs:stalls,40,40,,,False,,,biomesoplenty:auroral_garden | biomesoplenty:highland | biomesoplenty:hot_springs | biomesoplenty:ominous_woods | biomesoplenty:pumpkin_patch | biomesoplenty:snowblossom_grove | biomesoplenty:volcano | biomeswevegone:bayou | biomeswevegone:crag_gardens | biomeswevegone:ebony_woods | biomeswevegone:frosted_coniferous_forest | biomeswevegone:lush_stacks | biomeswevegone:maple_taiga | biomeswevegone:prairie | biomeswevegone:redwood_thicket | biomeswevegone:sakura_grove | biomeswevegone:shattered_glacier | biomeswevegone:skyris_vale | biomeswevegone:weeping_witch_forest | biomeswevegone:zelkova_forest | natures_spirit:alpine_clearings | natures_spirit:floral_ridges | natures_spirit:windswept_sugi_forest | regions_unexplored:ashen_woodland | regions_unexplored:cold_deciduous_forest | regions_unexplored:fen | regions_unexplored:flower_fields | regions_unexplored:frozen_pine_taiga | regions_unexplored:grassland | regions_unexplored:grassy_beach | regions_unexplored:hyacinth_deeps | regions_unexplored:icy_heights | regions_unexplored:maple_forest | regions_unexplored:marsh | regions_unexplored:muddy_river | regions_unexplored:orchard | regions_unexplored:redwoods | regions_unexplored:rocky_meadow | regions_unexplored:rocky_reef | regions_unexplored:spires
mvs:red_tower,MoogsVoyagerStructures-universal-1.21-5.1.3.jar,data/mvs/worldgen/structure/red_tower.json,#c:is_taiga,surface/other,Overworld,surface_structures,"{""absolute"":0}",beard_thin,mvs:red_tower,10,10,,,False,,,biomesoplenty:auroral_garden | biomesoplenty:ominous_woods | biomeswevegone:frosted_coniferous_forest | biomeswevegone:maple_taiga | biomeswevegone:redwood_thicket | natures_spirit:windswept_sugi_forest | regions_unexplored:ashen_woodland | regions_unexplored:cold_deciduous_forest | regions_unexplored:frozen_pine_taiga | regions_unexplored:redwoods
mvs:rocky_well,MoogsVoyagerStructures-universal-1.21-5.1.3.jar,data/mvs/worldgen/structure/rocky_well.json,#c:is_mountain,surface/other,Overworld,surface_structures,"{""absolute"":0}",beard_thin,mvs:other_wells,10,10,,,False,,,biomesoplenty:highland | biomesoplenty:volcano | biomeswevegone:crag_gardens | biomeswevegone:shattered_glacier | natures_spirit:alpine_clearings | natures_spirit:floral_ridges | natures_spirit:windswept_sugi_forest | regions_unexplored:icy_heights | regions_unexplored:rocky_meadow | regions_unexplored:spires
mvs:ruined_beacon,MoogsVoyagerStructures-universal-1.21-5.1.3.jar,data/mvs/worldgen/structure/ruined_beacon.json,#c:is_overworld,surface/other,Overworld,surface_structures,"{""absolute"":0}",beard_thin,mvs:ruined_beacon,40,40,,,False,,,biomesoplenty:auroral_garden | biomesoplenty:highland | biomesoplenty:hot_springs | biomesoplenty:ominous_woods | biomesoplenty:pumpkin_patch | biomesoplenty:snowblossom_grove | biomesoplenty:volcano | biomeswevegone:bayou | biomeswevegone:crag_gardens | biomeswevegone:ebony_woods | biomeswevegone:frosted_coniferous_forest | biomeswevegone:lush_stacks | biomeswevegone:maple_taiga | biomeswevegone:prairie | biomeswevegone:redwood_thicket | biomeswevegone:sakura_grove | biomeswevegone:shattered_glacier | biomeswevegone:skyris_vale | biomeswevegone:weeping_witch_forest | biomeswevegone:zelkova_forest | natures_spirit:alpine_clearings | natures_spirit:floral_ridges | natures_spirit:windswept_sugi_forest | regions_unexplored:ashen_woodland | regions_unexplored:cold_deciduous_forest | regions_unexplored:fen | regions_unexplored:flower_fields | regions_unexplored:frozen_pine_taiga | regions_unexplored:grassland | regions_unexplored:grassy_beach | regions_unexplored:hyacinth_deeps | regions_unexplored:icy_heights | regions_unexplored:maple_forest | regions_unexplored:marsh | regions_unexplored:muddy_river | regions_unexplored:orchard | regions_unexplored:redwoods | regions_unexplored:rocky_meadow | regions_unexplored:rocky_reef | regions_unexplored:spires
mvs:shed,MoogsVoyagerStructures-universal-1.21-5.1.3.jar,data/mvs/worldgen/structure/shed.json,#c:is_overworld,surface/other,Overworld,surface_structures,"{""absolute"":0}",beard_thin,mvs:shed,40,40,,,False,,,biomesoplenty:auroral_garden | biomesoplenty:highland | biomesoplenty:hot_springs | biomesoplenty:ominous_woods | biomesoplenty:pumpkin_patch | biomesoplenty:snowblossom_grove | biomesoplenty:volcano | biomeswevegone:bayou | biomeswevegone:crag_gardens | biomeswevegone:ebony_woods | biomeswevegone:frosted_coniferous_forest | biomeswevegone:lush_stacks | biomeswevegone:maple_taiga | biomeswevegone:prairie | biomeswevegone:redwood_thicket | biomeswevegone:sakura_grove | biomeswevegone:shattered_glacier | biomeswevegone:skyris_vale | biomeswevegone:weeping_witch_forest | biomeswevegone:zelkova_forest | natures_spirit:alpine_clearings | natures_spirit:floral_ridges | natures_spirit:windswept_sugi_forest | regions_unexplored:ashen_woodland | regions_unexplored:cold_deciduous_forest | regions_unexplored:fen | regions_unexplored:flower_fields | regions_unexplored:frozen_pine_taiga | regions_unexplored:grassland | regions_unexplored:grassy_beach | regions_unexplored:hyacinth_deeps | regions_unexplored:icy_heights | regions_unexplored:maple_forest | regions_unexplored:marsh | regions_unexplored:muddy_river | regions_unexplored:orchard | regions_unexplored:redwoods | regions_unexplored:rocky_meadow | regions_unexplored:rocky_reef | regions_unexplored:spires
mvs:small_acacia_lantern,MoogsVoyagerStructures-universal-1.21-5.1.3.jar,data/mvs/worldgen/structure/small_acacia_lantern.json,#c:is_savanna,surface/other,Other/undetermined,surface_structures,"{""absolute"":0}",beard_thin,mvs:small_acacia_lantern,0,0,,,False,,,
mvs:small_bamboo_lantern,MoogsVoyagerStructures-universal-1.21-5.1.3.jar,data/mvs/worldgen/structure/small_bamboo_lantern.json,#c:is_jungle,surface/other,Overworld,surface_structures,"{""absolute"":0}",beard_thin,mvs:small_bamboo_lantern,3,3,,,False,,,biomeswevegone:bayou | biomeswevegone:crag_gardens | biomeswevegone:ebony_woods
mvs:small_birch_lantern,MoogsVoyagerStructures-universal-1.21-5.1.3.jar,data/mvs/worldgen/structure/small_birch_lantern.json,#c:is_birch_forest,surface/other,Overworld,surface_structures,"{""absolute"":0}",beard_thin,mvs:small_birch_lantern,4,4,,,False,,,biomesoplenty:snowblossom_grove | biomeswevegone:sakura_grove | biomeswevegone:zelkova_forest | regions_unexplored:maple_forest
mvs:small_campfire_lantern,MoogsVoyagerStructures-universal-1.21-5.1.3.jar,data/mvs/worldgen/structure/small_campfire_lantern.json,#c:is_plains,surface/other,Overworld,surface_structures,"{""absolute"":0}",beard_thin,mvs:small_campfire_lantern,10,10,,,False,,,biomesoplenty:highland | biomesoplenty:pumpkin_patch | biomeswevegone:prairie | biomeswevegone:sakura_grove | natures_spirit:alpine_clearings | natures_spirit:floral_ridges | regions_unexplored:flower_fields | regions_unexplored:grassland | regions_unexplored:orchard | regions_unexplored:rocky_meadow
mvs:small_cherry_lantern,MoogsVoyagerStructures-universal-1.21-5.1.3.jar,data/mvs/worldgen/structure/small_cherry_lantern.json,#mvs:primary_wood_type/cherry,surface/other,Overworld,surface_structures,"{""absolute"":0}",beard_thin,mvs:small_cherry_lantern,0,2,biomesoplenty:snowblossom_grove | biomeswevegone:sakura_grove,,True,,,biomesoplenty:snowblossom_grove | biomeswevegone:sakura_grove
mvs:small_copper_well,MoogsVoyagerStructures-universal-1.21-5.1.3.jar,data/mvs/worldgen/structure/small_copper_well.json,#c:is_overworld,surface/other,Overworld,surface_structures,"{""absolute"":0}",beard_thin,mvs:other_wells,40,40,,,False,,,biomesoplenty:auroral_garden | biomesoplenty:highland | biomesoplenty:hot_springs | biomesoplenty:ominous_woods | biomesoplenty:pumpkin_patch | biomesoplenty:snowblossom_grove | biomesoplenty:volcano | biomeswevegone:bayou | biomeswevegone:crag_gardens | biomeswevegone:ebony_woods | biomeswevegone:frosted_coniferous_forest | biomeswevegone:lush_stacks | biomeswevegone:maple_taiga | biomeswevegone:prairie | biomeswevegone:redwood_thicket | biomeswevegone:sakura_grove | biomeswevegone:shattered_glacier | biomeswevegone:skyris_vale | biomeswevegone:weeping_witch_forest | biomeswevegone:zelkova_forest | natures_spirit:alpine_clearings | natures_spirit:floral_ridges | natures_spirit:windswept_sugi_forest | regions_unexplored:ashen_woodland | regions_unexplored:cold_deciduous_forest | regions_unexplored:fen | regions_unexplored:flower_fields | regions_unexplored:frozen_pine_taiga | regions_unexplored:grassland | regions_unexplored:grassy_beach | regions_unexplored:hyacinth_deeps | regions_unexplored:icy_heights | regions_unexplored:maple_forest | regions_unexplored:marsh | regions_unexplored:muddy_river | regions_unexplored:orchard | regions_unexplored:redwoods | regions_unexplored:rocky_meadow | regions_unexplored:rocky_reef | regions_unexplored:spires
mvs:small_dark_oak_lantern,MoogsVoyagerStructures-universal-1.21-5.1.3.jar,data/mvs/worldgen/structure/small_dark_oak_lantern.json,#mvs:is_dark_forest,surface/other,Overworld,surface_structures,"{""absolute"":0}",beard_thin,mvs:small_dark_oak_lantern,0,3,biomesoplenty:ominous_woods | biomeswevegone:ebony_woods | biomeswevegone:weeping_witch_forest,,True,,,biomesoplenty:ominous_woods | biomeswevegone:ebony_woods | biomeswevegone:weeping_witch_forest
mvs:small_igloo,MoogsVoyagerStructures-universal-1.21-5.1.3.jar,data/mvs/worldgen/structure/small_igloo.json,#c:is_snowy,surface/other,Overworld,surface_structures,"{""absolute"":0}",beard_thin,mvs:small_igloo,10,8,,biomeswevegone:maple_taiga | natures_spirit:alpine_clearings,False,,,biomesoplenty:auroral_garden | biomesoplenty:snowblossom_grove | biomeswevegone:frosted_coniferous_forest | biomeswevegone:shattered_glacier | regions_unexplored:cold_deciduous_forest | regions_unexplored:frozen_pine_taiga | regions_unexplored:icy_heights | regions_unexplored:spires
mvs:small_jungle_lantern,MoogsVoyagerStructures-universal-1.21-5.1.3.jar,data/mvs/worldgen/structure/small_jungle_lantern.json,#c:is_jungle,surface/other,Overworld,surface_structures,"{""absolute"":0}",beard_thin,mvs:small_jungle_lantern,3,3,,,False,,,biomeswevegone:bayou | biomeswevegone:crag_gardens | biomeswevegone:ebony_woods
mvs:small_mangrove_lantern,MoogsVoyagerStructures-universal-1.21-5.1.3.jar,data/mvs/worldgen/structure/small_mangrove_lantern.json,#mvs:primary_wood_type/mangrove,surface/other,Overworld,surface_structures,"{""absolute"":0}",beard_thin,mvs:small_mangrove_lantern,0,2,biomeswevegone:bayou | regions_unexplored:marsh,,True,,,biomeswevegone:bayou | regions_unexplored:marsh
mvs:small_oak_lantern,MoogsVoyagerStructures-universal-1.21-5.1.3.jar,data/mvs/worldgen/structure/small_oak_lantern.json,#c:is_overworld,surface/other,Overworld,surface_structures,"{""absolute"":0}",beard_thin,mvs:small_oak_lantern,40,40,,,False,,,biomesoplenty:auroral_garden | biomesoplenty:highland | biomesoplenty:hot_springs | biomesoplenty:ominous_woods | biomesoplenty:pumpkin_patch | biomesoplenty:snowblossom_grove | biomesoplenty:volcano | biomeswevegone:bayou | biomeswevegone:crag_gardens | biomeswevegone:ebony_woods | biomeswevegone:frosted_coniferous_forest | biomeswevegone:lush_stacks | biomeswevegone:maple_taiga | biomeswevegone:prairie | biomeswevegone:redwood_thicket | biomeswevegone:sakura_grove | biomeswevegone:shattered_glacier | biomeswevegone:skyris_vale | biomeswevegone:weeping_witch_forest | biomeswevegone:zelkova_forest | natures_spirit:alpine_clearings | natures_spirit:floral_ridges | natures_spirit:windswept_sugi_forest | regions_unexplored:ashen_woodland | regions_unexplored:cold_deciduous_forest | regions_unexplored:fen | regions_unexplored:flower_fields | regions_unexplored:frozen_pine_taiga | regions_unexplored:grassland | regions_unexplored:grassy_beach | regions_unexplored:hyacinth_deeps | regions_unexplored:icy_heights | regions_unexplored:maple_forest | regions_unexplored:marsh | regions_unexplored:muddy_river | regions_unexplored:orchard | regions_unexplored:redwoods | regions_unexplored:rocky_meadow | regions_unexplored:rocky_reef | regions_unexplored:spires
mvs:small_oak_pond,MoogsVoyagerStructures-universal-1.21-5.1.3.jar,data/mvs/worldgen/structure/small_oak_pond.json,#c:is_overworld,surface/other,Overworld,surface_structures,"{""absolute"":0}",beard_thin,mvs:small_oak_pond,40,40,,,False,,,biomesoplenty:auroral_garden | biomesoplenty:highland | biomesoplenty:hot_springs | biomesoplenty:ominous_woods | biomesoplenty:pumpkin_patch | biomesoplenty:snowblossom_grove | biomesoplenty:volcano | biomeswevegone:bayou | biomeswevegone:crag_gardens | biomeswevegone:ebony_woods | biomeswevegone:frosted_coniferous_forest | biomeswevegone:lush_stacks | biomeswevegone:maple_taiga | biomeswevegone:prairie | biomeswevegone:redwood_thicket | biomeswevegone:sakura_grove | biomeswevegone:shattered_glacier | biomeswevegone:skyris_vale | biomeswevegone:weeping_witch_forest | biomeswevegone:zelkova_forest | natures_spirit:alpine_clearings | natures_spirit:floral_ridges | natures_spirit:windswept_sugi_forest | regions_unexplored:ashen_woodland | regions_unexplored:cold_deciduous_forest | regions_unexplored:fen | regions_unexplored:flower_fields | regions_unexplored:frozen_pine_taiga | regions_unexplored:grassland | regions_unexplored:grassy_beach | regions_unexplored:hyacinth_deeps | regions_unexplored:icy_heights | regions_unexplored:maple_forest | regions_unexplored:marsh | regions_unexplored:muddy_river | regions_unexplored:orchard | regions_unexplored:redwoods | regions_unexplored:rocky_meadow | regions_unexplored:rocky_reef | regions_unexplored:spires
mvs:small_pillager_tower,MoogsVoyagerStructures-universal-1.21-5.1.3.jar,data/mvs/worldgen/structure/small_pillager_tower.json,#c:is_taiga,surface/other,Overworld,surface_structures,"{""absolute"":0}",beard_thin,mvs:small_pillager_tower,10,10,,,False,,,biomesoplenty:auroral_garden | biomesoplenty:ominous_woods | biomeswevegone:frosted_coniferous_forest | biomeswevegone:maple_taiga | biomeswevegone:redwood_thicket | natures_spirit:windswept_sugi_forest | regions_unexplored:ashen_woodland | regions_unexplored:cold_deciduous_forest | regions_unexplored:frozen_pine_taiga | regions_unexplored:redwoods
mvs:small_ruin,MoogsVoyagerStructures-universal-1.21-5.1.3.jar,data/mvs/worldgen/structure/small_ruin.json,#c:is_overworld,surface/other,Overworld,surface_structures,"{""absolute"":0}",beard_thin,mvs:small_ruin,40,40,,,False,,,biomesoplenty:auroral_garden | biomesoplenty:highland | biomesoplenty:hot_springs | biomesoplenty:ominous_woods | biomesoplenty:pumpkin_patch | biomesoplenty:snowblossom_grove | biomesoplenty:volcano | biomeswevegone:bayou | biomeswevegone:crag_gardens | biomeswevegone:ebony_woods | biomeswevegone:frosted_coniferous_forest | biomeswevegone:lush_stacks | biomeswevegone:maple_taiga | biomeswevegone:prairie | biomeswevegone:redwood_thicket | biomeswevegone:sakura_grove | biomeswevegone:shattered_glacier | biomeswevegone:skyris_vale | biomeswevegone:weeping_witch_forest | biomeswevegone:zelkova_forest | natures_spirit:alpine_clearings | natures_spirit:floral_ridges | natures_spirit:windswept_sugi_forest | regions_unexplored:ashen_woodland | regions_unexplored:cold_deciduous_forest | regions_unexplored:fen | regions_unexplored:flower_fields | regions_unexplored:frozen_pine_taiga | regions_unexplored:grassland | regions_unexplored:grassy_beach | regions_unexplored:hyacinth_deeps | regions_unexplored:icy_heights | regions_unexplored:maple_forest | regions_unexplored:marsh | regions_unexplored:muddy_river | regions_unexplored:orchard | regions_unexplored:redwoods | regions_unexplored:rocky_meadow | regions_unexplored:rocky_reef | regions_unexplored:spires
mvs:small_ship,MoogsVoyagerStructures-universal-1.21-5.1.3.jar,data/mvs/worldgen/structure/small_ship.json,#c:is_ocean,underground,Overworld,surface_structures,"{""absolute"":-1}",none,mvs:small_ship,3,3,,,False,,,biomeswevegone:lush_stacks | regions_unexplored:hyacinth_deeps | regions_unexplored:rocky_reef
mvs:small_spruce_lantern,MoogsVoyagerStructures-universal-1.21-5.1.3.jar,data/mvs/worldgen/structure/small_spruce_lantern.json,#c:is_taiga,surface/other,Overworld,surface_structures,"{""absolute"":0}",beard_thin,mvs:small_spruce_lantern,10,10,,,False,,,biomesoplenty:auroral_garden | biomesoplenty:ominous_woods | biomeswevegone:frosted_coniferous_forest | biomeswevegone:maple_taiga | biomeswevegone:redwood_thicket | natures_spirit:windswept_sugi_forest | regions_unexplored:ashen_woodland | regions_unexplored:cold_deciduous_forest | regions_unexplored:frozen_pine_taiga | regions_unexplored:redwoods
mvs:small_swamp_house,MoogsVoyagerStructures-universal-1.21-5.1.3.jar,data/mvs/worldgen/structure/small_swamp_house.json,#c:is_swamp,surface/other,Overworld,surface_structures,"{""absolute"":0}",beard_thin,mvs:small_swamp_house,4,4,,,False,,,biomesoplenty:hot_springs | biomeswevegone:bayou | regions_unexplored:fen | regions_unexplored:marsh
mvs:small_tower_well,MoogsVoyagerStructures-universal-1.21-5.1.3.jar,data/mvs/worldgen/structure/small_tower_well.json,#c:is_overworld,surface/other,Overworld,surface_structures,"{""absolute"":0}",beard_thin,mvs:other_wells | mvs:small_tower_well,40,40,,,False,,,biomesoplenty:auroral_garden | biomesoplenty:highland | biomesoplenty:hot_springs | biomesoplenty:ominous_woods | biomesoplenty:pumpkin_patch | biomesoplenty:snowblossom_grove | biomesoplenty:volcano | biomeswevegone:bayou | biomeswevegone:crag_gardens | biomeswevegone:ebony_woods | biomeswevegone:frosted_coniferous_forest | biomeswevegone:lush_stacks | biomeswevegone:maple_taiga | biomeswevegone:prairie | biomeswevegone:redwood_thicket | biomeswevegone:sakura_grove | biomeswevegone:shattered_glacier | biomeswevegone:skyris_vale | biomeswevegone:weeping_witch_forest | biomeswevegone:zelkova_forest | natures_spirit:alpine_clearings | natures_spirit:floral_ridges | natures_spirit:windswept_sugi_forest | regions_unexplored:ashen_woodland | regions_unexplored:cold_deciduous_forest | regions_unexplored:fen | regions_unexplored:flower_fields | regions_unexplored:frozen_pine_taiga | regions_unexplored:grassland | regions_unexplored:grassy_beach | regions_unexplored:hyacinth_deeps | regions_unexplored:icy_heights | regions_unexplored:maple_forest | regions_unexplored:marsh | regions_unexplored:muddy_river | regions_unexplored:orchard | regions_unexplored:redwoods | regions_unexplored:rocky_meadow | regions_unexplored:rocky_reef | regions_unexplored:spires
mvs:small_well,MoogsVoyagerStructures-universal-1.21-5.1.3.jar,data/mvs/worldgen/structure/small_well.json,#c:is_overworld,surface/other,Overworld,surface_structures,"{""absolute"":0}",beard_thin,mvs:other_wells,40,40,,,False,,,biomesoplenty:auroral_garden | biomesoplenty:highland | biomesoplenty:hot_springs | biomesoplenty:ominous_woods | biomesoplenty:pumpkin_patch | biomesoplenty:snowblossom_grove | biomesoplenty:volcano | biomeswevegone:bayou | biomeswevegone:crag_gardens | biomeswevegone:ebony_woods | biomeswevegone:frosted_coniferous_forest | biomeswevegone:lush_stacks | biomeswevegone:maple_taiga | biomeswevegone:prairie | biomeswevegone:redwood_thicket | biomeswevegone:sakura_grove | biomeswevegone:shattered_glacier | biomeswevegone:skyris_vale | biomeswevegone:weeping_witch_forest | biomeswevegone:zelkova_forest | natures_spirit:alpine_clearings | natures_spirit:floral_ridges | natures_spirit:windswept_sugi_forest | regions_unexplored:ashen_woodland | regions_unexplored:cold_deciduous_forest | regions_unexplored:fen | regions_unexplored:flower_fields | regions_unexplored:frozen_pine_taiga | regions_unexplored:grassland | regions_unexplored:grassy_beach | regions_unexplored:hyacinth_deeps | regions_unexplored:icy_heights | regions_unexplored:maple_forest | regions_unexplored:marsh | regions_unexplored:muddy_river | regions_unexplored:orchard | regions_unexplored:redwoods | regions_unexplored:rocky_meadow | regions_unexplored:rocky_reef | regions_unexplored:spires
mvs:snowy_dog_hut,MoogsVoyagerStructures-universal-1.21-5.1.3.jar,data/mvs/worldgen/structure/snowy_dog_hut.json,#c:is_snowy,surface/other,Overworld,surface_structures,"{""absolute"":0}",beard_thin,mvs:snowy_dog_hut,10,8,,biomeswevegone:maple_taiga | natures_spirit:alpine_clearings,False,,,biomesoplenty:auroral_garden | biomesoplenty:snowblossom_grove | biomeswevegone:frosted_coniferous_forest | biomeswevegone:shattered_glacier | regions_unexplored:cold_deciduous_forest | regions_unexplored:frozen_pine_taiga | regions_unexplored:icy_heights | regions_unexplored:spires
mvs:snowy_fossil,MoogsVoyagerStructures-universal-1.21-5.1.3.jar,data/mvs/worldgen/structure/snowy_fossil.json,#c:is_snowy,surface/other,Overworld,surface_structures,"{""absolute"":0}",beard_thin,mvs:snowy_fossil,10,8,,biomeswevegone:maple_taiga | natures_spirit:alpine_clearings,False,,,biomesoplenty:auroral_garden | biomesoplenty:snowblossom_grove | biomeswevegone:frosted_coniferous_forest | biomeswevegone:shattered_glacier | regions_unexplored:cold_deciduous_forest | regions_unexplored:frozen_pine_taiga | regions_unexplored:icy_heights | regions_unexplored:spires
mvs:snowy_well,MoogsVoyagerStructures-universal-1.21-5.1.3.jar,data/mvs/worldgen/structure/snowy_well.json,#c:is_snowy,surface/other,Overworld,surface_structures,"{""absolute"":0}",beard_thin,mvs:other_wells,10,8,,biomeswevegone:maple_taiga | natures_spirit:alpine_clearings,False,,,biomesoplenty:auroral_garden | biomesoplenty:snowblossom_grove | biomeswevegone:frosted_coniferous_forest | biomeswevegone:shattered_glacier | regions_unexplored:cold_deciduous_forest | regions_unexplored:frozen_pine_taiga | regions_unexplored:icy_heights | regions_unexplored:spires
mvs:spruce_log_pile,MoogsVoyagerStructures-universal-1.21-5.1.3.jar,data/mvs/worldgen/structure/spruce_log_pile.json,#c:is_taiga,surface/other,Overworld,surface_structures,"{""absolute"":0}",beard_thin,mvs:spruce_log_pile,10,10,,,False,,,biomesoplenty:auroral_garden | biomesoplenty:ominous_woods | biomeswevegone:frosted_coniferous_forest | biomeswevegone:maple_taiga | biomeswevegone:redwood_thicket | natures_spirit:windswept_sugi_forest | regions_unexplored:ashen_woodland | regions_unexplored:cold_deciduous_forest | regions_unexplored:frozen_pine_taiga | regions_unexplored:redwoods
mvs:spruce_tree,MoogsVoyagerStructures-universal-1.21-5.1.3.jar,data/mvs/worldgen/structure/spruce_tree.json,#c:is_taiga,surface/other,Overworld,surface_structures,"{""absolute"":0}",beard_thin,mvs:spruce_tree,10,10,,,False,,,biomesoplenty:auroral_garden | biomesoplenty:ominous_woods | biomeswevegone:frosted_coniferous_forest | biomeswevegone:maple_taiga | biomeswevegone:redwood_thicket | natures_spirit:windswept_sugi_forest | regions_unexplored:ashen_woodland | regions_unexplored:cold_deciduous_forest | regions_unexplored:frozen_pine_taiga | regions_unexplored:redwoods
mvs:spruce_well,MoogsVoyagerStructures-universal-1.21-5.1.3.jar,data/mvs/worldgen/structure/spruce_well.json,#c:is_taiga,surface/other,Overworld,surface_structures,"{""absolute"":0}",beard_thin,mvs:other_wells,10,10,,,False,,,biomesoplenty:auroral_garden | biomesoplenty:ominous_woods | biomeswevegone:frosted_coniferous_forest | biomeswevegone:maple_taiga | biomeswevegone:redwood_thicket | natures_spirit:windswept_sugi_forest | regions_unexplored:ashen_woodland | regions_unexplored:cold_deciduous_forest | regions_unexplored:frozen_pine_taiga | regions_unexplored:redwoods
mvs:statue_ruins,MoogsVoyagerStructures-universal-1.21-5.1.3.jar,data/mvs/worldgen/structure/statue_ruins.json,#c:is_overworld,surface/other,Overworld,surface_structures,"{""absolute"":0}",beard_thin,mvs:statue_ruins,40,40,,,False,,,biomesoplenty:auroral_garden | biomesoplenty:highland | biomesoplenty:hot_springs | biomesoplenty:ominous_woods | biomesoplenty:pumpkin_patch | biomesoplenty:snowblossom_grove | biomesoplenty:volcano | biomeswevegone:bayou | biomeswevegone:crag_gardens | biomeswevegone:ebony_woods | biomeswevegone:frosted_coniferous_forest | biomeswevegone:lush_stacks | biomeswevegone:maple_taiga | biomeswevegone:prairie | biomeswevegone:redwood_thicket | biomeswevegone:sakura_grove | biomeswevegone:shattered_glacier | biomeswevegone:skyris_vale | biomeswevegone:weeping_witch_forest | biomeswevegone:zelkova_forest | natures_spirit:alpine_clearings | natures_spirit:floral_ridges | natures_spirit:windswept_sugi_forest | regions_unexplored:ashen_woodland | regions_unexplored:cold_deciduous_forest | regions_unexplored:fen | regions_unexplored:flower_fields | regions_unexplored:frozen_pine_taiga | regions_unexplored:grassland | regions_unexplored:grassy_beach | regions_unexplored:hyacinth_deeps | regions_unexplored:icy_heights | regions_unexplored:maple_forest | regions_unexplored:marsh | regions_unexplored:muddy_river | regions_unexplored:orchard | regions_unexplored:redwoods | regions_unexplored:rocky_meadow | regions_unexplored:rocky_reef | regions_unexplored:spires
mvs:stone_fountain,MoogsVoyagerStructures-universal-1.21-5.1.3.jar,data/mvs/worldgen/structure/stone_fountain.json,#c:is_overworld,surface/other,Overworld,surface_structures,"{""absolute"":0}",beard_thin,mvs:stone_fountain,40,40,,,False,,,biomesoplenty:auroral_garden | biomesoplenty:highland | biomesoplenty:hot_springs | biomesoplenty:ominous_woods | biomesoplenty:pumpkin_patch | biomesoplenty:snowblossom_grove | biomesoplenty:volcano | biomeswevegone:bayou | biomeswevegone:crag_gardens | biomeswevegone:ebony_woods | biomeswevegone:frosted_coniferous_forest | biomeswevegone:lush_stacks | biomeswevegone:maple_taiga | biomeswevegone:prairie | biomeswevegone:redwood_thicket | biomeswevegone:sakura_grove | biomeswevegone:shattered_glacier | biomeswevegone:skyris_vale | biomeswevegone:weeping_witch_forest | biomeswevegone:zelkova_forest | natures_spirit:alpine_clearings | natures_spirit:floral_ridges | natures_spirit:windswept_sugi_forest | regions_unexplored:ashen_woodland | regions_unexplored:cold_deciduous_forest | regions_unexplored:fen | regions_unexplored:flower_fields | regions_unexplored:frozen_pine_taiga | regions_unexplored:grassland | regions_unexplored:grassy_beach | regions_unexplored:hyacinth_deeps | regions_unexplored:icy_heights | regions_unexplored:maple_forest | regions_unexplored:marsh | regions_unexplored:muddy_river | regions_unexplored:orchard | regions_unexplored:redwoods | regions_unexplored:rocky_meadow | regions_unexplored:rocky_reef | regions_unexplored:spires
mvs:stone_pillars,MoogsVoyagerStructures-universal-1.21-5.1.3.jar,data/mvs/worldgen/structure/stone_pillars.json,#c:is_overworld,surface/other,Overworld,surface_structures,"{""absolute"":0}",beard_thin,mvs:stone_pillars,40,40,,,False,,,biomesoplenty:auroral_garden | biomesoplenty:highland | biomesoplenty:hot_springs | biomesoplenty:ominous_woods | biomesoplenty:pumpkin_patch | biomesoplenty:snowblossom_grove | biomesoplenty:volcano | biomeswevegone:bayou | biomeswevegone:crag_gardens | biomeswevegone:ebony_woods | biomeswevegone:frosted_coniferous_forest | biomeswevegone:lush_stacks | biomeswevegone:maple_taiga | biomeswevegone:prairie | biomeswevegone:redwood_thicket | biomeswevegone:sakura_grove | biomeswevegone:shattered_glacier | biomeswevegone:skyris_vale | biomeswevegone:weeping_witch_forest | biomeswevegone:zelkova_forest | natures_spirit:alpine_clearings | natures_spirit:floral_ridges | natures_spirit:windswept_sugi_forest | regions_unexplored:ashen_woodland | regions_unexplored:cold_deciduous_forest | regions_unexplored:fen | regions_unexplored:flower_fields | regions_unexplored:frozen_pine_taiga | regions_unexplored:grassland | regions_unexplored:grassy_beach | regions_unexplored:hyacinth_deeps | regions_unexplored:icy_heights | regions_unexplored:maple_forest | regions_unexplored:marsh | regions_unexplored:muddy_river | regions_unexplored:orchard | regions_unexplored:redwoods | regions_unexplored:rocky_meadow | regions_unexplored:rocky_reef | regions_unexplored:spires
mvs:stone_rock,MoogsVoyagerStructures-universal-1.21-5.1.3.jar,data/mvs/worldgen/structure/stone_rock.json,#c:is_taiga,surface/other,Overworld,surface_structures,"{""absolute"":0}",beard_thin,mvs:stone_rock,10,10,,,False,,,biomesoplenty:auroral_garden | biomesoplenty:ominous_woods | biomeswevegone:frosted_coniferous_forest | biomeswevegone:maple_taiga | biomeswevegone:redwood_thicket | natures_spirit:windswept_sugi_forest | regions_unexplored:ashen_woodland | regions_unexplored:cold_deciduous_forest | regions_unexplored:frozen_pine_taiga | regions_unexplored:redwoods
mvs:sunzi_gate,MoogsVoyagerStructures-universal-1.21-5.1.3.jar,data/mvs/worldgen/structure/sunzi_gate.json,#c:is_overworld,surface/other,Overworld,surface_structures,"{""absolute"":0}",beard_thin,mvs:sunzi_gate,40,40,,,False,,,biomesoplenty:auroral_garden | biomesoplenty:highland | biomesoplenty:hot_springs | biomesoplenty:ominous_woods | biomesoplenty:pumpkin_patch | biomesoplenty:snowblossom_grove | biomesoplenty:volcano | biomeswevegone:bayou | biomeswevegone:crag_gardens | biomeswevegone:ebony_woods | biomeswevegone:frosted_coniferous_forest | biomeswevegone:lush_stacks | biomeswevegone:maple_taiga | biomeswevegone:prairie | biomeswevegone:redwood_thicket | biomeswevegone:sakura_grove | biomeswevegone:shattered_glacier | biomeswevegone:skyris_vale | biomeswevegone:weeping_witch_forest | biomeswevegone:zelkova_forest | natures_spirit:alpine_clearings | natures_spirit:floral_ridges | natures_spirit:windswept_sugi_forest | regions_unexplored:ashen_woodland | regions_unexplored:cold_deciduous_forest | regions_unexplored:fen | regions_unexplored:flower_fields | regions_unexplored:frozen_pine_taiga | regions_unexplored:grassland | regions_unexplored:grassy_beach | regions_unexplored:hyacinth_deeps | regions_unexplored:icy_heights | regions_unexplored:maple_forest | regions_unexplored:marsh | regions_unexplored:muddy_river | regions_unexplored:orchard | regions_unexplored:redwoods | regions_unexplored:rocky_meadow | regions_unexplored:rocky_reef | regions_unexplored:spires
mvs:tall_house,MoogsVoyagerStructures-universal-1.21-5.1.3.jar,data/mvs/worldgen/structure/tall_house.json,#c:is_overworld,surface/other,Overworld,surface_structures,"{""absolute"":0}",beard_thin,mvs:tall_house,40,40,,,False,,,biomesoplenty:auroral_garden | biomesoplenty:highland | biomesoplenty:hot_springs | biomesoplenty:ominous_woods | biomesoplenty:pumpkin_patch | biomesoplenty:snowblossom_grove | biomesoplenty:volcano | biomeswevegone:bayou | biomeswevegone:crag_gardens | biomeswevegone:ebony_woods | biomeswevegone:frosted_coniferous_forest | biomeswevegone:lush_stacks | biomeswevegone:maple_taiga | biomeswevegone:prairie | biomeswevegone:redwood_thicket | biomeswevegone:sakura_grove | biomeswevegone:shattered_glacier | biomeswevegone:skyris_vale | biomeswevegone:weeping_witch_forest | biomeswevegone:zelkova_forest | natures_spirit:alpine_clearings | natures_spirit:floral_ridges | natures_spirit:windswept_sugi_forest | regions_unexplored:ashen_woodland | regions_unexplored:cold_deciduous_forest | regions_unexplored:fen | regions_unexplored:flower_fields | regions_unexplored:frozen_pine_taiga | regions_unexplored:grassland | regions_unexplored:grassy_beach | regions_unexplored:hyacinth_deeps | regions_unexplored:icy_heights | regions_unexplored:maple_forest | regions_unexplored:marsh | regions_unexplored:muddy_river | regions_unexplored:orchard | regions_unexplored:redwoods | regions_unexplored:rocky_meadow | regions_unexplored:rocky_reef | regions_unexplored:spires
mvs:tree_monument,MoogsVoyagerStructures-universal-1.21-5.1.3.jar,data/mvs/worldgen/structure/tree_monument.json,#c:is_overworld,surface/other,Overworld,surface_structures,"{""absolute"":0}",beard_thin,mvs:tree_monument,40,40,,,False,,,biomesoplenty:auroral_garden | biomesoplenty:highland | biomesoplenty:hot_springs | biomesoplenty:ominous_woods | biomesoplenty:pumpkin_patch | biomesoplenty:snowblossom_grove | biomesoplenty:volcano | biomeswevegone:bayou | biomeswevegone:crag_gardens | biomeswevegone:ebony_woods | biomeswevegone:frosted_coniferous_forest | biomeswevegone:lush_stacks | biomeswevegone:maple_taiga | biomeswevegone:prairie | biomeswevegone:redwood_thicket | biomeswevegone:sakura_grove | biomeswevegone:shattered_glacier | biomeswevegone:skyris_vale | biomeswevegone:weeping_witch_forest | biomeswevegone:zelkova_forest | natures_spirit:alpine_clearings | natures_spirit:floral_ridges | natures_spirit:windswept_sugi_forest | regions_unexplored:ashen_woodland | regions_unexplored:cold_deciduous_forest | regions_unexplored:fen | regions_unexplored:flower_fields | regions_unexplored:frozen_pine_taiga | regions_unexplored:grassland | regions_unexplored:grassy_beach | regions_unexplored:hyacinth_deeps | regions_unexplored:icy_heights | regions_unexplored:maple_forest | regions_unexplored:marsh | regions_unexplored:muddy_river | regions_unexplored:orchard | regions_unexplored:redwoods | regions_unexplored:rocky_meadow | regions_unexplored:rocky_reef | regions_unexplored:spires
mvs:villager_statue,MoogsVoyagerStructures-universal-1.21-5.1.3.jar,data/mvs/worldgen/structure/villager_statue.json,#c:is_overworld,surface/other,Overworld,surface_structures,"{""absolute"":0}",beard_thin,mvs:villager_statue,40,40,,,False,,,biomesoplenty:auroral_garden | biomesoplenty:highland | biomesoplenty:hot_springs | biomesoplenty:ominous_woods | biomesoplenty:pumpkin_patch | biomesoplenty:snowblossom_grove | biomesoplenty:volcano | biomeswevegone:bayou | biomeswevegone:crag_gardens | biomeswevegone:ebony_woods | biomeswevegone:frosted_coniferous_forest | biomeswevegone:lush_stacks | biomeswevegone:maple_taiga | biomeswevegone:prairie | biomeswevegone:redwood_thicket | biomeswevegone:sakura_grove | biomeswevegone:shattered_glacier | biomeswevegone:skyris_vale | biomeswevegone:weeping_witch_forest | biomeswevegone:zelkova_forest | natures_spirit:alpine_clearings | natures_spirit:floral_ridges | natures_spirit:windswept_sugi_forest | regions_unexplored:ashen_woodland | regions_unexplored:cold_deciduous_forest | regions_unexplored:fen | regions_unexplored:flower_fields | regions_unexplored:frozen_pine_taiga | regions_unexplored:grassland | regions_unexplored:grassy_beach | regions_unexplored:hyacinth_deeps | regions_unexplored:icy_heights | regions_unexplored:maple_forest | regions_unexplored:marsh | regions_unexplored:muddy_river | regions_unexplored:orchard | regions_unexplored:redwoods | regions_unexplored:rocky_meadow | regions_unexplored:rocky_reef | regions_unexplored:spires
mvs:warped_house,MoogsVoyagerStructures-universal-1.21-5.1.3.jar,data/mvs/worldgen/structure/warped_house.json,#c:is_overworld,surface/other,Overworld,surface_structures,"{""absolute"":0}",beard_thin,mvs:warped_house,40,40,,,False,,,biomesoplenty:auroral_garden | biomesoplenty:highland | biomesoplenty:hot_springs | biomesoplenty:ominous_woods | biomesoplenty:pumpkin_patch | biomesoplenty:snowblossom_grove | biomesoplenty:volcano | biomeswevegone:bayou | biomeswevegone:crag_gardens | biomeswevegone:ebony_woods | biomeswevegone:frosted_coniferous_forest | biomeswevegone:lush_stacks | biomeswevegone:maple_taiga | biomeswevegone:prairie | biomeswevegone:redwood_thicket | biomeswevegone:sakura_grove | biomeswevegone:shattered_glacier | biomeswevegone:skyris_vale | biomeswevegone:weeping_witch_forest | biomeswevegone:zelkova_forest | natures_spirit:alpine_clearings | natures_spirit:floral_ridges | natures_spirit:windswept_sugi_forest | regions_unexplored:ashen_woodland | regions_unexplored:cold_deciduous_forest | regions_unexplored:fen | regions_unexplored:flower_fields | regions_unexplored:frozen_pine_taiga | regions_unexplored:grassland | regions_unexplored:grassy_beach | regions_unexplored:hyacinth_deeps | regions_unexplored:icy_heights | regions_unexplored:maple_forest | regions_unexplored:marsh | regions_unexplored:muddy_river | regions_unexplored:orchard | regions_unexplored:redwoods | regions_unexplored:rocky_meadow | regions_unexplored:rocky_reef | regions_unexplored:spires
mvs:well,MoogsVoyagerStructures-universal-1.21-5.1.3.jar,data/mvs/worldgen/structure/well.json,#c:is_overworld,surface/other,Overworld,surface_structures,"{""absolute"":0}",beard_thin,mvs:other_wells,40,40,,,False,,,biomesoplenty:auroral_garden | biomesoplenty:highland | biomesoplenty:hot_springs | biomesoplenty:ominous_woods | biomesoplenty:pumpkin_patch | biomesoplenty:snowblossom_grove | biomesoplenty:volcano | biomeswevegone:bayou | biomeswevegone:crag_gardens | biomeswevegone:ebony_woods | biomeswevegone:frosted_coniferous_forest | biomeswevegone:lush_stacks | biomeswevegone:maple_taiga | biomeswevegone:prairie | biomeswevegone:redwood_thicket | biomeswevegone:sakura_grove | biomeswevegone:shattered_glacier | biomeswevegone:skyris_vale | biomeswevegone:weeping_witch_forest | biomeswevegone:zelkova_forest | natures_spirit:alpine_clearings | natures_spirit:floral_ridges | natures_spirit:windswept_sugi_forest | regions_unexplored:ashen_woodland | regions_unexplored:cold_deciduous_forest | regions_unexplored:fen | regions_unexplored:flower_fields | regions_unexplored:frozen_pine_taiga | regions_unexplored:grassland | regions_unexplored:grassy_beach | regions_unexplored:hyacinth_deeps | regions_unexplored:icy_heights | regions_unexplored:maple_forest | regions_unexplored:marsh | regions_unexplored:muddy_river | regions_unexplored:orchard | regions_unexplored:redwoods | regions_unexplored:rocky_meadow | regions_unexplored:rocky_reef | regions_unexplored:spires
mvs:wheat_grain_bin,MoogsVoyagerStructures-universal-1.21-5.1.3.jar,data/mvs/worldgen/structure/wheat_grain_bin.json,#c:is_overworld,surface/other,Overworld,surface_structures,"{""absolute"":0}",beard_thin,mvs:wheat_grain_bin,40,40,,,False,,,biomesoplenty:auroral_garden | biomesoplenty:highland | biomesoplenty:hot_springs | biomesoplenty:ominous_woods | biomesoplenty:pumpkin_patch | biomesoplenty:snowblossom_grove | biomesoplenty:volcano | biomeswevegone:bayou | biomeswevegone:crag_gardens | biomeswevegone:ebony_woods | biomeswevegone:frosted_coniferous_forest | biomeswevegone:lush_stacks | biomeswevegone:maple_taiga | biomeswevegone:prairie | biomeswevegone:redwood_thicket | biomeswevegone:sakura_grove | biomeswevegone:shattered_glacier | biomeswevegone:skyris_vale | biomeswevegone:weeping_witch_forest | biomeswevegone:zelkova_forest | natures_spirit:alpine_clearings | natures_spirit:floral_ridges | natures_spirit:windswept_sugi_forest | regions_unexplored:ashen_woodland | regions_unexplored:cold_deciduous_forest | regions_unexplored:fen | regions_unexplored:flower_fields | regions_unexplored:frozen_pine_taiga | regions_unexplored:grassland | regions_unexplored:grassy_beach | regions_unexplored:hyacinth_deeps | regions_unexplored:icy_heights | regions_unexplored:maple_forest | regions_unexplored:marsh | regions_unexplored:muddy_river | regions_unexplored:orchard | regions_unexplored:redwoods | regions_unexplored:rocky_meadow | regions_unexplored:rocky_reef | regions_unexplored:spires
mvs:windmill,MoogsVoyagerStructures-universal-1.21-5.1.3.jar,data/mvs/worldgen/structure/windmill.json,#c:is_overworld,surface/other,Overworld,surface_structures,"{""absolute"":0}",beard_thin,mvs:windmill,40,40,,,False,,,biomesoplenty:auroral_garden | biomesoplenty:highland | biomesoplenty:hot_springs | biomesoplenty:ominous_woods | biomesoplenty:pumpkin_patch | biomesoplenty:snowblossom_grove | biomesoplenty:volcano | biomeswevegone:bayou | biomeswevegone:crag_gardens | biomeswevegone:ebony_woods | biomeswevegone:frosted_coniferous_forest | biomeswevegone:lush_stacks | biomeswevegone:maple_taiga | biomeswevegone:prairie | biomeswevegone:redwood_thicket | biomeswevegone:sakura_grove | biomeswevegone:shattered_glacier | biomeswevegone:skyris_vale | biomeswevegone:weeping_witch_forest | biomeswevegone:zelkova_forest | natures_spirit:alpine_clearings | natures_spirit:floral_ridges | natures_spirit:windswept_sugi_forest | regions_unexplored:ashen_woodland | regions_unexplored:cold_deciduous_forest | regions_unexplored:fen | regions_unexplored:flower_fields | regions_unexplored:frozen_pine_taiga | regions_unexplored:grassland | regions_unexplored:grassy_beach | regions_unexplored:hyacinth_deeps | regions_unexplored:icy_heights | regions_unexplored:maple_forest | regions_unexplored:marsh | regions_unexplored:muddy_river | regions_unexplored:orchard | regions_unexplored:redwoods | regions_unexplored:rocky_meadow | regions_unexplored:rocky_reef | regions_unexplored:spires
mvs:wooden_wheat_farm,MoogsVoyagerStructures-universal-1.21-5.1.3.jar,data/mvs/worldgen/structure/wooden_wheat_farm.json,#c:is_overworld,surface/other,Overworld,surface_structures,"{""absolute"":0}",beard_thin,mvs:wooden_wheat_farm,40,40,,,False,,,biomesoplenty:auroral_garden | biomesoplenty:highland | biomesoplenty:hot_springs | biomesoplenty:ominous_woods | biomesoplenty:pumpkin_patch | biomesoplenty:snowblossom_grove | biomesoplenty:volcano | biomeswevegone:bayou | biomeswevegone:crag_gardens | biomeswevegone:ebony_woods | biomeswevegone:frosted_coniferous_forest | biomeswevegone:lush_stacks | biomeswevegone:maple_taiga | biomeswevegone:prairie | biomeswevegone:redwood_thicket | biomeswevegone:sakura_grove | biomeswevegone:shattered_glacier | biomeswevegone:skyris_vale | biomeswevegone:weeping_witch_forest | biomeswevegone:zelkova_forest | natures_spirit:alpine_clearings | natures_spirit:floral_ridges | natures_spirit:windswept_sugi_forest | regions_unexplored:ashen_woodland | regions_unexplored:cold_deciduous_forest | regions_unexplored:fen | regions_unexplored:flower_fields | regions_unexplored:frozen_pine_taiga | regions_unexplored:grassland | regions_unexplored:grassy_beach | regions_unexplored:hyacinth_deeps | regions_unexplored:icy_heights | regions_unexplored:maple_forest | regions_unexplored:marsh | regions_unexplored:muddy_river | regions_unexplored:orchard | regions_unexplored:redwoods | regions_unexplored:rocky_meadow | regions_unexplored:rocky_reef | regions_unexplored:spires
natures_spirit:village_adobe,natures_spirit-2.2.5-1.21.1.jar,data/natures_spirit/worldgen/structure/village_adobe.json,#natures_spirit:is_adobe,surface/other,Other/undetermined,surface_structures,"{""absolute"":0}",beard_box,minecraft:villages,0,0,,,False,,,
natures_spirit:village_coconut,natures_spirit-2.2.5-1.21.1.jar,data/natures_spirit/worldgen/structure/village_coconut.json,natures_spirit:tropical_shores,surface/other,Other/undetermined,surface_structures,"{""absolute"":1}",beard_thin,minecraft:villages,0,0,,,False,,,
natures_spirit:village_cypress,natures_spirit-2.2.5-1.21.1.jar,data/natures_spirit/worldgen/structure/village_cypress.json,#natures_spirit:is_cypress,surface/other,Other/undetermined,surface_structures,"{""absolute"":0}",beard_thin,minecraft:villages,0,0,,,False,,,
natures_spirit:village_wisteria,natures_spirit-2.2.5-1.21.1.jar,data/natures_spirit/worldgen/structure/village_wisteria.json,natures_spirit:wisteria_forest,surface/other,Other/undetermined,surface_structures,"{""absolute"":0}",beard_thin,minecraft:villages,0,0,,,False,,,
nova_structures:badlands_miner_outpost,dungeons-and-taverns-v4.4.4 [NeoForge].jar,data/nova_structures/worldgen/structure/badlands_miner_outpost.json,#nova_structures:collections/badlands,surface/other,Other/undetermined,surface_structures,"{""absolute"":0}",beard_box,nova_structures:badlands_miner_outpost,0,0,,,False,c:badlands | c:in_mesa | forge:is_badlands | forge:is_mesa,c:badlands | c:in_mesa | forge:is_badlands | forge:is_mesa,
nova_structures:bunker,dungeons-and-taverns-v4.4.4 [NeoForge].jar,data/nova_structures/worldgen/structure/bunker.json,#nova_structures:collections/land,surface/other,Overworld,surface_structures,"{""absolute"":0}",none,nova_structures:bunker,32,32,,,False,byg:is_floral | byg:is_icy | c:badlands | c:beach | c:caves | c:desert | c:extreme_hills | c:floral | c:flower_forests | c:forest | c:in_jungle | c:in_mesa | c:mountain | c:mountain_peak | c:mountain_slope | c:mushroom | c:plains | c:savanna | c:snowy_plains | c:swamp | c:underground | clifftree:all_caves | clifftree:birch_forests | forge:is_badlands | forge:is_beach | forge:is_desert | forge:is_forest | forge:is_hills | forge:is_icy | forge:is_jungle | forge:is_mesa | forge:is_mushroom | forge:is_peak | forge:is_savanna | forge:is_swamp | forge:is_underground,byg:is_floral | byg:is_icy | c:badlands | c:caves | c:desert | c:floral | c:in_jungle | c:in_mesa | c:mushroom | c:plains | c:savanna | c:snowy_plains | c:underground | clifftree:all_caves | clifftree:birch_forests | forge:is_badlands | forge:is_desert | forge:is_mesa | forge:is_mushroom | forge:is_savanna | forge:is_underground,biomesoplenty:auroral_garden | biomesoplenty:highland | biomesoplenty:hot_springs | biomesoplenty:ominous_woods | biomesoplenty:pumpkin_patch | biomesoplenty:snowblossom_grove | biomesoplenty:volcano | biomeswevegone:bayou | biomeswevegone:crag_gardens | biomeswevegone:ebony_woods | biomeswevegone:frosted_coniferous_forest | biomeswevegone:redwood_thicket | biomeswevegone:sakura_grove | biomeswevegone:shattered_glacier | biomeswevegone:skyris_vale | biomeswevegone:weeping_witch_forest | biomeswevegone:zelkova_forest | natures_spirit:alpine_clearings | natures_spirit:floral_ridges | natures_spirit:windswept_sugi_forest | regions_unexplored:ashen_woodland | regions_unexplored:cold_deciduous_forest | regions_unexplored:fen | regions_unexplored:flower_fields | regions_unexplored:grassy_beach | regions_unexplored:icy_heights | regions_unexplored:maple_forest | regions_unexplored:marsh | regions_unexplored:orchard | regions_unexplored:redwoods | regions_unexplored:rocky_meadow | regions_unexplored:spires
nova_structures:conduit_ruin,dungeons-and-taverns-v4.4.4 [NeoForge].jar,data/nova_structures/worldgen/structure/conduit_ruin.json,#nova_structures:collections/oceans,ocean/river,Overworld,surface_structures,"{""absolute"":0}",none,nova_structures:conduit_ruin,3,3,,,False,c:deep_ocean | c:ocean | c:shallow_ocean | forge:is_ocean,c:deep_ocean,biomeswevegone:lush_stacks | regions_unexplored:hyacinth_deeps | regions_unexplored:rocky_reef
nova_structures:creeping_crypt,dungeons-and-taverns-v4.4.4 [NeoForge].jar,data/nova_structures/worldgen/structure/creeping_crypt.json,#nova_structures:collections/taiga,surface/other,Other/undetermined,surface_structures,"{""absolute"":0}",none,nova_structures:creeping_crypt,0,0,,,False,,,
nova_structures:deepslate_camp,dungeons-and-taverns-v4.4.4 [NeoForge].jar,data/nova_structures/worldgen/structure/deepslate_camp.json,#nova_structures:collections/stronghold_related_ruins_biomes,underground,Overworld,underground_structures,"{""max_inclusive"":{""absolute"":0},""min_inclusive"":{""absolute"":-50},""type"":""minecraft:uniform""}",none,nova_structures:deepslate_camp,24,24,,,False,c:dead | c:forest | c:plains | forge:is_dead | forge:is_forest | forge:is_spooky,c:dead | c:plains | forge:is_dead | forge:is_spooky,biomesoplenty:auroral_garden | biomesoplenty:hot_springs | biomesoplenty:ominous_woods | biomesoplenty:pumpkin_patch | biomesoplenty:snowblossom_grove | biomeswevegone:ebony_woods | biomeswevegone:frosted_coniferous_forest | biomeswevegone:maple_taiga | biomeswevegone:redwood_thicket | biomeswevegone:sakura_grove | biomeswevegone:skyris_vale | biomeswevegone:weeping_witch_forest | biomeswevegone:zelkova_forest | natures_spirit:floral_ridges | natures_spirit:windswept_sugi_forest | regions_unexplored:ashen_woodland | regions_unexplored:cold_deciduous_forest | regions_unexplored:frozen_pine_taiga | regions_unexplored:grassland | regions_unexplored:icy_heights | regions_unexplored:maple_forest | regions_unexplored:orchard | regions_unexplored:redwoods | regions_unexplored:spires
nova_structures:desert_ruins,dungeons-and-taverns-v4.4.4 [NeoForge].jar,data/nova_structures/worldgen/structure/desert_ruins.json,#nova_structures:collections/deserts,surface/other,Other/undetermined,surface_structures,"{""absolute"":0}",beard_box,nova_structures:desert_ruins,0,0,,,False,c:desert | forge:is_desert,c:desert | forge:is_desert,
nova_structures:end_castle,dungeons-and-taverns-v4.4.4 [NeoForge].jar,data/nova_structures/worldgen/structure/end_castle.json,#nova_structures:collections/end,surface/other,End,surface_structures,"{""max_inclusive"":{""absolute"":159},""min_inclusive"":{""absolute"":158},""type"":""minecraft:uniform""}",none,nova_structures:end_castle,0,0,,,False,c:end_islands | c:in_the_end | forge:is_end,c:end_islands | c:in_the_end | forge:is_end,
nova_structures:end_lighthouse,dungeons-and-taverns-v4.4.4 [NeoForge].jar,data/nova_structures/worldgen/structure/end_lighthouse.json,#minecraft:has_structure/end_city,surface/other,End,surface_structures,"{""max_inclusive"":{""absolute"":78},""min_inclusive"":{""absolute"":64},""type"":""minecraft:uniform""}",none,nova_structures:end_lighthouses,0,0,,,False,,,
nova_structures:end_ship,dungeons-and-taverns-v4.4.4 [NeoForge].jar,data/nova_structures/worldgen/structure/end_ship.json,#nova_structures:collections/outer_end,surface/other,End,surface_structures,"{""max_inclusive"":{""absolute"":159},""min_inclusive"":{""absolute"":80},""type"":""minecraft:uniform""}",none,nova_structures:end_ship,0,0,,,False,c:end_islands,c:end_islands,
nova_structures:firewatch_tower_birch,dungeons-and-taverns-v4.4.4 [NeoForge].jar,data/nova_structures/worldgen/structure/firewatch_tower_birch.json,#nova_structures:collections/birch_forests,surface/other,Other/undetermined,surface_structures,"{""absolute"":0}",beard_box,nova_structures:firewatch_towers,0,0,,,False,clifftree:birch_forests,clifftree:birch_forests,
nova_structures:firewatch_tower_cherry,dungeons-and-taverns-v4.4.4 [NeoForge].jar,data/nova_structures/worldgen/structure/firewatch_tower_cherry.json,#nova_structures:collections/cherry_forests,surface/other,Other/undetermined,surface_structures,"{""absolute"":0}",beard_box,nova_structures:firewatch_towers,0,0,,,False,,,
nova_structures:firewatch_tower_dark_oak,dungeons-and-taverns-v4.4.4 [NeoForge].jar,data/nova_structures/worldgen/structure/firewatch_tower_dark_oak.json,#nova_structures:collections/spooky_forests,surface/other,Overworld,surface_structures,"{""absolute"":0}",beard_box,nova_structures:firewatch_towers,3,3,,,False,c:dead | forge:is_dead | forge:is_spooky,c:dead | forge:is_dead | forge:is_spooky,biomesoplenty:ominous_woods | regions_unexplored:maple_forest | regions_unexplored:redwoods
nova_structures:firewatch_tower_forest,dungeons-and-taverns-v4.4.4 [NeoForge].jar,data/nova_structures/worldgen/structure/firewatch_tower_forest.json,"[""minecraft:forest""]",surface/other,Overworld,surface_structures,"{""absolute"":0}",beard_box,nova_structures:firewatch_towers,0,0,,,True,,,
nova_structures:firewatch_tower_jungle,dungeons-and-taverns-v4.4.4 [NeoForge].jar,data/nova_structures/worldgen/structure/firewatch_tower_jungle.json,#nova_structures:collections/jungles,surface/other,Overworld,surface_structures,"{""absolute"":0}",beard_box,nova_structures:firewatch_towers,3,3,,,False,c:in_jungle | forge:is_jungle,c:in_jungle,biomeswevegone:bayou | biomeswevegone:crag_gardens | biomeswevegone:ebony_woods
nova_structures:firewatch_tower_mangrove,dungeons-and-taverns-v4.4.4 [NeoForge].jar,data/nova_structures/worldgen/structure/firewatch_tower_mangrove.json,"[""minecraft:mangrove_swamp""]",surface/other,Other/undetermined,surface_structures,"{""absolute"":0}",beard_box,nova_structures:firewatch_towers,0,0,,,True,,,
nova_structures:firewatch_tower_savanna,dungeons-and-taverns-v4.4.4 [NeoForge].jar,data/nova_structures/worldgen/structure/firewatch_tower_savanna.json,#nova_structures:collections/savannas,surface/other,Other/undetermined,surface_structures,"{""absolute"":0}",beard_box,nova_structures:firewatch_towers,0,0,,,False,c:savanna | forge:is_savanna,c:savanna | forge:is_savanna,
nova_structures:firewatch_tower_swamp,dungeons-and-taverns-v4.4.4 [NeoForge].jar,data/nova_structures/worldgen/structure/firewatch_tower_swamp.json,"[""minecraft:swamp""]",surface/other,Other/undetermined,surface_structures,"{""absolute"":0}",beard_box,nova_structures:firewatch_towers,0,0,,,True,,,
nova_structures:firewatch_tower_taiga,dungeons-and-taverns-v4.4.4 [NeoForge].jar,data/nova_structures/worldgen/structure/firewatch_tower_taiga.json,#nova_structures:collections/any_taiga,surface/other,Overworld,surface_structures,"{""absolute"":0}",beard_box,nova_structures:firewatch_towers,1,1,,,False,,,regions_unexplored:maple_forest
nova_structures:hamlet,dungeons-and-taverns-v4.4.4 [NeoForge].jar,data/nova_structures/worldgen/structure/hamlet.json,#minecraft:has_structure/bastion_remnant,surface/other,Nether,surface_structures,"{""max_inclusive"":{""absolute"":70},""min_inclusive"":{""absolute"":33},""type"":""minecraft:uniform""}",beard_box,nova_structures:nether_structures,0,0,,,False,,,
nova_structures:illager_camp,dungeons-and-taverns-v4.4.4 [NeoForge].jar,data/nova_structures/worldgen/structure/illager_camp.json,#nova_structures:illager_hideout,surface/other,Overworld,surface_structures,"{""absolute"":0}",beard_thin,nova_structures:illager_camp,32,32,,,False,,,biomesoplenty:auroral_garden | biomesoplenty:highland | biomesoplenty:hot_springs | biomesoplenty:ominous_woods | biomesoplenty:pumpkin_patch | biomesoplenty:snowblossom_grove | biomesoplenty:volcano | biomeswevegone:bayou | biomeswevegone:crag_gardens | biomeswevegone:ebony_woods | biomeswevegone:frosted_coniferous_forest | biomeswevegone:maple_taiga | biomeswevegone:redwood_thicket | biomeswevegone:sakura_grove | biomeswevegone:shattered_glacier | biomeswevegone:skyris_vale | biomeswevegone:weeping_witch_forest | biomeswevegone:zelkova_forest | natures_spirit:alpine_clearings | natures_spirit:floral_ridges | natures_spirit:windswept_sugi_forest | regions_unexplored:ashen_woodland | regions_unexplored:cold_deciduous_forest | regions_unexplored:frozen_pine_taiga | regions_unexplored:grassy_beach | regions_unexplored:icy_heights | regions_unexplored:maple_forest | regions_unexplored:muddy_river | regions_unexplored:orchard | regions_unexplored:redwoods | regions_unexplored:rocky_meadow | regions_unexplored:spires
nova_structures:illager_hideout,dungeons-and-taverns-v4.4.4 [NeoForge].jar,data/nova_structures/worldgen/structure/illager_hideout.json,#nova_structures:illager_hideout,underground,Overworld,underground_structures,"{""absolute"":-32}",encapsulate,nova_structures:illager_hideout,32,32,,,False,,,biomesoplenty:auroral_garden | biomesoplenty:highland | biomesoplenty:hot_springs | biomesoplenty:ominous_woods | biomesoplenty:pumpkin_patch | biomesoplenty:snowblossom_grove | biomesoplenty:volcano | biomeswevegone:bayou | biomeswevegone:crag_gardens | biomeswevegone:ebony_woods | biomeswevegone:frosted_coniferous_forest | biomeswevegone:maple_taiga | biomeswevegone:redwood_thicket | biomeswevegone:sakura_grove | biomeswevegone:shattered_glacier | biomeswevegone:skyris_vale | biomeswevegone:weeping_witch_forest | biomeswevegone:zelkova_forest | natures_spirit:alpine_clearings | natures_spirit:floral_ridges | natures_spirit:windswept_sugi_forest | regions_unexplored:ashen_woodland | regions_unexplored:cold_deciduous_forest | regions_unexplored:frozen_pine_taiga | regions_unexplored:grassy_beach | regions_unexplored:icy_heights | regions_unexplored:maple_forest | regions_unexplored:muddy_river | regions_unexplored:orchard | regions_unexplored:redwoods | regions_unexplored:rocky_meadow | regions_unexplored:spires
nova_structures:illager_manor,dungeons-and-taverns-v4.4.4 [NeoForge].jar,data/nova_structures/worldgen/structure/illager_manor.json,#nova_structures:collections/spooky_forests,surface/other,Overworld,surface_structures,"{""absolute"":0}",,minecraft:woodland_mansions,3,3,,,False,c:dead | forge:is_dead | forge:is_spooky,c:dead | forge:is_dead | forge:is_spooky,biomesoplenty:ominous_woods | regions_unexplored:maple_forest | regions_unexplored:redwoods
nova_structures:jungle_ruins,dungeons-and-taverns-v4.4.4 [NeoForge].jar,data/nova_structures/worldgen/structure/jungle_ruins.json,#nova_structures:collections/jungles,surface/other,Overworld,surface_structures,"{""absolute"":0}",beard_box,nova_structures:jungle_ruins,3,3,,,False,c:in_jungle | forge:is_jungle,c:in_jungle,biomeswevegone:bayou | biomeswevegone:crag_gardens | biomeswevegone:ebony_woods
nova_structures:lone_citadel,dungeons-and-taverns-v4.4.4 [NeoForge].jar,data/nova_structures/worldgen/structure/lone_citadel.json,#nova_structures:collections/snowy_structures,underground,Overworld,underground_decoration,"{""absolute"":106}",,nova_structures:stray_fort,3,3,,,False,c:snowy_plains,c:snowy_plains,regions_unexplored:cold_deciduous_forest | regions_unexplored:icy_heights | regions_unexplored:spires
nova_structures:mangrove_witch_hut,dungeons-and-taverns-v4.4.4 [NeoForge].jar,data/nova_structures/worldgen/structure/mangrove_witch_hut.json,"[""minecraft:mangrove_swamp""]",surface/other,Other/undetermined,surface_structures,"{""absolute"":0}",beard_box,nova_structures:mangrove_witch_hut,0,0,,,True,,,
nova_structures:nether_keep,dungeons-and-taverns-v4.4.4 [NeoForge].jar,data/nova_structures/worldgen/structure/nether_keep.json,#minecraft:has_structure/nether_fortress,underground,Other/undetermined,underground_decoration,"{""absolute"":60}",,nova_structures:nether_structures,0,0,,,False,,,
nova_structures:nether_port,dungeons-and-taverns-v4.4.4 [NeoForge].jar,data/nova_structures/worldgen/structure/nether_port.json,#minecraft:has_structure/nether_fortress,underground,Other/undetermined,underground_decoration,"{""absolute"":31}",beard_box,nova_structures:nether_structures,0,0,,,False,,,
nova_structures:nether_skeleton_tower_crimson,dungeons-and-taverns-v4.4.4 [NeoForge].jar,data/nova_structures/worldgen/structure/nether_skeleton_tower_crimson.json,#nova_structures:collections/nether_crimson_forests,surface/other,Nether,surface_structures,"{""max_inclusive"":{""absolute"":90},""min_inclusive"":{""absolute"":33},""type"":""minecraft:uniform""}",beard_box,nova_structures:nether_skeleton_towers,0,0,,,False,,,
nova_structures:nether_skeleton_tower_soul,dungeons-and-taverns-v4.4.4 [NeoForge].jar,data/nova_structures/worldgen/structure/nether_skeleton_tower_soul.json,#nova_structures:collections/nether_souls,surface/other,Nether,surface_structures,"{""max_inclusive"":{""absolute"":90},""min_inclusive"":{""absolute"":33},""type"":""minecraft:uniform""}",beard_box,nova_structures:nether_skeleton_towers,0,0,,,False,,,
nova_structures:nether_skeleton_tower_warped,dungeons-and-taverns-v4.4.4 [NeoForge].jar,data/nova_structures/worldgen/structure/nether_skeleton_tower_warped.json,#nova_structures:collections/nether_warped_forest,surface/other,Nether,surface_structures,"{""max_inclusive"":{""absolute"":90},""min_inclusive"":{""absolute"":33},""type"":""minecraft:uniform""}",beard_box,nova_structures:nether_skeleton_towers,0,0,,,False,,,
nova_structures:nether_skeleton_tower_waste,dungeons-and-taverns-v4.4.4 [NeoForge].jar,data/nova_structures/worldgen/structure/nether_skeleton_tower_waste.json,minecraft:nether_wastes,surface/other,Nether,surface_structures,"{""max_inclusive"":{""absolute"":90},""min_inclusive"":{""absolute"":33},""type"":""minecraft:uniform""}",beard_box,nova_structures:nether_skeleton_towers,0,0,,,True,,,
nova_structures:piglin_camp,dungeons-and-taverns-v4.4.4 [NeoForge].jar,data/nova_structures/worldgen/structure/piglin_camp.json,#minecraft:has_structure/bastion_remnant,surface/other,Nether,surface_structures,"{""max_inclusive"":{""absolute"":70},""min_inclusive"":{""absolute"":33},""type"":""minecraft:uniform""}",beard_box,nova_structures:nether_camps,0,0,,,False,,,
nova_structures:piglin_donjon,dungeons-and-taverns-v4.4.4 [NeoForge].jar,data/nova_structures/worldgen/structure/piglin_donjon.json,#minecraft:has_structure/bastion_remnant,underground,Nether,underground_decoration,"{""absolute"":32}",,nova_structures:nether_structures,0,0,,,False,,,
nova_structures:piglin_outstation,dungeons-and-taverns-v4.4.4 [NeoForge].jar,data/nova_structures/worldgen/structure/piglin_outstation.json,#minecraft:has_structure/bastion_remnant,surface/other,Nether,surface_structures,"{""max_inclusive"":{""absolute"":70},""min_inclusive"":{""absolute"":33},""type"":""minecraft:uniform""}",beard_box,nova_structures:nether_structures,0,0,,,False,,,
nova_structures:remnant_bee_keeper,dungeons-and-taverns-v4.4.4 [NeoForge].jar,data/nova_structures/worldgen/structure/remnant_bee_keeper.json,#nova_structures:collections/floral,surface/other,Overworld,surface_structures,"{""absolute"":0}",beard_box,nova_structures:remnants,4,4,,,False,byg:is_floral | c:floral | c:flower_forests,byg:is_floral | c:floral,biomesoplenty:pumpkin_patch | biomeswevegone:sakura_grove | natures_spirit:floral_ridges | regions_unexplored:flower_fields
nova_structures:remnant_big_remnant,dungeons-and-taverns-v4.4.4 [NeoForge].jar,data/nova_structures/worldgen/structure/remnant_big_remnant.json,#nova_structures:collections/land,surface/other,Overworld,surface_structures,"{""absolute"":0}",beard_box,nova_structures:remnants,32,32,,,False,byg:is_floral | byg:is_icy | c:badlands | c:beach | c:caves | c:desert | c:extreme_hills | c:floral | c:flower_forests | c:forest | c:in_jungle | c:in_mesa | c:mountain | c:mountain_peak | c:mountain_slope | c:mushroom | c:plains | c:savanna | c:snowy_plains | c:swamp | c:underground | clifftree:all_caves | clifftree:birch_forests | forge:is_badlands | forge:is_beach | forge:is_desert | forge:is_forest | forge:is_hills | forge:is_icy | forge:is_jungle | forge:is_mesa | forge:is_mushroom | forge:is_peak | forge:is_savanna | forge:is_swamp | forge:is_underground,byg:is_floral | byg:is_icy | c:badlands | c:caves | c:desert | c:floral | c:in_jungle | c:in_mesa | c:mushroom | c:plains | c:savanna | c:snowy_plains | c:underground | clifftree:all_caves | clifftree:birch_forests | forge:is_badlands | forge:is_desert | forge:is_mesa | forge:is_mushroom | forge:is_savanna | forge:is_underground,biomesoplenty:auroral_garden | biomesoplenty:highland | biomesoplenty:hot_springs | biomesoplenty:ominous_woods | biomesoplenty:pumpkin_patch | biomesoplenty:snowblossom_grove | biomesoplenty:volcano | biomeswevegone:bayou | biomeswevegone:crag_gardens | biomeswevegone:ebony_woods | biomeswevegone:frosted_coniferous_forest | biomeswevegone:redwood_thicket | biomeswevegone:sakura_grove | biomeswevegone:shattered_glacier | biomeswevegone:skyris_vale | biomeswevegone:weeping_witch_forest | biomeswevegone:zelkova_forest | natures_spirit:alpine_clearings | natures_spirit:floral_ridges | natures_spirit:windswept_sugi_forest | regions_unexplored:ashen_woodland | regions_unexplored:cold_deciduous_forest | regions_unexplored:fen | regions_unexplored:flower_fields | regions_unexplored:grassy_beach | regions_unexplored:icy_heights | regions_unexplored:maple_forest | regions_unexplored:marsh | regions_unexplored:orchard | regions_unexplored:redwoods | regions_unexplored:rocky_meadow | regions_unexplored:spires
nova_structures:remnant_big_remnant_2,dungeons-and-taverns-v4.4.4 [NeoForge].jar,data/nova_structures/worldgen/structure/remnant_big_remnant_2.json,#nova_structures:collections/land,surface/other,Overworld,surface_structures,"{""absolute"":0}",beard_box,nova_structures:remnants,32,32,,,False,byg:is_floral | byg:is_icy | c:badlands | c:beach | c:caves | c:desert | c:extreme_hills | c:floral | c:flower_forests | c:forest | c:in_jungle | c:in_mesa | c:mountain | c:mountain_peak | c:mountain_slope | c:mushroom | c:plains | c:savanna | c:snowy_plains | c:swamp | c:underground | clifftree:all_caves | clifftree:birch_forests | forge:is_badlands | forge:is_beach | forge:is_desert | forge:is_forest | forge:is_hills | forge:is_icy | forge:is_jungle | forge:is_mesa | forge:is_mushroom | forge:is_peak | forge:is_savanna | forge:is_swamp | forge:is_underground,byg:is_floral | byg:is_icy | c:badlands | c:caves | c:desert | c:floral | c:in_jungle | c:in_mesa | c:mushroom | c:plains | c:savanna | c:snowy_plains | c:underground | clifftree:all_caves | clifftree:birch_forests | forge:is_badlands | forge:is_desert | forge:is_mesa | forge:is_mushroom | forge:is_savanna | forge:is_underground,biomesoplenty:auroral_garden | biomesoplenty:highland | biomesoplenty:hot_springs | biomesoplenty:ominous_woods | biomesoplenty:pumpkin_patch | biomesoplenty:snowblossom_grove | biomesoplenty:volcano | biomeswevegone:bayou | biomeswevegone:crag_gardens | biomeswevegone:ebony_woods | biomeswevegone:frosted_coniferous_forest | biomeswevegone:redwood_thicket | biomeswevegone:sakura_grove | biomeswevegone:shattered_glacier | biomeswevegone:skyris_vale | biomeswevegone:weeping_witch_forest | biomeswevegone:zelkova_forest | natures_spirit:alpine_clearings | natures_spirit:floral_ridges | natures_spirit:windswept_sugi_forest | regions_unexplored:ashen_woodland | regions_unexplored:cold_deciduous_forest | regions_unexplored:fen | regions_unexplored:flower_fields | regions_unexplored:grassy_beach | regions_unexplored:icy_heights | regions_unexplored:maple_forest | regions_unexplored:marsh | regions_unexplored:orchard | regions_unexplored:redwoods | regions_unexplored:rocky_meadow | regions_unexplored:spires
nova_structures:remnant_big_remnant_3,dungeons-and-taverns-v4.4.4 [NeoForge].jar,data/nova_structures/worldgen/structure/remnant_big_remnant_3.json,#nova_structures:collections/land,surface/other,Overworld,surface_structures,"{""absolute"":0}",beard_box,nova_structures:remnants,32,32,,,False,byg:is_floral | byg:is_icy | c:badlands | c:beach | c:caves | c:desert | c:extreme_hills | c:floral | c:flower_forests | c:forest | c:in_jungle | c:in_mesa | c:mountain | c:mountain_peak | c:mountain_slope | c:mushroom | c:plains | c:savanna | c:snowy_plains | c:swamp | c:underground | clifftree:all_caves | clifftree:birch_forests | forge:is_badlands | forge:is_beach | forge:is_desert | forge:is_forest | forge:is_hills | forge:is_icy | forge:is_jungle | forge:is_mesa | forge:is_mushroom | forge:is_peak | forge:is_savanna | forge:is_swamp | forge:is_underground,byg:is_floral | byg:is_icy | c:badlands | c:caves | c:desert | c:floral | c:in_jungle | c:in_mesa | c:mushroom | c:plains | c:savanna | c:snowy_plains | c:underground | clifftree:all_caves | clifftree:birch_forests | forge:is_badlands | forge:is_desert | forge:is_mesa | forge:is_mushroom | forge:is_savanna | forge:is_underground,biomesoplenty:auroral_garden | biomesoplenty:highland | biomesoplenty:hot_springs | biomesoplenty:ominous_woods | biomesoplenty:pumpkin_patch | biomesoplenty:snowblossom_grove | biomesoplenty:volcano | biomeswevegone:bayou | biomeswevegone:crag_gardens | biomeswevegone:ebony_woods | biomeswevegone:frosted_coniferous_forest | biomeswevegone:redwood_thicket | biomeswevegone:sakura_grove | biomeswevegone:shattered_glacier | biomeswevegone:skyris_vale | biomeswevegone:weeping_witch_forest | biomeswevegone:zelkova_forest | natures_spirit:alpine_clearings | natures_spirit:floral_ridges | natures_spirit:windswept_sugi_forest | regions_unexplored:ashen_woodland | regions_unexplored:cold_deciduous_forest | regions_unexplored:fen | regions_unexplored:flower_fields | regions_unexplored:grassy_beach | regions_unexplored:icy_heights | regions_unexplored:maple_forest | regions_unexplored:marsh | regions_unexplored:orchard | regions_unexplored:redwoods | regions_unexplored:rocky_meadow | regions_unexplored:spires
nova_structures:remnant_birch_graveyard,dungeons-and-taverns-v4.4.4 [NeoForge].jar,data/nova_structures/worldgen/structure/remnant_birch_graveyard.json,#nova_structures:collections/birch_forests,surface/other,Other/undetermined,surface_structures,"{""absolute"":0}",beard_box,nova_structures:remnants,0,0,,,False,clifftree:birch_forests,clifftree:birch_forests,
nova_structures:remnant_bridge_remnant,dungeons-and-taverns-v4.4.4 [NeoForge].jar,data/nova_structures/worldgen/structure/remnant_bridge_remnant.json,#nova_structures:collections/land,surface/other,Overworld,surface_structures,"{""absolute"":0}",beard_box,nova_structures:remnants,32,32,,,False,byg:is_floral | byg:is_icy | c:badlands | c:beach | c:caves | c:desert | c:extreme_hills | c:floral | c:flower_forests | c:forest | c:in_jungle | c:in_mesa | c:mountain | c:mountain_peak | c:mountain_slope | c:mushroom | c:plains | c:savanna | c:snowy_plains | c:swamp | c:underground | clifftree:all_caves | clifftree:birch_forests | forge:is_badlands | forge:is_beach | forge:is_desert | forge:is_forest | forge:is_hills | forge:is_icy | forge:is_jungle | forge:is_mesa | forge:is_mushroom | forge:is_peak | forge:is_savanna | forge:is_swamp | forge:is_underground,byg:is_floral | byg:is_icy | c:badlands | c:caves | c:desert | c:floral | c:in_jungle | c:in_mesa | c:mushroom | c:plains | c:savanna | c:snowy_plains | c:underground | clifftree:all_caves | clifftree:birch_forests | forge:is_badlands | forge:is_desert | forge:is_mesa | forge:is_mushroom | forge:is_savanna | forge:is_underground,biomesoplenty:auroral_garden | biomesoplenty:highland | biomesoplenty:hot_springs | biomesoplenty:ominous_woods | biomesoplenty:pumpkin_patch | biomesoplenty:snowblossom_grove | biomesoplenty:volcano | biomeswevegone:bayou | biomeswevegone:crag_gardens | biomeswevegone:ebony_woods | biomeswevegone:frosted_coniferous_forest | biomeswevegone:redwood_thicket | biomeswevegone:sakura_grove | biomeswevegone:shattered_glacier | biomeswevegone:skyris_vale | biomeswevegone:weeping_witch_forest | biomeswevegone:zelkova_forest | natures_spirit:alpine_clearings | natures_spirit:floral_ridges | natures_spirit:windswept_sugi_forest | regions_unexplored:ashen_woodland | regions_unexplored:cold_deciduous_forest | regions_unexplored:fen | regions_unexplored:flower_fields | regions_unexplored:grassy_beach | regions_unexplored:icy_heights | regions_unexplored:maple_forest | regions_unexplored:marsh | regions_unexplored:orchard | regions_unexplored:redwoods | regions_unexplored:rocky_meadow | regions_unexplored:spires
nova_structures:remnant_bunny_base,dungeons-and-taverns-v4.4.4 [NeoForge].jar,data/nova_structures/worldgen/structure/remnant_bunny_base.json,#nova_structures:collections/meadows,surface/other,Overworld,surface_structures,"{""absolute"":0}",beard_box,nova_structures:remnants,1,1,,,False,,,biomesoplenty:highland
nova_structures:remnant_classic_village,dungeons-and-taverns-v4.4.4 [NeoForge].jar,data/nova_structures/worldgen/structure/remnant_classic_village.json,#nova_structures:collections/oak_structure_biomes,surface/other,Overworld,surface_structures,"{""absolute"":0}",beard_thin,nova_structures:remnants,17,17,,,False,c:plains | forge:is_forest,c:plains,biomesoplenty:auroral_garden | biomesoplenty:ominous_woods | biomesoplenty:snowblossom_grove | biomeswevegone:ebony_woods | biomeswevegone:frosted_coniferous_forest | biomeswevegone:redwood_thicket | biomeswevegone:sakura_grove | biomeswevegone:skyris_vale | biomeswevegone:weeping_witch_forest | biomeswevegone:zelkova_forest | natures_spirit:windswept_sugi_forest | regions_unexplored:ashen_woodland | regions_unexplored:cold_deciduous_forest | regions_unexplored:grassland | regions_unexplored:maple_forest | regions_unexplored:orchard | regions_unexplored:redwoods
nova_structures:remnant_desert_remnant,dungeons-and-taverns-v4.4.4 [NeoForge].jar,data/nova_structures/worldgen/structure/remnant_desert_remnant.json,#nova_structures:collections/deserts,surface/other,Other/undetermined,surface_structures,"{""absolute"":0}",beard_box,nova_structures:remnants,0,0,,,False,c:desert | forge:is_desert,c:desert | forge:is_desert,
nova_structures:remnant_forest_smith,dungeons-and-taverns-v4.4.4 [NeoForge].jar,data/nova_structures/worldgen/structure/remnant_forest_smith.json,#nova_structures:collections/spooky_forests,surface/other,Overworld,surface_structures,"{""absolute"":0}",beard_box,nova_structures:remnants,3,3,,,False,c:dead | forge:is_dead | forge:is_spooky,c:dead | forge:is_dead | forge:is_spooky,biomesoplenty:ominous_woods | regions_unexplored:maple_forest | regions_unexplored:redwoods
nova_structures:remnant_frog_ranch,dungeons-and-taverns-v4.4.4 [NeoForge].jar,data/nova_structures/worldgen/structure/remnant_frog_ranch.json,#nova_structures:collections/mangroves,surface/other,Other/undetermined,surface_structures,"{""absolute"":0}",beard_box,nova_structures:remnants,0,0,,,False,,,
nova_structures:remnant_graveyard,dungeons-and-taverns-v4.4.4 [NeoForge].jar,data/nova_structures/worldgen/structure/remnant_graveyard.json,#nova_structures:collections/any_forests,surface/other,Overworld,surface_structures,"{""absolute"":0}",beard_box,nova_structures:remnants,18,18,,,False,c:forest | forge:is_forest,,biomesoplenty:auroral_garden | biomesoplenty:ominous_woods | biomesoplenty:pumpkin_patch | biomesoplenty:snowblossom_grove | biomeswevegone:ebony_woods | biomeswevegone:frosted_coniferous_forest | biomeswevegone:redwood_thicket | biomeswevegone:sakura_grove | biomeswevegone:skyris_vale | biomeswevegone:weeping_witch_forest | biomeswevegone:zelkova_forest | natures_spirit:floral_ridges | natures_spirit:windswept_sugi_forest | regions_unexplored:ashen_woodland | regions_unexplored:cold_deciduous_forest | regions_unexplored:maple_forest | regions_unexplored:orchard | regions_unexplored:redwoods
nova_structures:remnant_medium_remnant,dungeons-and-taverns-v4.4.4 [NeoForge].jar,data/nova_structures/worldgen/structure/remnant_medium_remnant.json,#nova_structures:collections/land,surface/other,Overworld,surface_structures,"{""absolute"":0}",beard_box,nova_structures:remnants,32,32,,,False,byg:is_floral | byg:is_icy | c:badlands | c:beach | c:caves | c:desert | c:extreme_hills | c:floral | c:flower_forests | c:forest | c:in_jungle | c:in_mesa | c:mountain | c:mountain_peak | c:mountain_slope | c:mushroom | c:plains | c:savanna | c:snowy_plains | c:swamp | c:underground | clifftree:all_caves | clifftree:birch_forests | forge:is_badlands | forge:is_beach | forge:is_desert | forge:is_forest | forge:is_hills | forge:is_icy | forge:is_jungle | forge:is_mesa | forge:is_mushroom | forge:is_peak | forge:is_savanna | forge:is_swamp | forge:is_underground,byg:is_floral | byg:is_icy | c:badlands | c:caves | c:desert | c:floral | c:in_jungle | c:in_mesa | c:mushroom | c:plains | c:savanna | c:snowy_plains | c:underground | clifftree:all_caves | clifftree:birch_forests | forge:is_badlands | forge:is_desert | forge:is_mesa | forge:is_mushroom | forge:is_savanna | forge:is_underground,biomesoplenty:auroral_garden | biomesoplenty:highland | biomesoplenty:hot_springs | biomesoplenty:ominous_woods | biomesoplenty:pumpkin_patch | biomesoplenty:snowblossom_grove | biomesoplenty:volcano | biomeswevegone:bayou | biomeswevegone:crag_gardens | biomeswevegone:ebony_woods | biomeswevegone:frosted_coniferous_forest | biomeswevegone:redwood_thicket | biomeswevegone:sakura_grove | biomeswevegone:shattered_glacier | biomeswevegone:skyris_vale | biomeswevegone:weeping_witch_forest | biomeswevegone:zelkova_forest | natures_spirit:alpine_clearings | natures_spirit:floral_ridges | natures_spirit:windswept_sugi_forest | regions_unexplored:ashen_woodland | regions_unexplored:cold_deciduous_forest | regions_unexplored:fen | regions_unexplored:flower_fields | regions_unexplored:grassy_beach | regions_unexplored:icy_heights | regions_unexplored:maple_forest | regions_unexplored:marsh | regions_unexplored:orchard | regions_unexplored:redwoods | regions_unexplored:rocky_meadow | regions_unexplored:spires
nova_structures:remnant_medium_remnant_2,dungeons-and-taverns-v4.4.4 [NeoForge].jar,data/nova_structures/worldgen/structure/remnant_medium_remnant_2.json,#nova_structures:collections/land,surface/other,Overworld,surface_structures,"{""absolute"":0}",beard_box,nova_structures:remnants,32,32,,,False,byg:is_floral | byg:is_icy | c:badlands | c:beach | c:caves | c:desert | c:extreme_hills | c:floral | c:flower_forests | c:forest | c:in_jungle | c:in_mesa | c:mountain | c:mountain_peak | c:mountain_slope | c:mushroom | c:plains | c:savanna | c:snowy_plains | c:swamp | c:underground | clifftree:all_caves | clifftree:birch_forests | forge:is_badlands | forge:is_beach | forge:is_desert | forge:is_forest | forge:is_hills | forge:is_icy | forge:is_jungle | forge:is_mesa | forge:is_mushroom | forge:is_peak | forge:is_savanna | forge:is_swamp | forge:is_underground,byg:is_floral | byg:is_icy | c:badlands | c:caves | c:desert | c:floral | c:in_jungle | c:in_mesa | c:mushroom | c:plains | c:savanna | c:snowy_plains | c:underground | clifftree:all_caves | clifftree:birch_forests | forge:is_badlands | forge:is_desert | forge:is_mesa | forge:is_mushroom | forge:is_savanna | forge:is_underground,biomesoplenty:auroral_garden | biomesoplenty:highland | biomesoplenty:hot_springs | biomesoplenty:ominous_woods | biomesoplenty:pumpkin_patch | biomesoplenty:snowblossom_grove | biomesoplenty:volcano | biomeswevegone:bayou | biomeswevegone:crag_gardens | biomeswevegone:ebony_woods | biomeswevegone:frosted_coniferous_forest | biomeswevegone:redwood_thicket | biomeswevegone:sakura_grove | biomeswevegone:shattered_glacier | biomeswevegone:skyris_vale | biomeswevegone:weeping_witch_forest | biomeswevegone:zelkova_forest | natures_spirit:alpine_clearings | natures_spirit:floral_ridges | natures_spirit:windswept_sugi_forest | regions_unexplored:ashen_woodland | regions_unexplored:cold_deciduous_forest | regions_unexplored:fen | regions_unexplored:flower_fields | regions_unexplored:grassy_beach | regions_unexplored:icy_heights | regions_unexplored:maple_forest | regions_unexplored:marsh | regions_unexplored:orchard | regions_unexplored:redwoods | regions_unexplored:rocky_meadow | regions_unexplored:spires
nova_structures:remnant_miner_hut,dungeons-and-taverns-v4.4.4 [NeoForge].jar,data/nova_structures/worldgen/structure/remnant_miner_hut.json,#nova_structures:collections/land,surface/other,Overworld,surface_structures,"{""absolute"":0}",beard_box,nova_structures:remnants,32,32,,,False,byg:is_floral | byg:is_icy | c:badlands | c:beach | c:caves | c:desert | c:extreme_hills | c:floral | c:flower_forests | c:forest | c:in_jungle | c:in_mesa | c:mountain | c:mountain_peak | c:mountain_slope | c:mushroom | c:plains | c:savanna | c:snowy_plains | c:swamp | c:underground | clifftree:all_caves | clifftree:birch_forests | forge:is_badlands | forge:is_beach | forge:is_desert | forge:is_forest | forge:is_hills | forge:is_icy | forge:is_jungle | forge:is_mesa | forge:is_mushroom | forge:is_peak | forge:is_savanna | forge:is_swamp | forge:is_underground,byg:is_floral | byg:is_icy | c:badlands | c:caves | c:desert | c:floral | c:in_jungle | c:in_mesa | c:mushroom | c:plains | c:savanna | c:snowy_plains | c:underground | clifftree:all_caves | clifftree:birch_forests | forge:is_badlands | forge:is_desert | forge:is_mesa | forge:is_mushroom | forge:is_savanna | forge:is_underground,biomesoplenty:auroral_garden | biomesoplenty:highland | biomesoplenty:hot_springs | biomesoplenty:ominous_woods | biomesoplenty:pumpkin_patch | biomesoplenty:snowblossom_grove | biomesoplenty:volcano | biomeswevegone:bayou | biomeswevegone:crag_gardens | biomeswevegone:ebony_woods | biomeswevegone:frosted_coniferous_forest | biomeswevegone:redwood_thicket | biomeswevegone:sakura_grove | biomeswevegone:shattered_glacier | biomeswevegone:skyris_vale | biomeswevegone:weeping_witch_forest | biomeswevegone:zelkova_forest | natures_spirit:alpine_clearings | natures_spirit:floral_ridges | natures_spirit:windswept_sugi_forest | regions_unexplored:ashen_woodland | regions_unexplored:cold_deciduous_forest | regions_unexplored:fen | regions_unexplored:flower_fields | regions_unexplored:grassy_beach | regions_unexplored:icy_heights | regions_unexplored:maple_forest | regions_unexplored:marsh | regions_unexplored:orchard | regions_unexplored:redwoods | regions_unexplored:rocky_meadow | regions_unexplored:spires
nova_structures:remnant_mud_brick_constructor,dungeons-and-taverns-v4.4.4 [NeoForge].jar,data/nova_structures/worldgen/structure/remnant_mud_brick_constructor.json,#nova_structures:collections/mangroves,surface/other,Other/undetermined,surface_structures,"{""absolute"":0}",beard_box,nova_structures:remnants,0,0,,,False,,,
nova_structures:remnant_ominous_shop,dungeons-and-taverns-v4.4.4 [NeoForge].jar,data/nova_structures/worldgen/structure/remnant_ominous_shop.json,#nova_structures:collections/spooky_forests,surface/other,Overworld,surface_structures,"{""absolute"":0}",beard_box,nova_structures:remnants,3,3,,,False,c:dead | forge:is_dead | forge:is_spooky,c:dead | forge:is_dead | forge:is_spooky,biomesoplenty:ominous_woods | regions_unexplored:maple_forest | regions_unexplored:redwoods
nova_structures:remnant_ruin_farmer,dungeons-and-taverns-v4.4.4 [NeoForge].jar,data/nova_structures/worldgen/structure/remnant_ruin_farmer.json,#nova_structures:collections/oak_structure_biomes,surface/other,Overworld,surface_structures,"{""absolute"":0}",beard_box,nova_structures:remnants,17,17,,,False,c:plains | forge:is_forest,c:plains,biomesoplenty:auroral_garden | biomesoplenty:ominous_woods | biomesoplenty:snowblossom_grove | biomeswevegone:ebony_woods | biomeswevegone:frosted_coniferous_forest | biomeswevegone:redwood_thicket | biomeswevegone:sakura_grove | biomeswevegone:skyris_vale | biomeswevegone:weeping_witch_forest | biomeswevegone:zelkova_forest | natures_spirit:windswept_sugi_forest | regions_unexplored:ashen_woodland | regions_unexplored:cold_deciduous_forest | regions_unexplored:grassland | regions_unexplored:maple_forest | regions_unexplored:orchard | regions_unexplored:redwoods
nova_structures:remnant_ruin_smith,dungeons-and-taverns-v4.4.4 [NeoForge].jar,data/nova_structures/worldgen/structure/remnant_ruin_smith.json,#nova_structures:collections/oak_structure_biomes,surface/other,Overworld,surface_structures,"{""absolute"":0}",beard_box,nova_structures:remnants,17,17,,,False,c:plains | forge:is_forest,c:plains,biomesoplenty:auroral_garden | biomesoplenty:ominous_woods | biomesoplenty:snowblossom_grove | biomeswevegone:ebony_woods | biomeswevegone:frosted_coniferous_forest | biomeswevegone:redwood_thicket | biomeswevegone:sakura_grove | biomeswevegone:skyris_vale | biomeswevegone:weeping_witch_forest | biomeswevegone:zelkova_forest | natures_spirit:windswept_sugi_forest | regions_unexplored:ashen_woodland | regions_unexplored:cold_deciduous_forest | regions_unexplored:grassland | regions_unexplored:maple_forest | regions_unexplored:orchard | regions_unexplored:redwoods
nova_structures:remnant_sawmill,dungeons-and-taverns-v4.4.4 [NeoForge].jar,data/nova_structures/worldgen/structure/remnant_sawmill.json,#nova_structures:collections/any_forests,surface/other,Overworld,surface_structures,"{""absolute"":0}",beard_box,nova_structures:remnants,18,18,,,False,c:forest | forge:is_forest,,biomesoplenty:auroral_garden | biomesoplenty:ominous_woods | biomesoplenty:pumpkin_patch | biomesoplenty:snowblossom_grove | biomeswevegone:ebony_woods | biomeswevegone:frosted_coniferous_forest | biomeswevegone:redwood_thicket | biomeswevegone:sakura_grove | biomeswevegone:skyris_vale | biomeswevegone:weeping_witch_forest | biomeswevegone:zelkova_forest | natures_spirit:floral_ridges | natures_spirit:windswept_sugi_forest | regions_unexplored:ashen_woodland | regions_unexplored:cold_deciduous_forest | regions_unexplored:maple_forest | regions_unexplored:orchard | regions_unexplored:redwoods
nova_structures:remnant_school_remnant,dungeons-and-taverns-v4.4.4 [NeoForge].jar,data/nova_structures/worldgen/structure/remnant_school_remnant.json,#nova_structures:collections/land,surface/other,Overworld,surface_structures,"{""absolute"":0}",beard_box,nova_structures:remnants,32,32,,,False,byg:is_floral | byg:is_icy | c:badlands | c:beach | c:caves | c:desert | c:extreme_hills | c:floral | c:flower_forests | c:forest | c:in_jungle | c:in_mesa | c:mountain | c:mountain_peak | c:mountain_slope | c:mushroom | c:plains | c:savanna | c:snowy_plains | c:swamp | c:underground | clifftree:all_caves | clifftree:birch_forests | forge:is_badlands | forge:is_beach | forge:is_desert | forge:is_forest | forge:is_hills | forge:is_icy | forge:is_jungle | forge:is_mesa | forge:is_mushroom | forge:is_peak | forge:is_savanna | forge:is_swamp | forge:is_underground,byg:is_floral | byg:is_icy | c:badlands | c:caves | c:desert | c:floral | c:in_jungle | c:in_mesa | c:mushroom | c:plains | c:savanna | c:snowy_plains | c:underground | clifftree:all_caves | clifftree:birch_forests | forge:is_badlands | forge:is_desert | forge:is_mesa | forge:is_mushroom | forge:is_savanna | forge:is_underground,biomesoplenty:auroral_garden | biomesoplenty:highland | biomesoplenty:hot_springs | biomesoplenty:ominous_woods | biomesoplenty:pumpkin_patch | biomesoplenty:snowblossom_grove | biomesoplenty:volcano | biomeswevegone:bayou | biomeswevegone:crag_gardens | biomeswevegone:ebony_woods | biomeswevegone:frosted_coniferous_forest | biomeswevegone:redwood_thicket | biomeswevegone:sakura_grove | biomeswevegone:shattered_glacier | biomeswevegone:skyris_vale | biomeswevegone:weeping_witch_forest | biomeswevegone:zelkova_forest | natures_spirit:alpine_clearings | natures_spirit:floral_ridges | natures_spirit:windswept_sugi_forest | regions_unexplored:ashen_woodland | regions_unexplored:cold_deciduous_forest | regions_unexplored:fen | regions_unexplored:flower_fields | regions_unexplored:grassy_beach | regions_unexplored:icy_heights | regions_unexplored:maple_forest | regions_unexplored:marsh | regions_unexplored:orchard | regions_unexplored:redwoods | regions_unexplored:rocky_meadow | regions_unexplored:spires
nova_structures:remnant_taiga_castle,dungeons-and-taverns-v4.4.4 [NeoForge].jar,data/nova_structures/worldgen/structure/remnant_taiga_castle.json,#nova_structures:collections/any_taiga,surface/other,Overworld,surface_structures,"{""absolute"":0}",beard_box,nova_structures:remnants,1,1,,,False,,,regions_unexplored:maple_forest
nova_structures:remnant_woodland_hud,dungeons-and-taverns-v4.4.4 [NeoForge].jar,data/nova_structures/worldgen/structure/remnant_woodland_hud.json,#nova_structures:collections/spooky_forests,surface/other,Overworld,surface_structures,"{""absolute"":0}",beard_box,nova_structures:remnants,3,3,,,False,c:dead | forge:is_dead | forge:is_spooky,c:dead | forge:is_dead | forge:is_spooky,biomesoplenty:ominous_woods | regions_unexplored:maple_forest | regions_unexplored:redwoods
nova_structures:remnant_zombie_horse_ranch,dungeons-and-taverns-v4.4.4 [NeoForge].jar,data/nova_structures/worldgen/structure/remnant_zombie_horse_ranch.json,#nova_structures:collections/any_forests,surface/other,Overworld,surface_structures,"{""absolute"":0}",beard_box,nova_structures:remnants,18,18,,,False,c:forest | forge:is_forest,,biomesoplenty:auroral_garden | biomesoplenty:ominous_woods | biomesoplenty:pumpkin_patch | biomesoplenty:snowblossom_grove | biomeswevegone:ebony_woods | biomeswevegone:frosted_coniferous_forest | biomeswevegone:redwood_thicket | biomeswevegone:sakura_grove | biomeswevegone:skyris_vale | biomeswevegone:weeping_witch_forest | biomeswevegone:zelkova_forest | natures_spirit:floral_ridges | natures_spirit:windswept_sugi_forest | regions_unexplored:ashen_woodland | regions_unexplored:cold_deciduous_forest | regions_unexplored:maple_forest | regions_unexplored:orchard | regions_unexplored:redwoods
nova_structures:ruin_town,dungeons-and-taverns-v4.4.4 [NeoForge].jar,data/nova_structures/worldgen/structure/ruin_town.json,#nova_structures:collections/land,surface/other,Overworld,surface_structures,"{""absolute"":0}",beard_box,nova_structures:ruin_town,32,32,,,False,byg:is_floral | byg:is_icy | c:badlands | c:beach | c:caves | c:desert | c:extreme_hills | c:floral | c:flower_forests | c:forest | c:in_jungle | c:in_mesa | c:mountain | c:mountain_peak | c:mountain_slope | c:mushroom | c:plains | c:savanna | c:snowy_plains | c:swamp | c:underground | clifftree:all_caves | clifftree:birch_forests | forge:is_badlands | forge:is_beach | forge:is_desert | forge:is_forest | forge:is_hills | forge:is_icy | forge:is_jungle | forge:is_mesa | forge:is_mushroom | forge:is_peak | forge:is_savanna | forge:is_swamp | forge:is_underground,byg:is_floral | byg:is_icy | c:badlands | c:caves | c:desert | c:floral | c:in_jungle | c:in_mesa | c:mushroom | c:plains | c:savanna | c:snowy_plains | c:underground | clifftree:all_caves | clifftree:birch_forests | forge:is_badlands | forge:is_desert | forge:is_mesa | forge:is_mushroom | forge:is_savanna | forge:is_underground,biomesoplenty:auroral_garden | biomesoplenty:highland | biomesoplenty:hot_springs | biomesoplenty:ominous_woods | biomesoplenty:pumpkin_patch | biomesoplenty:snowblossom_grove | biomesoplenty:volcano | biomeswevegone:bayou | biomeswevegone:crag_gardens | biomeswevegone:ebony_woods | biomeswevegone:frosted_coniferous_forest | biomeswevegone:redwood_thicket | biomeswevegone:sakura_grove | biomeswevegone:shattered_glacier | biomeswevegone:skyris_vale | biomeswevegone:weeping_witch_forest | biomeswevegone:zelkova_forest | natures_spirit:alpine_clearings | natures_spirit:floral_ridges | natures_spirit:windswept_sugi_forest | regions_unexplored:ashen_woodland | regions_unexplored:cold_deciduous_forest | regions_unexplored:fen | regions_unexplored:flower_fields | regions_unexplored:grassy_beach | regions_unexplored:icy_heights | regions_unexplored:maple_forest | regions_unexplored:marsh | regions_unexplored:orchard | regions_unexplored:redwoods | regions_unexplored:rocky_meadow | regions_unexplored:spires
nova_structures:shrine_combat_tier_1,dungeons-and-taverns-v4.4.4 [NeoForge].jar,data/nova_structures/worldgen/structure/shrine_combat_tier_1.json,#nova_structures:collections/land,surface/other,Overworld,surface_structures,"{""absolute"":0}",none,nova_structures:shrines,32,32,,,False,byg:is_floral | byg:is_icy | c:badlands | c:beach | c:caves | c:desert | c:extreme_hills | c:floral | c:flower_forests | c:forest | c:in_jungle | c:in_mesa | c:mountain | c:mountain_peak | c:mountain_slope | c:mushroom | c:plains | c:savanna | c:snowy_plains | c:swamp | c:underground | clifftree:all_caves | clifftree:birch_forests | forge:is_badlands | forge:is_beach | forge:is_desert | forge:is_forest | forge:is_hills | forge:is_icy | forge:is_jungle | forge:is_mesa | forge:is_mushroom | forge:is_peak | forge:is_savanna | forge:is_swamp | forge:is_underground,byg:is_floral | byg:is_icy | c:badlands | c:caves | c:desert | c:floral | c:in_jungle | c:in_mesa | c:mushroom | c:plains | c:savanna | c:snowy_plains | c:underground | clifftree:all_caves | clifftree:birch_forests | forge:is_badlands | forge:is_desert | forge:is_mesa | forge:is_mushroom | forge:is_savanna | forge:is_underground,biomesoplenty:auroral_garden | biomesoplenty:highland | biomesoplenty:hot_springs | biomesoplenty:ominous_woods | biomesoplenty:pumpkin_patch | biomesoplenty:snowblossom_grove | biomesoplenty:volcano | biomeswevegone:bayou | biomeswevegone:crag_gardens | biomeswevegone:ebony_woods | biomeswevegone:frosted_coniferous_forest | biomeswevegone:redwood_thicket | biomeswevegone:sakura_grove | biomeswevegone:shattered_glacier | biomeswevegone:skyris_vale | biomeswevegone:weeping_witch_forest | biomeswevegone:zelkova_forest | natures_spirit:alpine_clearings | natures_spirit:floral_ridges | natures_spirit:windswept_sugi_forest | regions_unexplored:ashen_woodland | regions_unexplored:cold_deciduous_forest | regions_unexplored:fen | regions_unexplored:flower_fields | regions_unexplored:grassy_beach | regions_unexplored:icy_heights | regions_unexplored:maple_forest | regions_unexplored:marsh | regions_unexplored:orchard | regions_unexplored:redwoods | regions_unexplored:rocky_meadow | regions_unexplored:spires
nova_structures:shrine_combat_tier_2,dungeons-and-taverns-v4.4.4 [NeoForge].jar,data/nova_structures/worldgen/structure/shrine_combat_tier_2.json,#nova_structures:collections/land,surface/other,Overworld,surface_structures,"{""absolute"":0}",none,nova_structures:shrines,32,32,,,False,byg:is_floral | byg:is_icy | c:badlands | c:beach | c:caves | c:desert | c:extreme_hills | c:floral | c:flower_forests | c:forest | c:in_jungle | c:in_mesa | c:mountain | c:mountain_peak | c:mountain_slope | c:mushroom | c:plains | c:savanna | c:snowy_plains | c:swamp | c:underground | clifftree:all_caves | clifftree:birch_forests | forge:is_badlands | forge:is_beach | forge:is_desert | forge:is_forest | forge:is_hills | forge:is_icy | forge:is_jungle | forge:is_mesa | forge:is_mushroom | forge:is_peak | forge:is_savanna | forge:is_swamp | forge:is_underground,byg:is_floral | byg:is_icy | c:badlands | c:caves | c:desert | c:floral | c:in_jungle | c:in_mesa | c:mushroom | c:plains | c:savanna | c:snowy_plains | c:underground | clifftree:all_caves | clifftree:birch_forests | forge:is_badlands | forge:is_desert | forge:is_mesa | forge:is_mushroom | forge:is_savanna | forge:is_underground,biomesoplenty:auroral_garden | biomesoplenty:highland | biomesoplenty:hot_springs | biomesoplenty:ominous_woods | biomesoplenty:pumpkin_patch | biomesoplenty:snowblossom_grove | biomesoplenty:volcano | biomeswevegone:bayou | biomeswevegone:crag_gardens | biomeswevegone:ebony_woods | biomeswevegone:frosted_coniferous_forest | biomeswevegone:redwood_thicket | biomeswevegone:sakura_grove | biomeswevegone:shattered_glacier | biomeswevegone:skyris_vale | biomeswevegone:weeping_witch_forest | biomeswevegone:zelkova_forest | natures_spirit:alpine_clearings | natures_spirit:floral_ridges | natures_spirit:windswept_sugi_forest | regions_unexplored:ashen_woodland | regions_unexplored:cold_deciduous_forest | regions_unexplored:fen | regions_unexplored:flower_fields | regions_unexplored:grassy_beach | regions_unexplored:icy_heights | regions_unexplored:maple_forest | regions_unexplored:marsh | regions_unexplored:orchard | regions_unexplored:redwoods | regions_unexplored:rocky_meadow | regions_unexplored:spires
nova_structures:shrine_combat_tier_3,dungeons-and-taverns-v4.4.4 [NeoForge].jar,data/nova_structures/worldgen/structure/shrine_combat_tier_3.json,#nova_structures:collections/land,surface/other,Overworld,surface_structures,"{""absolute"":0}",none,nova_structures:shrines,32,32,,,False,byg:is_floral | byg:is_icy | c:badlands | c:beach | c:caves | c:desert | c:extreme_hills | c:floral | c:flower_forests | c:forest | c:in_jungle | c:in_mesa | c:mountain | c:mountain_peak | c:mountain_slope | c:mushroom | c:plains | c:savanna | c:snowy_plains | c:swamp | c:underground | clifftree:all_caves | clifftree:birch_forests | forge:is_badlands | forge:is_beach | forge:is_desert | forge:is_forest | forge:is_hills | forge:is_icy | forge:is_jungle | forge:is_mesa | forge:is_mushroom | forge:is_peak | forge:is_savanna | forge:is_swamp | forge:is_underground,byg:is_floral | byg:is_icy | c:badlands | c:caves | c:desert | c:floral | c:in_jungle | c:in_mesa | c:mushroom | c:plains | c:savanna | c:snowy_plains | c:underground | clifftree:all_caves | clifftree:birch_forests | forge:is_badlands | forge:is_desert | forge:is_mesa | forge:is_mushroom | forge:is_savanna | forge:is_underground,biomesoplenty:auroral_garden | biomesoplenty:highland | biomesoplenty:hot_springs | biomesoplenty:ominous_woods | biomesoplenty:pumpkin_patch | biomesoplenty:snowblossom_grove | biomesoplenty:volcano | biomeswevegone:bayou | biomeswevegone:crag_gardens | biomeswevegone:ebony_woods | biomeswevegone:frosted_coniferous_forest | biomeswevegone:redwood_thicket | biomeswevegone:sakura_grove | biomeswevegone:shattered_glacier | biomeswevegone:skyris_vale | biomeswevegone:weeping_witch_forest | biomeswevegone:zelkova_forest | natures_spirit:alpine_clearings | natures_spirit:floral_ridges | natures_spirit:windswept_sugi_forest | regions_unexplored:ashen_woodland | regions_unexplored:cold_deciduous_forest | regions_unexplored:fen | regions_unexplored:flower_fields | regions_unexplored:grassy_beach | regions_unexplored:icy_heights | regions_unexplored:maple_forest | regions_unexplored:marsh | regions_unexplored:orchard | regions_unexplored:redwoods | regions_unexplored:rocky_meadow | regions_unexplored:spires
nova_structures:shrine_combat_tier_4,dungeons-and-taverns-v4.4.4 [NeoForge].jar,data/nova_structures/worldgen/structure/shrine_combat_tier_4.json,#nova_structures:collections/land,surface/other,Overworld,surface_structures,"{""absolute"":0}",none,nova_structures:shrines,32,32,,,False,byg:is_floral | byg:is_icy | c:badlands | c:beach | c:caves | c:desert | c:extreme_hills | c:floral | c:flower_forests | c:forest | c:in_jungle | c:in_mesa | c:mountain | c:mountain_peak | c:mountain_slope | c:mushroom | c:plains | c:savanna | c:snowy_plains | c:swamp | c:underground | clifftree:all_caves | clifftree:birch_forests | forge:is_badlands | forge:is_beach | forge:is_desert | forge:is_forest | forge:is_hills | forge:is_icy | forge:is_jungle | forge:is_mesa | forge:is_mushroom | forge:is_peak | forge:is_savanna | forge:is_swamp | forge:is_underground,byg:is_floral | byg:is_icy | c:badlands | c:caves | c:desert | c:floral | c:in_jungle | c:in_mesa | c:mushroom | c:plains | c:savanna | c:snowy_plains | c:underground | clifftree:all_caves | clifftree:birch_forests | forge:is_badlands | forge:is_desert | forge:is_mesa | forge:is_mushroom | forge:is_savanna | forge:is_underground,biomesoplenty:auroral_garden | biomesoplenty:highland | biomesoplenty:hot_springs | biomesoplenty:ominous_woods | biomesoplenty:pumpkin_patch | biomesoplenty:snowblossom_grove | biomesoplenty:volcano | biomeswevegone:bayou | biomeswevegone:crag_gardens | biomeswevegone:ebony_woods | biomeswevegone:frosted_coniferous_forest | biomeswevegone:redwood_thicket | biomeswevegone:sakura_grove | biomeswevegone:shattered_glacier | biomeswevegone:skyris_vale | biomeswevegone:weeping_witch_forest | biomeswevegone:zelkova_forest | natures_spirit:alpine_clearings | natures_spirit:floral_ridges | natures_spirit:windswept_sugi_forest | regions_unexplored:ashen_woodland | regions_unexplored:cold_deciduous_forest | regions_unexplored:fen | regions_unexplored:flower_fields | regions_unexplored:grassy_beach | regions_unexplored:icy_heights | regions_unexplored:maple_forest | regions_unexplored:marsh | regions_unexplored:orchard | regions_unexplored:redwoods | regions_unexplored:rocky_meadow | regions_unexplored:spires
nova_structures:shrine_combat_tier_5,dungeons-and-taverns-v4.4.4 [NeoForge].jar,data/nova_structures/worldgen/structure/shrine_combat_tier_5.json,#nova_structures:collections/land,surface/other,Overworld,surface_structures,"{""absolute"":0}",none,nova_structures:shrines,32,32,,,False,byg:is_floral | byg:is_icy | c:badlands | c:beach | c:caves | c:desert | c:extreme_hills | c:floral | c:flower_forests | c:forest | c:in_jungle | c:in_mesa | c:mountain | c:mountain_peak | c:mountain_slope | c:mushroom | c:plains | c:savanna | c:snowy_plains | c:swamp | c:underground | clifftree:all_caves | clifftree:birch_forests | forge:is_badlands | forge:is_beach | forge:is_desert | forge:is_forest | forge:is_hills | forge:is_icy | forge:is_jungle | forge:is_mesa | forge:is_mushroom | forge:is_peak | forge:is_savanna | forge:is_swamp | forge:is_underground,byg:is_floral | byg:is_icy | c:badlands | c:caves | c:desert | c:floral | c:in_jungle | c:in_mesa | c:mushroom | c:plains | c:savanna | c:snowy_plains | c:underground | clifftree:all_caves | clifftree:birch_forests | forge:is_badlands | forge:is_desert | forge:is_mesa | forge:is_mushroom | forge:is_savanna | forge:is_underground,biomesoplenty:auroral_garden | biomesoplenty:highland | biomesoplenty:hot_springs | biomesoplenty:ominous_woods | biomesoplenty:pumpkin_patch | biomesoplenty:snowblossom_grove | biomesoplenty:volcano | biomeswevegone:bayou | biomeswevegone:crag_gardens | biomeswevegone:ebony_woods | biomeswevegone:frosted_coniferous_forest | biomeswevegone:redwood_thicket | biomeswevegone:sakura_grove | biomeswevegone:shattered_glacier | biomeswevegone:skyris_vale | biomeswevegone:weeping_witch_forest | biomeswevegone:zelkova_forest | natures_spirit:alpine_clearings | natures_spirit:floral_ridges | natures_spirit:windswept_sugi_forest | regions_unexplored:ashen_woodland | regions_unexplored:cold_deciduous_forest | regions_unexplored:fen | regions_unexplored:flower_fields | regions_unexplored:grassy_beach | regions_unexplored:icy_heights | regions_unexplored:maple_forest | regions_unexplored:marsh | regions_unexplored:orchard | regions_unexplored:redwoods | regions_unexplored:rocky_meadow | regions_unexplored:spires
nova_structures:shrine_tower,dungeons-and-taverns-v4.4.4 [NeoForge].jar,data/nova_structures/worldgen/structure/shrine_tower.json,#nova_structures:collections/land,surface/other,Overworld,surface_structures,"{""absolute"":0}",none,nova_structures:shrine_tower,32,32,,,False,byg:is_floral | byg:is_icy | c:badlands | c:beach | c:caves | c:desert | c:extreme_hills | c:floral | c:flower_forests | c:forest | c:in_jungle | c:in_mesa | c:mountain | c:mountain_peak | c:mountain_slope | c:mushroom | c:plains | c:savanna | c:snowy_plains | c:swamp | c:underground | clifftree:all_caves | clifftree:birch_forests | forge:is_badlands | forge:is_beach | forge:is_desert | forge:is_forest | forge:is_hills | forge:is_icy | forge:is_jungle | forge:is_mesa | forge:is_mushroom | forge:is_peak | forge:is_savanna | forge:is_swamp | forge:is_underground,byg:is_floral | byg:is_icy | c:badlands | c:caves | c:desert | c:floral | c:in_jungle | c:in_mesa | c:mushroom | c:plains | c:savanna | c:snowy_plains | c:underground | clifftree:all_caves | clifftree:birch_forests | forge:is_badlands | forge:is_desert | forge:is_mesa | forge:is_mushroom | forge:is_savanna | forge:is_underground,biomesoplenty:auroral_garden | biomesoplenty:highland | biomesoplenty:hot_springs | biomesoplenty:ominous_woods | biomesoplenty:pumpkin_patch | biomesoplenty:snowblossom_grove | biomesoplenty:volcano | biomeswevegone:bayou | biomeswevegone:crag_gardens | biomeswevegone:ebony_woods | biomeswevegone:frosted_coniferous_forest | biomeswevegone:redwood_thicket | biomeswevegone:sakura_grove | biomeswevegone:shattered_glacier | biomeswevegone:skyris_vale | biomeswevegone:weeping_witch_forest | biomeswevegone:zelkova_forest | natures_spirit:alpine_clearings | natures_spirit:floral_ridges | natures_spirit:windswept_sugi_forest | regions_unexplored:ashen_woodland | regions_unexplored:cold_deciduous_forest | regions_unexplored:fen | regions_unexplored:flower_fields | regions_unexplored:grassy_beach | regions_unexplored:icy_heights | regions_unexplored:maple_forest | regions_unexplored:marsh | regions_unexplored:orchard | regions_unexplored:redwoods | regions_unexplored:rocky_meadow | regions_unexplored:spires
nova_structures:skeleton_camp_crimson,dungeons-and-taverns-v4.4.4 [NeoForge].jar,data/nova_structures/worldgen/structure/skeleton_camp_crimson.json,#nova_structures:collections/nether_crimson_forests,surface/other,Nether,surface_structures,"{""max_inclusive"":{""absolute"":70},""min_inclusive"":{""absolute"":33},""type"":""minecraft:uniform""}",beard_box,nova_structures:nether_camps,0,0,,,False,,,
nova_structures:skeleton_camp_soul,dungeons-and-taverns-v4.4.4 [NeoForge].jar,data/nova_structures/worldgen/structure/skeleton_camp_soul.json,#nova_structures:collections/nether_souls,surface/other,Nether,surface_structures,"{""max_inclusive"":{""absolute"":70},""min_inclusive"":{""absolute"":33},""type"":""minecraft:uniform""}",beard_box,nova_structures:nether_camps,0,0,,,False,,,
nova_structures:skeleton_camp_warped,dungeons-and-taverns-v4.4.4 [NeoForge].jar,data/nova_structures/worldgen/structure/skeleton_camp_warped.json,#nova_structures:collections/nether_warped_forest,surface/other,Nether,surface_structures,"{""max_inclusive"":{""absolute"":70},""min_inclusive"":{""absolute"":33},""type"":""minecraft:uniform""}",beard_box,nova_structures:nether_camps,0,0,,,False,,,
nova_structures:skeleton_camp_waste,dungeons-and-taverns-v4.4.4 [NeoForge].jar,data/nova_structures/worldgen/structure/skeleton_camp_waste.json,minecraft:nether_wastes,surface/other,Nether,surface_structures,"{""max_inclusive"":{""absolute"":70},""min_inclusive"":{""absolute"":33},""type"":""minecraft:uniform""}",beard_box,nova_structures:nether_camps,0,0,,,True,,,
nova_structures:stray_fort,dungeons-and-taverns-v4.4.4 [NeoForge].jar,data/nova_structures/worldgen/structure/stray_fort.json,#nova_structures:collections/snowy_structures,surface/other,Overworld,surface_structures,"{""absolute"":0}",beard_box,nova_structures:stray_fort,3,3,,,False,c:snowy_plains,c:snowy_plains,regions_unexplored:cold_deciduous_forest | regions_unexplored:icy_heights | regions_unexplored:spires
nova_structures:tavern_acacia,dungeons-and-taverns-v4.4.4 [NeoForge].jar,data/nova_structures/worldgen/structure/tavern_acacia.json,#nova_structures:collections/savannas,surface/other,Other/undetermined,surface_structures,"{""absolute"":0}",beard_box,nova_structures:taverns,0,0,,,False,c:savanna | forge:is_savanna,c:savanna | forge:is_savanna,
nova_structures:tavern_birch,dungeons-and-taverns-v4.4.4 [NeoForge].jar,data/nova_structures/worldgen/structure/tavern_birch.json,#nova_structures:collections/birch_forests,surface/other,Other/undetermined,surface_structures,"{""absolute"":0}",beard_box,nova_structures:taverns,0,0,,,False,clifftree:birch_forests,clifftree:birch_forests,
nova_structures:tavern_cherry,dungeons-and-taverns-v4.4.4 [NeoForge].jar,data/nova_structures/worldgen/structure/tavern_cherry.json,#nova_structures:collections/cherry_forests,surface/other,Other/undetermined,surface_structures,"{""absolute"":0}",beard_box,nova_structures:taverns,0,0,,,False,,,
nova_structures:tavern_dark_oak,dungeons-and-taverns-v4.4.4 [NeoForge].jar,data/nova_structures/worldgen/structure/tavern_dark_oak.json,#nova_structures:collections/spooky_forests,surface/other,Overworld,surface_structures,"{""absolute"":0}",beard_box,nova_structures:taverns,3,3,,,False,c:dead | forge:is_dead | forge:is_spooky,c:dead | forge:is_dead | forge:is_spooky,biomesoplenty:ominous_woods | regions_unexplored:maple_forest | regions_unexplored:redwoods
nova_structures:tavern_desert,dungeons-and-taverns-v4.4.4 [NeoForge].jar,data/nova_structures/worldgen/structure/tavern_desert.json,#nova_structures:collections/deserts,surface/other,Other/undetermined,surface_structures,"{""absolute"":0}",beard_box,nova_structures:taverns,0,0,,,False,c:desert | forge:is_desert,c:desert | forge:is_desert,
nova_structures:tavern_jungle,dungeons-and-taverns-v4.4.4 [NeoForge].jar,data/nova_structures/worldgen/structure/tavern_jungle.json,#nova_structures:collections/jungles,surface/other,Overworld,surface_structures,"{""absolute"":0}",beard_box,nova_structures:taverns,3,3,,,False,c:in_jungle | forge:is_jungle,c:in_jungle,biomeswevegone:bayou | biomeswevegone:crag_gardens | biomeswevegone:ebony_woods
nova_structures:tavern_mangrove,dungeons-and-taverns-v4.4.4 [NeoForge].jar,data/nova_structures/worldgen/structure/tavern_mangrove.json,#nova_structures:collections/mangroves,surface/other,Other/undetermined,surface_structures,"{""absolute"":0}",beard_box,nova_structures:taverns,0,0,,,False,,,
nova_structures:tavern_oak,dungeons-and-taverns-v4.4.4 [NeoForge].jar,data/nova_structures/worldgen/structure/tavern_oak.json,#nova_structures:collections/oak_structure_biomes,surface/other,Overworld,surface_structures,"{""absolute"":0}",beard_box,nova_structures:taverns,17,17,,,False,c:plains | forge:is_forest,c:plains,biomesoplenty:auroral_garden | biomesoplenty:ominous_woods | biomesoplenty:snowblossom_grove | biomeswevegone:ebony_woods | biomeswevegone:frosted_coniferous_forest | biomeswevegone:redwood_thicket | biomeswevegone:sakura_grove | biomeswevegone:skyris_vale | biomeswevegone:weeping_witch_forest | biomeswevegone:zelkova_forest | natures_spirit:windswept_sugi_forest | regions_unexplored:ashen_woodland | regions_unexplored:cold_deciduous_forest | regions_unexplored:grassland | regions_unexplored:maple_forest | regions_unexplored:orchard | regions_unexplored:redwoods
nova_structures:tavern_snowy,dungeons-and-taverns-v4.4.4 [NeoForge].jar,data/nova_structures/worldgen/structure/tavern_snowy.json,#nova_structures:collections/snowy_structures,surface/other,Overworld,surface_structures,"{""absolute"":0}",beard_box,nova_structures:taverns,3,3,,,False,c:snowy_plains,c:snowy_plains,regions_unexplored:cold_deciduous_forest | regions_unexplored:icy_heights | regions_unexplored:spires
nova_structures:tavern_spruce,dungeons-and-taverns-v4.4.4 [NeoForge].jar,data/nova_structures/worldgen/structure/tavern_spruce.json,#nova_structures:collections/any_taiga,surface/other,Overworld,surface_structures,"{""absolute"":0}",beard_box,nova_structures:taverns,1,1,,,False,,,regions_unexplored:maple_forest
nova_structures:tavern_swamp,dungeons-and-taverns-v4.4.4 [NeoForge].jar,data/nova_structures/worldgen/structure/tavern_swamp.json,#nova_structures:collections/swamps,surface/other,Overworld,surface_structures,"{""absolute"":0}",beard_box,nova_structures:taverns,4,4,,,False,c:swamp | forge:is_swamp,,biomesoplenty:hot_springs | biomeswevegone:bayou | regions_unexplored:fen | regions_unexplored:marsh
nova_structures:toxic_lair,dungeons-and-taverns-v4.4.4 [NeoForge].jar,data/nova_structures/worldgen/structure/toxic_lair.json,#nova_structures:collections/swamps,underground,Overworld,underground_decoration,"{""absolute"":67}",,nova_structures:swamp_structure,4,4,,,False,c:swamp | forge:is_swamp,,biomesoplenty:hot_springs | biomeswevegone:bayou | regions_unexplored:fen | regions_unexplored:marsh
nova_structures:trident_trial_monument,dungeons-and-taverns-v4.4.4 [NeoForge].jar,data/nova_structures/worldgen/structure/trident_trial_monument.json,#minecraft:has_structure/ocean_monument,underground,Other/undetermined,underground_decoration,"{""absolute"":41}",none,nova_structures:trident_trial_monument,0,0,,,False,minecraft:has_structure/ocean_monument,minecraft:has_structure/ocean_monument,
nova_structures:undead_crypt,dungeons-and-taverns-v4.4.4 [NeoForge].jar,data/nova_structures/worldgen/structure/undead_crypt.json,#nova_structures:collections/stronghold_related_ruins_biomes,underground,Overworld,underground_structures,"{""absolute"":0}",encapsulate,nova_structures:undead_crypt,24,24,,,False,c:dead | c:forest | c:plains | forge:is_dead | forge:is_forest | forge:is_spooky,c:dead | c:plains | forge:is_dead | forge:is_spooky,biomesoplenty:auroral_garden | biomesoplenty:hot_springs | biomesoplenty:ominous_woods | biomesoplenty:pumpkin_patch | biomesoplenty:snowblossom_grove | biomeswevegone:ebony_woods | biomeswevegone:frosted_coniferous_forest | biomeswevegone:maple_taiga | biomeswevegone:redwood_thicket | biomeswevegone:sakura_grove | biomeswevegone:skyris_vale | biomeswevegone:weeping_witch_forest | biomeswevegone:zelkova_forest | natures_spirit:floral_ridges | natures_spirit:windswept_sugi_forest | regions_unexplored:ashen_woodland | regions_unexplored:cold_deciduous_forest | regions_unexplored:frozen_pine_taiga | regions_unexplored:grassland | regions_unexplored:icy_heights | regions_unexplored:maple_forest | regions_unexplored:orchard | regions_unexplored:redwoods | regions_unexplored:spires
nova_structures:underground_house,dungeons-and-taverns-v4.4.4 [NeoForge].jar,data/nova_structures/worldgen/structure/underground_house.json,#nova_structures:collections/stronghold_related_ruins_biomes,underground,Overworld,underground_structures,"{""max_inclusive"":{""absolute"":50},""min_inclusive"":{""absolute"":-50},""type"":""minecraft:uniform""}",none,nova_structures:underground_house,24,24,,,False,c:dead | c:forest | c:plains | forge:is_dead | forge:is_forest | forge:is_spooky,c:dead | c:plains | forge:is_dead | forge:is_spooky,biomesoplenty:auroral_garden | biomesoplenty:hot_springs | biomesoplenty:ominous_woods | biomesoplenty:pumpkin_patch | biomesoplenty:snowblossom_grove | biomeswevegone:ebony_woods | biomeswevegone:frosted_coniferous_forest | biomeswevegone:maple_taiga | biomeswevegone:redwood_thicket | biomeswevegone:sakura_grove | biomeswevegone:skyris_vale | biomeswevegone:weeping_witch_forest | biomeswevegone:zelkova_forest | natures_spirit:floral_ridges | natures_spirit:windswept_sugi_forest | regions_unexplored:ashen_woodland | regions_unexplored:cold_deciduous_forest | regions_unexplored:frozen_pine_taiga | regions_unexplored:grassland | regions_unexplored:icy_heights | regions_unexplored:maple_forest | regions_unexplored:orchard | regions_unexplored:redwoods | regions_unexplored:spires
nova_structures:village_birch,dungeons-and-taverns-v4.4.4 [NeoForge].jar,data/nova_structures/worldgen/structure/village_birch.json,#nova_structures:collections/birch_forests,surface/other,Other/undetermined,surface_structures,"{""absolute"":0}",beard_thin,nova_structures:villages_birch,0,0,,,False,clifftree:birch_forests,clifftree:birch_forests,
nova_structures:village_jungle,dungeons-and-taverns-v4.4.4 [NeoForge].jar,data/nova_structures/worldgen/structure/village_jungle.json,"[""minecraft:sparse_jungle""]",surface/other,Other/undetermined,surface_structures,"{""absolute"":0}",beard_thin,nova_structures:villages_jungle,0,0,,,True,,,
nova_structures:village_swamp,dungeons-and-taverns-v4.4.4 [NeoForge].jar,data/nova_structures/worldgen/structure/village_swamp.json,#nova_structures:collections/swamps,surface/other,Overworld,surface_structures,"{""absolute"":0}",beard_thin,nova_structures:villages_swamp,4,4,,,False,c:swamp | forge:is_swamp,,biomesoplenty:hot_springs | biomeswevegone:bayou | regions_unexplored:fen | regions_unexplored:marsh
nova_structures:well_birch,dungeons-and-taverns-v4.4.4 [NeoForge].jar,data/nova_structures/worldgen/structure/well_birch.json,#nova_structures:collections/birch_forests,surface/other,Other/undetermined,surface_structures,"{""absolute"":0}",beard_box,nova_structures:wells,0,0,,,False,clifftree:birch_forests,clifftree:birch_forests,
nova_structures:well_dark_oak,dungeons-and-taverns-v4.4.4 [NeoForge].jar,data/nova_structures/worldgen/structure/well_dark_oak.json,#nova_structures:collections/spooky_forests,surface/other,Overworld,surface_structures,"{""absolute"":0}",beard_box,nova_structures:wells,3,3,,,False,c:dead | forge:is_dead | forge:is_spooky,c:dead | forge:is_dead | forge:is_spooky,biomesoplenty:ominous_woods | regions_unexplored:maple_forest | regions_unexplored:redwoods
nova_structures:well_jungle,dungeons-and-taverns-v4.4.4 [NeoForge].jar,data/nova_structures/worldgen/structure/well_jungle.json,#nova_structures:collections/jungles,surface/other,Overworld,surface_structures,"{""absolute"":0}",beard_box,nova_structures:wells,3,3,,,False,c:in_jungle | forge:is_jungle,c:in_jungle,biomeswevegone:bayou | biomeswevegone:crag_gardens | biomeswevegone:ebony_woods
nova_structures:well_oak,dungeons-and-taverns-v4.4.4 [NeoForge].jar,data/nova_structures/worldgen/structure/well_oak.json,#nova_structures:collections/oak_structure_biomes,surface/other,Overworld,surface_structures,"{""absolute"":0}",beard_box,nova_structures:wells,17,17,,,False,c:plains | forge:is_forest,c:plains,biomesoplenty:auroral_garden | biomesoplenty:ominous_woods | biomesoplenty:snowblossom_grove | biomeswevegone:ebony_woods | biomeswevegone:frosted_coniferous_forest | biomeswevegone:redwood_thicket | biomeswevegone:sakura_grove | biomeswevegone:skyris_vale | biomeswevegone:weeping_witch_forest | biomeswevegone:zelkova_forest | natures_spirit:windswept_sugi_forest | regions_unexplored:ashen_woodland | regions_unexplored:cold_deciduous_forest | regions_unexplored:grassland | regions_unexplored:maple_forest | regions_unexplored:orchard | regions_unexplored:redwoods
nova_structures:well_savana,dungeons-and-taverns-v4.4.4 [NeoForge].jar,data/nova_structures/worldgen/structure/well_savana.json,#nova_structures:collections/savannas,surface/other,Other/undetermined,surface_structures,"{""absolute"":0}",beard_box,nova_structures:wells,0,0,,,False,c:savanna | forge:is_savanna,c:savanna | forge:is_savanna,
nova_structures:well_spruce,dungeons-and-taverns-v4.4.4 [NeoForge].jar,data/nova_structures/worldgen/structure/well_spruce.json,#nova_structures:collections/any_taiga,surface/other,Overworld,surface_structures,"{""absolute"":0}",beard_box,nova_structures:wells,1,1,,,False,,,regions_unexplored:maple_forest
nova_structures:wild_ruin,dungeons-and-taverns-v4.4.4 [NeoForge].jar,data/nova_structures/worldgen/structure/wild_ruin.json,#nova_structures:collections/land,surface/other,Overworld,surface_structures,"{""absolute"":0}",beard_thin,nova_structures:wild_ruin,32,32,,,False,byg:is_floral | byg:is_icy | c:badlands | c:beach | c:caves | c:desert | c:extreme_hills | c:floral | c:flower_forests | c:forest | c:in_jungle | c:in_mesa | c:mountain | c:mountain_peak | c:mountain_slope | c:mushroom | c:plains | c:savanna | c:snowy_plains | c:swamp | c:underground | clifftree:all_caves | clifftree:birch_forests | forge:is_badlands | forge:is_beach | forge:is_desert | forge:is_forest | forge:is_hills | forge:is_icy | forge:is_jungle | forge:is_mesa | forge:is_mushroom | forge:is_peak | forge:is_savanna | forge:is_swamp | forge:is_underground,byg:is_floral | byg:is_icy | c:badlands | c:caves | c:desert | c:floral | c:in_jungle | c:in_mesa | c:mushroom | c:plains | c:savanna | c:snowy_plains | c:underground | clifftree:all_caves | clifftree:birch_forests | forge:is_badlands | forge:is_desert | forge:is_mesa | forge:is_mushroom | forge:is_savanna | forge:is_underground,biomesoplenty:auroral_garden | biomesoplenty:highland | biomesoplenty:hot_springs | biomesoplenty:ominous_woods | biomesoplenty:pumpkin_patch | biomesoplenty:snowblossom_grove | biomesoplenty:volcano | biomeswevegone:bayou | biomeswevegone:crag_gardens | biomeswevegone:ebony_woods | biomeswevegone:frosted_coniferous_forest | biomeswevegone:redwood_thicket | biomeswevegone:sakura_grove | biomeswevegone:shattered_glacier | biomeswevegone:skyris_vale | biomeswevegone:weeping_witch_forest | biomeswevegone:zelkova_forest | natures_spirit:alpine_clearings | natures_spirit:floral_ridges | natures_spirit:windswept_sugi_forest | regions_unexplored:ashen_woodland | regions_unexplored:cold_deciduous_forest | regions_unexplored:fen | regions_unexplored:flower_fields | regions_unexplored:grassy_beach | regions_unexplored:icy_heights | regions_unexplored:maple_forest | regions_unexplored:marsh | regions_unexplored:orchard | regions_unexplored:redwoods | regions_unexplored:rocky_meadow | regions_unexplored:spires
nova_structures:witch_villa,dungeons-and-taverns-v4.4.4 [NeoForge].jar,data/nova_structures/worldgen/structure/witch_villa.json,#nova_structures:collections/swamps,surface/other,Overworld,surface_structures,"{""absolute"":63}",beard_box,nova_structures:swamp_structure,4,4,,,False,c:swamp | forge:is_swamp,,biomesoplenty:hot_springs | biomeswevegone:bayou | regions_unexplored:fen | regions_unexplored:marsh
pasterdream:aaroncos_arena_portal,pasterdream-0.9.6.jar,data/pasterdream/worldgen/structure/aaroncos_arena_portal.json,pasterdream:biome_shadow_0,underground,Other/undetermined,surface_structures,"{""absolute"":-4}",beard_thin,pasterdream:aaroncos_arena_portal,0,0,,,False,,,
pasterdream:aaroncos_arena_portals,pasterdream-0.9.6.jar,data/pasterdream/worldgen/structure/aaroncos_arena_portals.json,#minecraft:is_overworld,surface/other,Overworld,surface_structures,"{""absolute"":24}",beard_thin,pasterdream:aaroncos_arena_portals_set,40,40,,,False,,,biomesoplenty:auroral_garden | biomesoplenty:highland | biomesoplenty:hot_springs | biomesoplenty:ominous_woods | biomesoplenty:pumpkin_patch | biomesoplenty:snowblossom_grove | biomesoplenty:volcano | biomeswevegone:bayou | biomeswevegone:crag_gardens | biomeswevegone:ebony_woods | biomeswevegone:frosted_coniferous_forest | biomeswevegone:lush_stacks | biomeswevegone:maple_taiga | biomeswevegone:prairie | biomeswevegone:redwood_thicket | biomeswevegone:sakura_grove | biomeswevegone:shattered_glacier | biomeswevegone:skyris_vale | biomeswevegone:weeping_witch_forest | biomeswevegone:zelkova_forest | natures_spirit:alpine_clearings | natures_spirit:floral_ridges | natures_spirit:windswept_sugi_forest | regions_unexplored:ashen_woodland | regions_unexplored:cold_deciduous_forest | regions_unexplored:fen | regions_unexplored:flower_fields | regions_unexplored:frozen_pine_taiga | regions_unexplored:grassland | regions_unexplored:grassy_beach | regions_unexplored:hyacinth_deeps | regions_unexplored:icy_heights | regions_unexplored:maple_forest | regions_unexplored:marsh | regions_unexplored:muddy_river | regions_unexplored:orchard | regions_unexplored:redwoods | regions_unexplored:rocky_meadow | regions_unexplored:rocky_reef | regions_unexplored:spires
pasterdream:big_bubbles_0,pasterdream-0.9.6.jar,data/pasterdream/worldgen/structure/big_bubbles_0.json,pasterdream:biome_dyedream_3,surface/other,Other/undetermined,surface_structures,"{""max_inclusive"":{""absolute"":40},""min_inclusive"":{""absolute"":24},""type"":""very_biased_to_bottom""}",none,pasterdream:big_bubbles_0,0,0,,,False,,,
pasterdream:big_bubbles_1,pasterdream-0.9.6.jar,data/pasterdream/worldgen/structure/big_bubbles_1.json,pasterdream:biome_dyedream_3,surface/other,Other/undetermined,surface_structures,"{""max_inclusive"":{""absolute"":32},""min_inclusive"":{""absolute"":18},""type"":""very_biased_to_bottom""}",none,pasterdream:big_bubbles_1,0,0,,,False,,,
pasterdream:big_bubbles_2,pasterdream-0.9.6.jar,data/pasterdream/worldgen/structure/big_bubbles_2.json,pasterdream:biome_dyedream_3,surface/other,Other/undetermined,surface_structures,"{""max_inclusive"":{""absolute"":24},""min_inclusive"":{""absolute"":12},""type"":""very_biased_to_bottom""}",none,pasterdream:big_bubbles_2,0,0,,,False,,,
pasterdream:big_bubbles_3,pasterdream-0.9.6.jar,data/pasterdream/worldgen/structure/big_bubbles_3.json,pasterdream:biome_dyedream_3,surface/other,Other/undetermined,surface_structures,"{""max_inclusive"":{""absolute"":25},""min_inclusive"":{""absolute"":19},""type"":""very_biased_to_bottom""}",none,pasterdream:big_bubbles_3,0,0,,,False,,,
pasterdream:big_bubbles_4,pasterdream-0.9.6.jar,data/pasterdream/worldgen/structure/big_bubbles_4.json,pasterdream:biome_dyedream_3,surface/other,Other/undetermined,surface_structures,"{""max_inclusive"":{""absolute"":9},""min_inclusive"":{""absolute"":1},""type"":""very_biased_to_bottom""}",none,pasterdream:big_bubbles_4,0,0,,,False,,,
pasterdream:big_bubbles_5,pasterdream-0.9.6.jar,data/pasterdream/worldgen/structure/big_bubbles_5.json,pasterdream:biome_dyedream_3,surface/other,Other/undetermined,surface_structures,"{""max_inclusive"":{""absolute"":10},""min_inclusive"":{""absolute"":2},""type"":""very_biased_to_bottom""}",none,pasterdream:big_bubbles_5,0,0,,,False,,,
pasterdream:big_bubbles_6,pasterdream-0.9.6.jar,data/pasterdream/worldgen/structure/big_bubbles_6.json,pasterdream:wind_journey_biome_1,surface/other,Other/undetermined,surface_structures,"{""max_inclusive"":{""absolute"":64},""min_inclusive"":{""absolute"":42},""type"":""very_biased_to_bottom""}",none,pasterdream:big_bubbles_6,0,0,,,False,,,
pasterdream:big_bubbles_7,pasterdream-0.9.6.jar,data/pasterdream/worldgen/structure/big_bubbles_7.json,pasterdream:wind_journey_biome_1,surface/other,Other/undetermined,surface_structures,"{""max_inclusive"":{""absolute"":63},""min_inclusive"":{""absolute"":43},""type"":""very_biased_to_bottom""}",none,pasterdream:big_bubbles_7,0,0,,,False,,,
pasterdream:bocchi_0,pasterdream-0.9.6.jar,data/pasterdream/worldgen/structure/bocchi_0.json,pasterdream:wind_journey_biome_1,surface/other,Other/undetermined,surface_structures,"{""max_inclusive"":{""absolute"":140},""min_inclusive"":{""absolute"":78},""type"":""very_biased_to_bottom""}",none,pasterdream:bocchi_0,0,0,,,False,,,
pasterdream:bocchi_1,pasterdream-0.9.6.jar,data/pasterdream/worldgen/structure/bocchi_1.json,pasterdream:wind_journey_biome_1,surface/other,Other/undetermined,surface_structures,"{""max_inclusive"":{""absolute"":140},""min_inclusive"":{""absolute"":78},""type"":""very_biased_to_bottom""}",none,pasterdream:bocchi_1,0,0,,,False,,,
pasterdream:breakwind_curtain_0,pasterdream-0.9.6.jar,data/pasterdream/worldgen/structure/breakwind_curtain_0.json,pasterdream:wind_journey_biome_1,surface/other,Other/undetermined,surface_structures,"{""max_inclusive"":{""absolute"":116},""min_inclusive"":{""absolute"":74},""type"":""very_biased_to_bottom""}",none,pasterdream:breakwind_curtain_0,0,0,,,False,,,
pasterdream:crystal_ball_0,pasterdream-0.9.6.jar,data/pasterdream/worldgen/structure/crystal_ball_0.json,#pasterdream:dyedream_biome,surface/other,Other/undetermined,surface_structures,"{""absolute"":42}",none,pasterdream:crystal_ball_0,0,0,,,False,,,
pasterdream:crystal_ball_1,pasterdream-0.9.6.jar,data/pasterdream/worldgen/structure/crystal_ball_1.json,#pasterdream:dyedream_biome,surface/other,Other/undetermined,surface_structures,"{""absolute"":35}",none,pasterdream:crystal_ball_1,0,0,,,False,,,
pasterdream:desert_cottage_0,pasterdream-0.9.6.jar,data/pasterdream/worldgen/structure/desert_cottage_0.json,desert,surface/other,Other/undetermined,surface_structures,"{""absolute"":0}",beard_thin,pasterdream:desert_cottage_0_set,0,0,,,True,,,
pasterdream:desert_fortress_0,pasterdream-0.9.6.jar,data/pasterdream/worldgen/structure/desert_fortress_0.json,desert,underground,Other/undetermined,surface_structures,"{""absolute"":-33}",beard_thin,pasterdream:desert_fortress_0_set,0,0,,,True,,,
pasterdream:dream_church_0,pasterdream-0.9.6.jar,data/pasterdream/worldgen/structure/dream_church_0.json,#pasterdream:dyedream_biome,surface/other,Other/undetermined,surface_structures,"{""absolute"":32}",none,pasterdream:dream_church_0_set,0,0,,,False,,,
pasterdream:dream_church_1,pasterdream-0.9.6.jar,data/pasterdream/worldgen/structure/dream_church_1.json,#pasterdream:dyedream_biome,surface/other,Other/undetermined,surface_structures,"{""absolute"":32}",none,pasterdream:dream_church_1_set,0,0,,,False,,,
pasterdream:dream_church_10,pasterdream-0.9.6.jar,data/pasterdream/worldgen/structure/dream_church_10.json,pasterdream:biome_dyedream_0,surface/other,Other/undetermined,surface_structures,"{""absolute"":37}",none,pasterdream:dream_church_10,0,0,,,False,,,
pasterdream:dream_church_2,pasterdream-0.9.6.jar,data/pasterdream/worldgen/structure/dream_church_2.json,#pasterdream:dyedream_biome,surface/other,Other/undetermined,surface_structures,"{""absolute"":32}",none,pasterdream:dream_church_2_set,0,0,,,False,,,
pasterdream:dream_church_3,pasterdream-0.9.6.jar,data/pasterdream/worldgen/structure/dream_church_3.json,#pasterdream:dyedream_biome,surface/other,Other/undetermined,surface_structures,"{""absolute"":32}",none,pasterdream:dream_church_3_set,0,0,,,False,,,
pasterdream:dream_church_4,pasterdream-0.9.6.jar,data/pasterdream/worldgen/structure/dream_church_4.json,#pasterdream:dyedream_biome,surface/other,Other/undetermined,surface_structures,"{""absolute"":32}",none,pasterdream:dream_church_4_set,0,0,,,False,,,
pasterdream:dream_church_5,pasterdream-0.9.6.jar,data/pasterdream/worldgen/structure/dream_church_5.json,#pasterdream:dyedream_biome,surface/other,Other/undetermined,surface_structures,"{""absolute"":32}",none,pasterdream:dream_church_5_set,0,0,,,False,,,
pasterdream:dream_church_6,pasterdream-0.9.6.jar,data/pasterdream/worldgen/structure/dream_church_6.json,#pasterdream:dyedream_biome,surface/other,Other/undetermined,surface_structures,"{""absolute"":32}",none,pasterdream:dream_church_6_set,0,0,,,False,,,
pasterdream:dream_church_7,pasterdream-0.9.6.jar,data/pasterdream/worldgen/structure/dream_church_7.json,#pasterdream:dyedream_biome,surface/other,Other/undetermined,surface_structures,"{""absolute"":32}",none,pasterdream:dream_church_7_set,0,0,,,False,,,
pasterdream:dream_church_8,pasterdream-0.9.6.jar,data/pasterdream/worldgen/structure/dream_church_8.json,#pasterdream:dyedream_biome,surface/other,Other/undetermined,surface_structures,"{""absolute"":32}",none,pasterdream:dream_church_8,0,0,,,False,,,
pasterdream:dream_church_9,pasterdream-0.9.6.jar,data/pasterdream/worldgen/structure/dream_church_9.json,#pasterdream:dyedream_biome,surface/other,Other/undetermined,surface_structures,"{""absolute"":32}",none,pasterdream:dream_church_9,0,0,,,False,,,
pasterdream:dream_train,pasterdream-0.9.6.jar,data/pasterdream/worldgen/structure/dream_train.json,"[""pasterdream:biome_dyedream_0"", ""pasterdream:biome_dyedream_1"", ""pasterdream:biome_dyedream_2"", ""pasterdream:biome_dyedream_3""]",surface/other,Other/undetermined,surface_structures,"{""absolute"":55}",none,pasterdream:dream_train_set,0,0,,,False,,,
pasterdream:dream_wishingtree_0,pasterdream-0.9.6.jar,data/pasterdream/worldgen/structure/dream_wishingtree_0.json,#pasterdream:dyedream_biome,surface/other,Other/undetermined,surface_structures,"{""absolute"":34}",none,pasterdream:dream_wishingtree_0_set,0,0,,,False,,,
pasterdream:dream_wishingtree_1,pasterdream-0.9.6.jar,data/pasterdream/worldgen/structure/dream_wishingtree_1.json,#pasterdream:dyedream_biome,surface/other,Other/undetermined,surface_structures,"{""absolute"":33}",none,pasterdream:dream_wishingtree_1_set,0,0,,,False,,,
pasterdream:dyedream_campsite_0,pasterdream-0.9.6.jar,data/pasterdream/worldgen/structure/dyedream_campsite_0.json,pasterdream:biome_dyedream_0,underground,Other/undetermined,surface_structures,"{""absolute"":-4}",none,pasterdream:dyedream_campsite_0_set,0,0,,,False,,,
pasterdream:dyedream_floating_temple,pasterdream-0.9.6.jar,data/pasterdream/worldgen/structure/dyedream_floating_temple.json,"[""pasterdream:biome_dyedream_0"", ""pasterdream:biome_dyedream_1"", ""pasterdream:biome_dyedream_2"", ""pasterdream:biome_dyedream_3""]",surface/other,Other/undetermined,surface_structures,"{""absolute"":39}",none,pasterdream:dyedream_floating_temple_set,0,0,,,False,,,
pasterdream:dyedream_laboratory_0,pasterdream-0.9.6.jar,data/pasterdream/worldgen/structure/dyedream_laboratory_0.json,pasterdream:biome_dyedream_0,underground,Other/undetermined,surface_structures,"{""absolute"":-21}",beard_thin,pasterdream:dyedream_laboratory_0_set,0,0,,,False,,,
pasterdream:dyedream_pavilion_0,pasterdream-0.9.6.jar,data/pasterdream/worldgen/structure/dyedream_pavilion_0.json,pasterdream:biome_dyedream_0,underground,Other/undetermined,surface_structures,"{""absolute"":-4}",none,pasterdream:dyedream_pavilion_0_set,0,0,,,False,,,
pasterdream:dyedream_pavilion_1,pasterdream-0.9.6.jar,data/pasterdream/worldgen/structure/dyedream_pavilion_1.json,pasterdream:biome_dyedream_0,underground,Other/undetermined,surface_structures,"{""absolute"":-2}",beard_thin,pasterdream:dyedream_pavilion_1_set,0,0,,,False,,,
pasterdream:dyedream_pavilion_2,pasterdream-0.9.6.jar,data/pasterdream/worldgen/structure/dyedream_pavilion_2.json,pasterdream:biome_dyedream_0,underground,Other/undetermined,surface_structures,"{""absolute"":-2}",beard_thin,pasterdream:dyedream_pavilion_2_set,0,0,,,False,,,
pasterdream:dyedream_tavern,pasterdream-0.9.6.jar,data/pasterdream/worldgen/structure/dyedream_tavern.json,pasterdream:biome_dyedream_0,underground,Other/undetermined,surface_structures,"{""absolute"":-4}",none,pasterdream:dyedream_tavern_set,0,0,,,False,,,
pasterdream:dyedream_tower_0,pasterdream-0.9.6.jar,data/pasterdream/worldgen/structure/dyedream_tower_0.json,pasterdream:biome_dyedream_0,underground,Other/undetermined,surface_structures,"{""absolute"":-3}",none,pasterdream:dyedream_tower_0_set,0,0,,,False,,,
pasterdream:dyedream_tower_1,pasterdream-0.9.6.jar,data/pasterdream/worldgen/structure/dyedream_tower_1.json,pasterdream:biome_dyedream_0,underground,Other/undetermined,surface_structures,"{""absolute"":-3}",none,pasterdream:dyedream_tower_1_set,0,0,,,False,,,
pasterdream:dyedream_worldtree_0,pasterdream-0.9.6.jar,data/pasterdream/worldgen/structure/dyedream_worldtree_0.json,pasterdream:biome_dyedream_0,underground,Other/undetermined,surface_structures,"{""absolute"":-25}",none,pasterdream:dyedream_worldtree_0_set,0,0,,,False,,,
pasterdream:dyedream_worldtree_1,pasterdream-0.9.6.jar,data/pasterdream/worldgen/structure/dyedream_worldtree_1.json,pasterdream:biome_dyedream_0,underground,Other/undetermined,surface_structures,"{""absolute"":-25}",none,pasterdream:dyedream_worldtree_1_set,0,0,,,False,,,
pasterdream:fisherman_hut_0,pasterdream-0.9.6.jar,data/pasterdream/worldgen/structure/fisherman_hut_0.json,beach,underground,Other/undetermined,surface_structures,"{""absolute"":-1}",none,pasterdream:fisherman_hut_0,0,0,,,True,,,
pasterdream:fisherman_hut_1,pasterdream-0.9.6.jar,data/pasterdream/worldgen/structure/fisherman_hut_1.json,beach,underground,Other/undetermined,surface_structures,"{""absolute"":-3}",none,pasterdream:fisherman_hut_1,0,0,,,True,,,
pasterdream:fourleaf_clover_plant,pasterdream-0.9.6.jar,data/pasterdream/worldgen/structure/fourleaf_clover_plant.json,plains,surface/other,Overworld,surface_structures,"{""absolute"":1}",none,pasterdream:fourleaf_clover_plant,0,0,,,True,,,
pasterdream:garden_decryption_0,pasterdream-0.9.6.jar,data/pasterdream/worldgen/structure/garden_decryption_0.json,pasterdream:biome_dyedream_0,underground,Other/undetermined,surface_structures,"{""absolute"":-4}",beard_thin,pasterdream:garden_decryption_0_set,0,0,,,False,,,
pasterdream:garden_decryption_1,pasterdream-0.9.6.jar,data/pasterdream/worldgen/structure/garden_decryption_1.json,pasterdream:biome_dyedream_2,underground,Other/undetermined,surface_structures,"{""absolute"":-4}",beard_thin,pasterdream:garden_decryption_1_set,0,0,,,False,,,
pasterdream:garden_decryption_2,pasterdream-0.9.6.jar,data/pasterdream/worldgen/structure/garden_decryption_2.json,"[""pasterdream:biome_dyedream_0"", ""pasterdream:biome_dyedream_3""]",surface/other,Other/undetermined,surface_structures,"{""absolute"":36}",none,pasterdream:garden_decryption_2_set,0,0,,,False,,,
pasterdream:hakurei_reimu,pasterdream-0.9.6.jar,data/pasterdream/worldgen/structure/hakurei_reimu.json,pasterdream:wind_journey_biome_1,surface/other,Other/undetermined,surface_structures,"{""max_inclusive"":{""absolute"":140},""min_inclusive"":{""absolute"":78},""type"":""very_biased_to_bottom""}",none,pasterdream:hakurei_reimu,0,0,,,False,,,
pasterdream:hot_air_balloon_0,pasterdream-0.9.6.jar,data/pasterdream/worldgen/structure/hot_air_balloon_0.json,pasterdream:wind_journey_biome_1,surface/other,Other/undetermined,surface_structures,"{""max_inclusive"":{""absolute"":124},""min_inclusive"":{""absolute"":75},""type"":""very_biased_to_bottom""}",none,pasterdream:hot_air_balloon_0,0,0,,,False,,,
pasterdream:hot_air_balloon_1,pasterdream-0.9.6.jar,data/pasterdream/worldgen/structure/hot_air_balloon_1.json,pasterdream:wind_journey_biome_1,surface/other,Other/undetermined,surface_structures,"{""max_inclusive"":{""absolute"":124},""min_inclusive"":{""absolute"":75},""type"":""very_biased_to_bottom""}",none,pasterdream:hot_air_balloon_1,0,0,,,False,,,
pasterdream:hot_air_balloon_2,pasterdream-0.9.6.jar,data/pasterdream/worldgen/structure/hot_air_balloon_2.json,pasterdream:wind_journey_biome_1,surface/other,Other/undetermined,surface_structures,"{""max_inclusive"":{""absolute"":124},""min_inclusive"":{""absolute"":75},""type"":""very_biased_to_bottom""}",none,pasterdream:hot_air_balloon_2,0,0,,,False,,,
pasterdream:hot_air_balloon_3,pasterdream-0.9.6.jar,data/pasterdream/worldgen/structure/hot_air_balloon_3.json,pasterdream:wind_journey_biome_1,surface/other,Other/undetermined,surface_structures,"{""max_inclusive"":{""absolute"":126},""min_inclusive"":{""absolute"":76},""type"":""very_biased_to_bottom""}",none,pasterdream:hot_air_balloon_3,0,0,,,False,,,
pasterdream:hot_air_balloon_4,pasterdream-0.9.6.jar,data/pasterdream/worldgen/structure/hot_air_balloon_4.json,pasterdream:wind_journey_biome_1,surface/other,Other/undetermined,surface_structures,"{""max_inclusive"":{""absolute"":125},""min_inclusive"":{""absolute"":77},""type"":""very_biased_to_bottom""}",none,pasterdream:hot_air_balloon_4,0,0,,,False,,,
pasterdream:hot_air_balloon_5,pasterdream-0.9.6.jar,data/pasterdream/worldgen/structure/hot_air_balloon_5.json,pasterdream:wind_journey_biome_1,surface/other,Other/undetermined,surface_structures,"{""max_inclusive"":{""absolute"":125},""min_inclusive"":{""absolute"":77},""type"":""very_biased_to_bottom""}",none,pasterdream:hot_air_balloon_5,0,0,,,False,,,
pasterdream:hot_air_balloon_6,pasterdream-0.9.6.jar,data/pasterdream/worldgen/structure/hot_air_balloon_6.json,pasterdream:wind_journey_biome_1,surface/other,Other/undetermined,surface_structures,"{""max_inclusive"":{""absolute"":127},""min_inclusive"":{""absolute"":79},""type"":""very_biased_to_bottom""}",none,pasterdream:hot_air_balloon_6,0,0,,,False,,,
pasterdream:hot_air_balloon_7,pasterdream-0.9.6.jar,data/pasterdream/worldgen/structure/hot_air_balloon_7.json,pasterdream:wind_journey_biome_1,surface/other,Other/undetermined,surface_structures,"{""max_inclusive"":{""absolute"":129},""min_inclusive"":{""absolute"":82},""type"":""very_biased_to_bottom""}",none,pasterdream:hot_air_balloon_7,0,0,,,False,,,
pasterdream:lifecrystal_cave_0,pasterdream-0.9.6.jar,data/pasterdream/worldgen/structure/lifecrystal_cave_0.json,"[""pasterdream:biome_dyedream_0"", ""pasterdream:biome_dyedream_1""]",underground,Other/undetermined,surface_structures,"{""absolute"":-32}",none,pasterdream:lifecrystal_cave_0,0,0,,,False,,,
pasterdream:lost_sword_0,pasterdream-0.9.6.jar,data/pasterdream/worldgen/structure/lost_sword_0.json,#is_jungle,underground,Overworld,surface_structures,"{""absolute"":-3}",beard_thin,pasterdream:lost_sword_0,3,3,,,False,,,biomeswevegone:bayou | biomeswevegone:crag_gardens | biomeswevegone:ebony_woods
pasterdream:lost_windknight_ruins,pasterdream-0.9.6.jar,data/pasterdream/worldgen/structure/lost_windknight_ruins.json,pasterdream:wind_journey_biome_0,surface/other,Other/undetermined,surface_structures,"{""max_inclusive"":{""absolute"":120},""min_inclusive"":{""absolute"":100},""type"":""very_biased_to_bottom""}",none,pasterdream:lost_windknight_ruins,0,0,,,False,,,
pasterdream:meltdream_liquid_well_0,pasterdream-0.9.6.jar,data/pasterdream/worldgen/structure/meltdream_liquid_well_0.json,pasterdream:biome_dyedream_0,underground,Other/undetermined,surface_structures,"{""absolute"":-33}",beard_thin,pasterdream:meltdream_liquid_well_0_set,0,0,,,False,,,
pasterdream:meltdream_liquid_well_1,pasterdream-0.9.6.jar,data/pasterdream/worldgen/structure/meltdream_liquid_well_1.json,pasterdream:biome_dyedream_0,underground,Other/undetermined,surface_structures,"{""absolute"":-34}",beard_thin,pasterdream:meltdream_liquid_well_1_set,0,0,,,False,,,
pasterdream:picnic_basket_structure,pasterdream-0.9.6.jar,data/pasterdream/worldgen/structure/picnic_basket_structure.json,"[""plains"", ""pasterdream:biome_dyedream_0"", ""pasterdream:biome_dyedream_1"", ""pasterdream:biome_dyedream_2"", ""pasterdream:wind_journey_biome_0""]",surface/other,Overworld,surface_structures,"{""absolute"":1}",none,pasterdream:picnic_basket_structure_set,0,0,,,False,,,
pasterdream:pinkagaric_house_0,pasterdream-0.9.6.jar,data/pasterdream/worldgen/structure/pinkagaric_house_0.json,pasterdream:biome_dyedream_1,underground,Other/undetermined,surface_structures,"{""absolute"":-4}",none,pasterdream:pinkagaric_house_0_set,0,0,,,False,,,
pasterdream:pinkagaric_house_1,pasterdream-0.9.6.jar,data/pasterdream/worldgen/structure/pinkagaric_house_1.json,pasterdream:biome_dyedream_1,underground,Other/undetermined,surface_structures,"{""absolute"":-4}",none,pasterdream:pinkagaric_house_1_set,0,0,,,False,,,
pasterdream:pinkagaric_house_2,pasterdream-0.9.6.jar,data/pasterdream/worldgen/structure/pinkagaric_house_2.json,pasterdream:biome_dyedream_1,underground,Other/undetermined,surface_structures,"{""absolute"":-4}",none,pasterdream:pinkagaric_house_2_set,0,0,,,False,,,
pasterdream:pinkagaric_house_3,pasterdream-0.9.6.jar,data/pasterdream/worldgen/structure/pinkagaric_house_3.json,pasterdream:biome_dyedream_1,underground,Other/undetermined,surface_structures,"{""absolute"":-4}",none,pasterdream:pinkagaric_house_3_set,0,0,,,False,,,
pasterdream:shadow_chain_0,pasterdream-0.9.6.jar,data/pasterdream/worldgen/structure/shadow_chain_0.json,pasterdream:biome_shadow_0,underground,Other/undetermined,surface_structures,"{""absolute"":-1}",none,pasterdream:shadow_chain_0,0,0,,,False,,,
pasterdream:shadow_chain_1,pasterdream-0.9.6.jar,data/pasterdream/worldgen/structure/shadow_chain_1.json,pasterdream:biome_shadow_0,underground,Other/undetermined,surface_structures,"{""absolute"":-1}",none,pasterdream:shadow_chain_1,0,0,,,False,,,
pasterdream:shadow_chain_2,pasterdream-0.9.6.jar,data/pasterdream/worldgen/structure/shadow_chain_2.json,pasterdream:biome_shadow_0,underground,Other/undetermined,surface_structures,"{""absolute"":-2}",none,pasterdream:shadow_chain_2,0,0,,,False,,,
pasterdream:shadow_chain_3,pasterdream-0.9.6.jar,data/pasterdream/worldgen/structure/shadow_chain_3.json,pasterdream:biome_shadow_0,underground,Other/undetermined,surface_structures,"{""absolute"":-4}",none,pasterdream:shadow_chain_3,0,0,,,False,,,
pasterdream:shadow_chain_4,pasterdream-0.9.6.jar,data/pasterdream/worldgen/structure/shadow_chain_4.json,pasterdream:biome_shadow_0,surface/other,Other/undetermined,surface_structures,"{""absolute"":0}",none,pasterdream:shadow_chain_4,0,0,,,False,,,
pasterdream:shadow_dungeon,pasterdream-0.9.6.jar,data/pasterdream/worldgen/structure/shadow_dungeon.json,pasterdream:biome_shadow_0,underground,Other/undetermined,surface_structures,"{""absolute"":-76}",none,pasterdream:shadow_dungeon,0,0,,,False,,,
pasterdream:shadow_foundry_0,pasterdream-0.9.6.jar,data/pasterdream/worldgen/structure/shadow_foundry_0.json,pasterdream:biome_shadow_2,underground,Other/undetermined,surface_structures,"{""absolute"":-4}",beard_thin,pasterdream:shadow_foundry_0,0,0,,,False,,,
pasterdream:shadow_foundry_1,pasterdream-0.9.6.jar,data/pasterdream/worldgen/structure/shadow_foundry_1.json,pasterdream:biome_shadow_2,underground,Other/undetermined,surface_structures,"{""absolute"":-4}",beard_thin,pasterdream:shadow_foundry_1,0,0,,,False,,,
pasterdream:shadow_foundry_2,pasterdream-0.9.6.jar,data/pasterdream/worldgen/structure/shadow_foundry_2.json,pasterdream:biome_shadow_2,underground,Other/undetermined,surface_structures,"{""absolute"":-4}",beard_thin,pasterdream:shadow_foundry_2,0,0,,,False,,,
pasterdream:shadow_fungus_house_0,pasterdream-0.9.6.jar,data/pasterdream/worldgen/structure/shadow_fungus_house_0.json,pasterdream:biome_shadow_1,underground,Other/undetermined,surface_structures,"{""absolute"":-2}",beard_thin,pasterdream:shadow_fungus_house_0,0,0,,,False,,,
pasterdream:shadow_fungus_house_1,pasterdream-0.9.6.jar,data/pasterdream/worldgen/structure/shadow_fungus_house_1.json,pasterdream:biome_shadow_1,underground,Other/undetermined,surface_structures,"{""absolute"":-2}",beard_thin,pasterdream:shadow_fungus_house_1,0,0,,,False,,,
pasterdream:shadow_fungus_nest_0,pasterdream-0.9.6.jar,data/pasterdream/worldgen/structure/shadow_fungus_nest_0.json,pasterdream:biome_shadow_1,underground,Other/undetermined,surface_structures,"{""absolute"":-1}",beard_thin,pasterdream:shadow_fungus_nest_0,0,0,,,False,,,
pasterdream:shadow_fungus_nest_1,pasterdream-0.9.6.jar,data/pasterdream/worldgen/structure/shadow_fungus_nest_1.json,pasterdream:biome_shadow_1,underground,Other/undetermined,surface_structures,"{""absolute"":-1}",beard_thin,pasterdream:shadow_fungus_nest_1,0,0,,,False,,,
pasterdream:shadow_fungus_nest_2,pasterdream-0.9.6.jar,data/pasterdream/worldgen/structure/shadow_fungus_nest_2.json,pasterdream:biome_shadow_1,underground,Other/undetermined,surface_structures,"{""absolute"":-1}",beard_thin,pasterdream:shadow_fungus_nest_2,0,0,,,False,,,
pasterdream:shadow_hand_0,pasterdream-0.9.6.jar,data/pasterdream/worldgen/structure/shadow_hand_0.json,pasterdream:biome_shadow_0,underground,Other/undetermined,surface_structures,"{""absolute"":-2}",beard_thin,pasterdream:shadow_hand_0,0,0,,,False,,,
pasterdream:shadow_shelter_0,pasterdream-0.9.6.jar,data/pasterdream/worldgen/structure/shadow_shelter_0.json,pasterdream:biome_shadow_2,underground,Other/undetermined,surface_structures,"{""absolute"":-4}",beard_thin,pasterdream:shadow_shelter_0,0,0,,,False,,,
pasterdream:shadow_shelter_1,pasterdream-0.9.6.jar,data/pasterdream/worldgen/structure/shadow_shelter_1.json,pasterdream:biome_shadow_2,underground,Other/undetermined,surface_structures,"{""absolute"":-4}",beard_thin,pasterdream:shadow_shelter_1,0,0,,,False,,,
pasterdream:shadow_underground_workroom_0,pasterdream-0.9.6.jar,data/pasterdream/worldgen/structure/shadow_underground_workroom_0.json,pasterdream:biome_shadow_1,underground,Other/undetermined,surface_structures,"{""absolute"":-26}",beard_thin,pasterdream:shadow_underground_workroom_0,0,0,,,False,,,
pasterdream:shadow_underground_workroom_1,pasterdream-0.9.6.jar,data/pasterdream/worldgen/structure/shadow_underground_workroom_1.json,pasterdream:biome_shadow_1,underground,Other/undetermined,surface_structures,"{""absolute"":-26}",beard_thin,pasterdream:shadow_underground_workroom_1,0,0,,,False,,,
pasterdream:shadow_world_door,pasterdream-0.9.6.jar,data/pasterdream/worldgen/structure/shadow_world_door.json,#pasterdream:has_structure/shadow_world_door,underground,Overworld,underground_structures,"{""absolute"":-60}",none,pasterdream:shadow_world_doors,40,40,,,False,,,biomesoplenty:auroral_garden | biomesoplenty:highland | biomesoplenty:hot_springs | biomesoplenty:ominous_woods | biomesoplenty:pumpkin_patch | biomesoplenty:snowblossom_grove | biomesoplenty:volcano | biomeswevegone:bayou | biomeswevegone:crag_gardens | biomeswevegone:ebony_woods | biomeswevegone:frosted_coniferous_forest | biomeswevegone:lush_stacks | biomeswevegone:maple_taiga | biomeswevegone:prairie | biomeswevegone:redwood_thicket | biomeswevegone:sakura_grove | biomeswevegone:shattered_glacier | biomeswevegone:skyris_vale | biomeswevegone:weeping_witch_forest | biomeswevegone:zelkova_forest | natures_spirit:alpine_clearings | natures_spirit:floral_ridges | natures_spirit:windswept_sugi_forest | regions_unexplored:ashen_woodland | regions_unexplored:cold_deciduous_forest | regions_unexplored:fen | regions_unexplored:flower_fields | regions_unexplored:frozen_pine_taiga | regions_unexplored:grassland | regions_unexplored:grassy_beach | regions_unexplored:hyacinth_deeps | regions_unexplored:icy_heights | regions_unexplored:maple_forest | regions_unexplored:marsh | regions_unexplored:muddy_river | regions_unexplored:orchard | regions_unexplored:redwoods | regions_unexplored:rocky_meadow | regions_unexplored:rocky_reef | regions_unexplored:spires
pasterdream:small_ballon_0,pasterdream-0.9.6.jar,data/pasterdream/worldgen/structure/small_ballon_0.json,pasterdream:wind_journey_biome_1,surface/other,Other/undetermined,surface_structures,"{""max_inclusive"":{""absolute"":120},""min_inclusive"":{""absolute"":70},""type"":""very_biased_to_bottom""}",none,pasterdream:small_ballon_0,0,0,,,False,,,
pasterdream:small_ballon_1,pasterdream-0.9.6.jar,data/pasterdream/worldgen/structure/small_ballon_1.json,pasterdream:wind_journey_biome_1,surface/other,Other/undetermined,surface_structures,"{""max_inclusive"":{""absolute"":120},""min_inclusive"":{""absolute"":70},""type"":""very_biased_to_bottom""}",none,pasterdream:small_ballon_1,0,0,,,False,,,
pasterdream:small_ballon_10,pasterdream-0.9.6.jar,data/pasterdream/worldgen/structure/small_ballon_10.json,pasterdream:wind_journey_biome_1,surface/other,Other/undetermined,surface_structures,"{""max_inclusive"":{""absolute"":120},""min_inclusive"":{""absolute"":70},""type"":""very_biased_to_bottom""}",none,pasterdream:small_ballon_10,0,0,,,False,,,
pasterdream:small_ballon_2,pasterdream-0.9.6.jar,data/pasterdream/worldgen/structure/small_ballon_2.json,pasterdream:wind_journey_biome_1,surface/other,Other/undetermined,surface_structures,"{""max_inclusive"":{""absolute"":120},""min_inclusive"":{""absolute"":70},""type"":""very_biased_to_bottom""}",none,pasterdream:small_ballon_2,0,0,,,False,,,
pasterdream:small_ballon_3,pasterdream-0.9.6.jar,data/pasterdream/worldgen/structure/small_ballon_3.json,pasterdream:wind_journey_biome_1,surface/other,Other/undetermined,surface_structures,"{""max_inclusive"":{""absolute"":120},""min_inclusive"":{""absolute"":70},""type"":""very_biased_to_bottom""}",none,pasterdream:small_ballon_3,0,0,,,False,,,
pasterdream:small_ballon_4,pasterdream-0.9.6.jar,data/pasterdream/worldgen/structure/small_ballon_4.json,pasterdream:wind_journey_biome_1,surface/other,Other/undetermined,surface_structures,"{""max_inclusive"":{""absolute"":120},""min_inclusive"":{""absolute"":70},""type"":""very_biased_to_bottom""}",none,pasterdream:small_ballon_4,0,0,,,False,,,
pasterdream:small_ballon_5,pasterdream-0.9.6.jar,data/pasterdream/worldgen/structure/small_ballon_5.json,pasterdream:wind_journey_biome_1,surface/other,Other/undetermined,surface_structures,"{""max_inclusive"":{""absolute"":120},""min_inclusive"":{""absolute"":70},""type"":""very_biased_to_bottom""}",none,pasterdream:small_ballon_5,0,0,,,False,,,
pasterdream:small_ballon_6,pasterdream-0.9.6.jar,data/pasterdream/worldgen/structure/small_ballon_6.json,pasterdream:wind_journey_biome_1,surface/other,Other/undetermined,surface_structures,"{""max_inclusive"":{""absolute"":120},""min_inclusive"":{""absolute"":70},""type"":""very_biased_to_bottom""}",none,pasterdream:small_ballon_6,0,0,,,False,,,
pasterdream:small_ballon_7,pasterdream-0.9.6.jar,data/pasterdream/worldgen/structure/small_ballon_7.json,pasterdream:wind_journey_biome_1,surface/other,Other/undetermined,surface_structures,"{""max_inclusive"":{""absolute"":120},""min_inclusive"":{""absolute"":70},""type"":""very_biased_to_bottom""}",none,pasterdream:small_ballon_7,0,0,,,False,,,
pasterdream:small_ballon_8,pasterdream-0.9.6.jar,data/pasterdream/worldgen/structure/small_ballon_8.json,pasterdream:wind_journey_biome_1,surface/other,Other/undetermined,surface_structures,"{""max_inclusive"":{""absolute"":120},""min_inclusive"":{""absolute"":70},""type"":""very_biased_to_bottom""}",none,pasterdream:small_ballon_8,0,0,,,False,,,
pasterdream:small_ballon_9,pasterdream-0.9.6.jar,data/pasterdream/worldgen/structure/small_ballon_9.json,pasterdream:wind_journey_biome_1,surface/other,Other/undetermined,surface_structures,"{""max_inclusive"":{""absolute"":120},""min_inclusive"":{""absolute"":70},""type"":""very_biased_to_bottom""}",none,pasterdream:small_ballon_9,0,0,,,False,,,
pasterdream:stone_pillar_0,pasterdream-0.9.6.jar,data/pasterdream/worldgen/structure/stone_pillar_0.json,"[""pasterdream:biome_dyedream_0"", ""pasterdream:biome_dyedream_1""]",underground,Other/undetermined,surface_structures,"{""absolute"":-5}",none,pasterdream:stone_pillar_0,0,0,,,False,,,
pasterdream:stone_pillar_1,pasterdream-0.9.6.jar,data/pasterdream/worldgen/structure/stone_pillar_1.json,"[""pasterdream:biome_dyedream_0"", ""pasterdream:biome_dyedream_1""]",underground,Other/undetermined,surface_structures,"{""absolute"":-5}",none,pasterdream:stone_pillar_1,0,0,,,False,,,
pasterdream:stone_pillar_sky_0,pasterdream-0.9.6.jar,data/pasterdream/worldgen/structure/stone_pillar_sky_0.json,#pasterdream:dyedream_biome,surface/other,Other/undetermined,surface_structures,"{""absolute"":36}",none,pasterdream:stone_pillar_sky_0,0,0,,,False,,,
pasterdream:stone_pillar_sky_1,pasterdream-0.9.6.jar,data/pasterdream/worldgen/structure/stone_pillar_sky_1.json,#pasterdream:dyedream_biome,surface/other,Other/undetermined,surface_structures,"{""absolute"":34}",none,pasterdream:stone_pillar_sky_1,0,0,,,False,,,
pasterdream:stone_pillar_sky_2,pasterdream-0.9.6.jar,data/pasterdream/worldgen/structure/stone_pillar_sky_2.json,#pasterdream:dyedream_biome,surface/other,Other/undetermined,surface_structures,"{""absolute"":32}",none,pasterdream:stone_pillar_sky_2,0,0,,,False,,,
pasterdream:struct_dyedream_crack_0,pasterdream-0.9.6.jar,data/pasterdream/worldgen/structure/struct_dyedream_crack_0.json,#pasterdream:dyedream_biome,surface/other,Other/undetermined,surface_structures,"{""absolute"":32}",none,pasterdream:struct_dyedream_crack_0,0,0,,,False,,,
pasterdream:struct_dyedream_crack_1,pasterdream-0.9.6.jar,data/pasterdream/worldgen/structure/struct_dyedream_crack_1.json,#is_overworld,surface/other,Overworld,surface_structures,"{""absolute"":32}",none,pasterdream:struct_dyedream_crack_1_set,40,40,,,False,,,biomesoplenty:auroral_garden | biomesoplenty:highland | biomesoplenty:hot_springs | biomesoplenty:ominous_woods | biomesoplenty:pumpkin_patch | biomesoplenty:snowblossom_grove | biomesoplenty:volcano | biomeswevegone:bayou | biomeswevegone:crag_gardens | biomeswevegone:ebony_woods | biomeswevegone:frosted_coniferous_forest | biomeswevegone:lush_stacks | biomeswevegone:maple_taiga | biomeswevegone:prairie | biomeswevegone:redwood_thicket | biomeswevegone:sakura_grove | biomeswevegone:shattered_glacier | biomeswevegone:skyris_vale | biomeswevegone:weeping_witch_forest | biomeswevegone:zelkova_forest | natures_spirit:alpine_clearings | natures_spirit:floral_ridges | natures_spirit:windswept_sugi_forest | regions_unexplored:ashen_woodland | regions_unexplored:cold_deciduous_forest | regions_unexplored:fen | regions_unexplored:flower_fields | regions_unexplored:frozen_pine_taiga | regions_unexplored:grassland | regions_unexplored:grassy_beach | regions_unexplored:hyacinth_deeps | regions_unexplored:icy_heights | regions_unexplored:maple_forest | regions_unexplored:marsh | regions_unexplored:muddy_river | regions_unexplored:orchard | regions_unexplored:redwoods | regions_unexplored:rocky_meadow | regions_unexplored:rocky_reef | regions_unexplored:spires
pasterdream:traveler_house_0,pasterdream-0.9.6.jar,data/pasterdream/worldgen/structure/traveler_house_0.json,pasterdream:biome_dyedream_0,underground,Other/undetermined,surface_structures,"{""absolute"":-13}",beard_thin,pasterdream:traveler_house_0_set,0,0,,,False,,,
pasterdream:traveler_house_1,pasterdream-0.9.6.jar,data/pasterdream/worldgen/structure/traveler_house_1.json,pasterdream:biome_dyedream_0,underground,Other/undetermined,surface_structures,"{""absolute"":-13}",beard_thin,pasterdream:traveler_house_1_set,0,0,,,False,,,
pasterdream:traveler_house_2,pasterdream-0.9.6.jar,data/pasterdream/worldgen/structure/traveler_house_2.json,pasterdream:biome_dyedream_0,underground,Other/undetermined,surface_structures,"{""absolute"":-13}",beard_thin,pasterdream:traveler_house_2_set,0,0,,,False,,,
pasterdream:warped_relic_0,pasterdream-0.9.6.jar,data/pasterdream/worldgen/structure/warped_relic_0.json,warped_forest,underground,Nether,underground_structures,"{""absolute"":50}",beard_thin,pasterdream:warped_relic_0,0,0,,,True,,,
pasterdream:wind_infested_stone_0,pasterdream-0.9.6.jar,data/pasterdream/worldgen/structure/wind_infested_stone_0.json,pasterdream:wind_journey_biome_0,surface/other,Other/undetermined,vegetal_decoration,"{""max_inclusive"":{""absolute"":63},""min_inclusive"":{""absolute"":59},""type"":""very_biased_to_bottom""}",none,pasterdream:wind_infested_stone_0,0,0,,,False,,,
pasterdream:wind_infested_stone_1,pasterdream-0.9.6.jar,data/pasterdream/worldgen/structure/wind_infested_stone_1.json,pasterdream:wind_journey_biome_0,surface/other,Other/undetermined,vegetal_decoration,"{""max_inclusive"":{""absolute"":63},""min_inclusive"":{""absolute"":59},""type"":""very_biased_to_bottom""}",none,pasterdream:wind_infested_stone_1,0,0,,,False,,,
pasterdream:wind_island_0,pasterdream-0.9.6.jar,data/pasterdream/worldgen/structure/wind_island_0.json,pasterdream:wind_journey_biome_0,surface/other,Other/undetermined,top_layer_modification,"{""max_inclusive"":{""absolute"":75},""min_inclusive"":{""absolute"":62},""type"":""very_biased_to_bottom""}",none,pasterdream:wind_island_0,0,0,,,False,,,
pasterdream:wind_pond_0,pasterdream-0.9.6.jar,data/pasterdream/worldgen/structure/wind_pond_0.json,pasterdream:wind_journey_biome_0,surface/other,Other/undetermined,top_layer_modification,"{""max_inclusive"":{""absolute"":63},""min_inclusive"":{""absolute"":59},""type"":""very_biased_to_bottom""}",none,pasterdream:wind_pond_0,0,0,,,False,,,
pasterdream:windmill_lodge,pasterdream-0.9.6.jar,data/pasterdream/worldgen/structure/windmill_lodge.json,pasterdream:wind_journey_biome_0,surface/other,Other/undetermined,surface_structures,"{""max_inclusive"":{""absolute"":120},""min_inclusive"":{""absolute"":100},""type"":""very_biased_to_bottom""}",none,pasterdream:windmill_lodge,0,0,,,False,,,
pasterdream:windmoor_tree_0,pasterdream-0.9.6.jar,data/pasterdream/worldgen/structure/windmoor_tree_0.json,pasterdream:wind_journey_biome_0,surface/other,Other/undetermined,top_layer_modification,"{""max_inclusive"":{""absolute"":64},""min_inclusive"":{""absolute"":54},""type"":""very_biased_to_bottom""}",none,pasterdream:windmoor_tree_0,0,0,,,False,,,
philipsruins:ancient_crypt,Philips-Ruins1.21.1-2.0-NeoForge.jar,data/philipsruins/worldgen/structure/ancient_crypt.json,#philipsruins:has_structure/ancient_crypt_biomes,underground,Overworld,surface_structures,"{""absolute"":-5}",beard_box,philipsruins:ancient_crypt,0,15,biomesoplenty:highland | biomesoplenty:hot_springs | biomesoplenty:pumpkin_patch | biomeswevegone:bayou | biomeswevegone:prairie | biomeswevegone:sakura_grove | biomeswevegone:shattered_glacier | natures_spirit:alpine_clearings | natures_spirit:floral_ridges | regions_unexplored:fen | regions_unexplored:flower_fields | regions_unexplored:grassland | regions_unexplored:marsh | regions_unexplored:orchard | regions_unexplored:rocky_meadow,,True,,,biomesoplenty:highland | biomesoplenty:hot_springs | biomesoplenty:pumpkin_patch | biomeswevegone:bayou | biomeswevegone:prairie | biomeswevegone:sakura_grove | biomeswevegone:shattered_glacier | natures_spirit:alpine_clearings | natures_spirit:floral_ridges | regions_unexplored:fen | regions_unexplored:flower_fields | regions_unexplored:grassland | regions_unexplored:marsh | regions_unexplored:orchard | regions_unexplored:rocky_meadow
philipsruins:ancient_dungeon,Philips-Ruins1.21.1-2.0-NeoForge.jar,data/philipsruins/worldgen/structure/ancient_dungeon.json,#philipsruins:has_structure/ancient_dungeon_biomes,underground,Overworld,underground_structures,"{""absolute"":-30}",bury,philipsruins:ancient_dungeon,40,40,,,False,,,biomesoplenty:auroral_garden | biomesoplenty:highland | biomesoplenty:hot_springs | biomesoplenty:ominous_woods | biomesoplenty:pumpkin_patch | biomesoplenty:snowblossom_grove | biomesoplenty:volcano | biomeswevegone:bayou | biomeswevegone:crag_gardens | biomeswevegone:ebony_woods | biomeswevegone:frosted_coniferous_forest | biomeswevegone:lush_stacks | biomeswevegone:maple_taiga | biomeswevegone:prairie | biomeswevegone:redwood_thicket | biomeswevegone:sakura_grove | biomeswevegone:shattered_glacier | biomeswevegone:skyris_vale | biomeswevegone:weeping_witch_forest | biomeswevegone:zelkova_forest | natures_spirit:alpine_clearings | natures_spirit:floral_ridges | natures_spirit:windswept_sugi_forest | regions_unexplored:ashen_woodland | regions_unexplored:cold_deciduous_forest | regions_unexplored:fen | regions_unexplored:flower_fields | regions_unexplored:frozen_pine_taiga | regions_unexplored:grassland | regions_unexplored:grassy_beach | regions_unexplored:hyacinth_deeps | regions_unexplored:icy_heights | regions_unexplored:maple_forest | regions_unexplored:marsh | regions_unexplored:muddy_river | regions_unexplored:orchard | regions_unexplored:redwoods | regions_unexplored:rocky_meadow | regions_unexplored:rocky_reef | regions_unexplored:spires
philipsruins:ancient_ruins,Philips-Ruins1.21.1-2.0-NeoForge.jar,data/philipsruins/worldgen/structure/ancient_ruins.json,#philipsruins:has_structure/ancient_ruins_biomes,surface/other,Overworld,surface_structures,"{""absolute"":0}",beard_thin,philipsruins:ancient_ruins,29,35,biomeswevegone:bayou | biomeswevegone:prairie | regions_unexplored:fen | regions_unexplored:flower_fields | regions_unexplored:grassland | regions_unexplored:marsh,,False,,,biomesoplenty:auroral_garden | biomesoplenty:highland | biomesoplenty:hot_springs | biomesoplenty:ominous_woods | biomesoplenty:pumpkin_patch | biomesoplenty:snowblossom_grove | biomesoplenty:volcano | biomeswevegone:bayou | biomeswevegone:crag_gardens | biomeswevegone:ebony_woods | biomeswevegone:frosted_coniferous_forest | biomeswevegone:maple_taiga | biomeswevegone:prairie | biomeswevegone:redwood_thicket | biomeswevegone:sakura_grove | biomeswevegone:shattered_glacier | biomeswevegone:skyris_vale | biomeswevegone:weeping_witch_forest | biomeswevegone:zelkova_forest | natures_spirit:alpine_clearings | natures_spirit:floral_ridges | natures_spirit:windswept_sugi_forest | regions_unexplored:ashen_woodland | regions_unexplored:cold_deciduous_forest | regions_unexplored:fen | regions_unexplored:flower_fields | regions_unexplored:frozen_pine_taiga | regions_unexplored:grassland | regions_unexplored:icy_heights | regions_unexplored:maple_forest | regions_unexplored:marsh | regions_unexplored:orchard | regions_unexplored:redwoods | regions_unexplored:rocky_meadow | regions_unexplored:spires
philipsruins:ancient_towers,Philips-Ruins1.21.1-2.0-NeoForge.jar,data/philipsruins/worldgen/structure/ancient_towers.json,#philipsruins:has_structure/ancient_towers_biomes,surface/other,Overworld,surface_structures,"{""absolute"":0}",beard_thin,philipsruins:ancient_towers,29,35,biomeswevegone:bayou | biomeswevegone:prairie | regions_unexplored:fen | regions_unexplored:flower_fields | regions_unexplored:grassland | regions_unexplored:marsh,,False,,,biomesoplenty:auroral_garden | biomesoplenty:highland | biomesoplenty:hot_springs | biomesoplenty:ominous_woods | biomesoplenty:pumpkin_patch | biomesoplenty:snowblossom_grove | biomesoplenty:volcano | biomeswevegone:bayou | biomeswevegone:crag_gardens | biomeswevegone:ebony_woods | biomeswevegone:frosted_coniferous_forest | biomeswevegone:maple_taiga | biomeswevegone:prairie | biomeswevegone:redwood_thicket | biomeswevegone:sakura_grove | biomeswevegone:shattered_glacier | biomeswevegone:skyris_vale | biomeswevegone:weeping_witch_forest | biomeswevegone:zelkova_forest | natures_spirit:alpine_clearings | natures_spirit:floral_ridges | natures_spirit:windswept_sugi_forest | regions_unexplored:ashen_woodland | regions_unexplored:cold_deciduous_forest | regions_unexplored:fen | regions_unexplored:flower_fields | regions_unexplored:frozen_pine_taiga | regions_unexplored:grassland | regions_unexplored:icy_heights | regions_unexplored:maple_forest | regions_unexplored:marsh | regions_unexplored:orchard | regions_unexplored:redwoods | regions_unexplored:rocky_meadow | regions_unexplored:spires
philipsruins:field_stone_ruins,Philips-Ruins1.21.1-2.0-NeoForge.jar,data/philipsruins/worldgen/structure/field_stone_ruins.json,#philipsruins:has_structure/level_two_ruins_biomes,surface/other,Overworld,surface_structures,"{""absolute"":0}",beard_thin,philipsruins:field_stone_ruins,0,21,biomesoplenty:highland | biomesoplenty:hot_springs | biomesoplenty:ominous_woods | biomesoplenty:pumpkin_patch | biomeswevegone:bayou | biomeswevegone:crag_gardens | biomeswevegone:ebony_woods | biomeswevegone:prairie | biomeswevegone:sakura_grove | biomeswevegone:shattered_glacier | biomeswevegone:weeping_witch_forest | natures_spirit:alpine_clearings | natures_spirit:floral_ridges | regions_unexplored:fen | regions_unexplored:flower_fields | regions_unexplored:grassland | regions_unexplored:icy_heights | regions_unexplored:marsh | regions_unexplored:orchard | regions_unexplored:rocky_meadow | regions_unexplored:spires,,True,,,biomesoplenty:highland | biomesoplenty:hot_springs | biomesoplenty:ominous_woods | biomesoplenty:pumpkin_patch | biomeswevegone:bayou | biomeswevegone:crag_gardens | biomeswevegone:ebony_woods | biomeswevegone:prairie | biomeswevegone:sakura_grove | biomeswevegone:shattered_glacier | biomeswevegone:weeping_witch_forest | natures_spirit:alpine_clearings | natures_spirit:floral_ridges | regions_unexplored:fen | regions_unexplored:flower_fields | regions_unexplored:grassland | regions_unexplored:icy_heights | regions_unexplored:marsh | regions_unexplored:orchard | regions_unexplored:rocky_meadow | regions_unexplored:spires
philipsruins:field_stone_ruins_rocks,Philips-Ruins1.21.1-2.0-NeoForge.jar,data/philipsruins/worldgen/structure/field_stone_ruins_rocks.json,#philipsruins:has_structure/field_stone_ruins_rocks_biomes,surface/other,Overworld,surface_structures,"{""absolute"":0}",beard_thin,philipsruins:field_stone_ruins_rocks,23,32,biomesoplenty:highland | biomeswevegone:prairie | biomeswevegone:shattered_glacier | natures_spirit:alpine_clearings | regions_unexplored:fen | regions_unexplored:flower_fields | regions_unexplored:grassland | regions_unexplored:marsh | regions_unexplored:rocky_meadow,,False,,,biomesoplenty:auroral_garden | biomesoplenty:highland | biomesoplenty:hot_springs | biomesoplenty:ominous_woods | biomesoplenty:pumpkin_patch | biomesoplenty:snowblossom_grove | biomeswevegone:bayou | biomeswevegone:crag_gardens | biomeswevegone:ebony_woods | biomeswevegone:frosted_coniferous_forest | biomeswevegone:maple_taiga | biomeswevegone:prairie | biomeswevegone:redwood_thicket | biomeswevegone:sakura_grove | biomeswevegone:shattered_glacier | biomeswevegone:skyris_vale | biomeswevegone:weeping_witch_forest | biomeswevegone:zelkova_forest | natures_spirit:alpine_clearings | natures_spirit:floral_ridges | natures_spirit:windswept_sugi_forest | regions_unexplored:ashen_woodland | regions_unexplored:cold_deciduous_forest | regions_unexplored:fen | regions_unexplored:flower_fields | regions_unexplored:frozen_pine_taiga | regions_unexplored:grassland | regions_unexplored:maple_forest | regions_unexplored:marsh | regions_unexplored:orchard | regions_unexplored:redwoods | regions_unexplored:rocky_meadow
philipsruins:level_one_ruins,Philips-Ruins1.21.1-2.0-NeoForge.jar,data/philipsruins/worldgen/structure/level_one_ruins.json,#philipsruins:has_structure/level_two_ruins_biomes,surface/other,Overworld,surface_structures,"{""absolute"":0}",beard_thin,philipsruins:level_one_ruins,0,21,biomesoplenty:highland | biomesoplenty:hot_springs | biomesoplenty:ominous_woods | biomesoplenty:pumpkin_patch | biomeswevegone:bayou | biomeswevegone:crag_gardens | biomeswevegone:ebony_woods | biomeswevegone:prairie | biomeswevegone:sakura_grove | biomeswevegone:shattered_glacier | biomeswevegone:weeping_witch_forest | natures_spirit:alpine_clearings | natures_spirit:floral_ridges | regions_unexplored:fen | regions_unexplored:flower_fields | regions_unexplored:grassland | regions_unexplored:icy_heights | regions_unexplored:marsh | regions_unexplored:orchard | regions_unexplored:rocky_meadow | regions_unexplored:spires,,True,,,biomesoplenty:highland | biomesoplenty:hot_springs | biomesoplenty:ominous_woods | biomesoplenty:pumpkin_patch | biomeswevegone:bayou | biomeswevegone:crag_gardens | biomeswevegone:ebony_woods | biomeswevegone:prairie | biomeswevegone:sakura_grove | biomeswevegone:shattered_glacier | biomeswevegone:weeping_witch_forest | natures_spirit:alpine_clearings | natures_spirit:floral_ridges | regions_unexplored:fen | regions_unexplored:flower_fields | regions_unexplored:grassland | regions_unexplored:icy_heights | regions_unexplored:marsh | regions_unexplored:orchard | regions_unexplored:rocky_meadow | regions_unexplored:spires
philipsruins:level_three_ruins,Philips-Ruins1.21.1-2.0-NeoForge.jar,data/philipsruins/worldgen/structure/level_three_ruins.json,#philipsruins:has_structure/level_two_ruins_biomes,surface/other,Overworld,surface_structures,"{""absolute"":0}",beard_thin,philipsruins:level_three_ruins,0,21,biomesoplenty:highland | biomesoplenty:hot_springs | biomesoplenty:ominous_woods | biomesoplenty:pumpkin_patch | biomeswevegone:bayou | biomeswevegone:crag_gardens | biomeswevegone:ebony_woods | biomeswevegone:prairie | biomeswevegone:sakura_grove | biomeswevegone:shattered_glacier | biomeswevegone:weeping_witch_forest | natures_spirit:alpine_clearings | natures_spirit:floral_ridges | regions_unexplored:fen | regions_unexplored:flower_fields | regions_unexplored:grassland | regions_unexplored:icy_heights | regions_unexplored:marsh | regions_unexplored:orchard | regions_unexplored:rocky_meadow | regions_unexplored:spires,,True,,,biomesoplenty:highland | biomesoplenty:hot_springs | biomesoplenty:ominous_woods | biomesoplenty:pumpkin_patch | biomeswevegone:bayou | biomeswevegone:crag_gardens | biomeswevegone:ebony_woods | biomeswevegone:prairie | biomeswevegone:sakura_grove | biomeswevegone:shattered_glacier | biomeswevegone:weeping_witch_forest | natures_spirit:alpine_clearings | natures_spirit:floral_ridges | regions_unexplored:fen | regions_unexplored:flower_fields | regions_unexplored:grassland | regions_unexplored:icy_heights | regions_unexplored:marsh | regions_unexplored:orchard | regions_unexplored:rocky_meadow | regions_unexplored:spires
philipsruins:level_two_ruins,Philips-Ruins1.21.1-2.0-NeoForge.jar,data/philipsruins/worldgen/structure/level_two_ruins.json,#philipsruins:has_structure/level_two_ruins_biomes,surface/other,Overworld,surface_structures,"{""absolute"":0}",beard_thin,philipsruins:level_two_ruins,0,21,biomesoplenty:highland | biomesoplenty:hot_springs | biomesoplenty:ominous_woods | biomesoplenty:pumpkin_patch | biomeswevegone:bayou | biomeswevegone:crag_gardens | biomeswevegone:ebony_woods | biomeswevegone:prairie | biomeswevegone:sakura_grove | biomeswevegone:shattered_glacier | biomeswevegone:weeping_witch_forest | natures_spirit:alpine_clearings | natures_spirit:floral_ridges | regions_unexplored:fen | regions_unexplored:flower_fields | regions_unexplored:grassland | regions_unexplored:icy_heights | regions_unexplored:marsh | regions_unexplored:orchard | regions_unexplored:rocky_meadow | regions_unexplored:spires,,True,,,biomesoplenty:highland | biomesoplenty:hot_springs | biomesoplenty:ominous_woods | biomesoplenty:pumpkin_patch | biomeswevegone:bayou | biomeswevegone:crag_gardens | biomeswevegone:ebony_woods | biomeswevegone:prairie | biomeswevegone:sakura_grove | biomeswevegone:shattered_glacier | biomeswevegone:weeping_witch_forest | natures_spirit:alpine_clearings | natures_spirit:floral_ridges | regions_unexplored:fen | regions_unexplored:flower_fields | regions_unexplored:grassland | regions_unexplored:icy_heights | regions_unexplored:marsh | regions_unexplored:orchard | regions_unexplored:rocky_meadow | regions_unexplored:spires
philipsruins:level_two_ruins_pool,Philips-Ruins1.21.1-2.0-NeoForge.jar,data/philipsruins/worldgen/structure/level_two_ruins_pool.json,#philipsruins:has_structure/level_two_ruins_biomes,surface/other,Overworld,surface_structures,"{""absolute"":0}",beard_thin,philipsruins:level_two_ruins,0,21,biomesoplenty:highland | biomesoplenty:hot_springs | biomesoplenty:ominous_woods | biomesoplenty:pumpkin_patch | biomeswevegone:bayou | biomeswevegone:crag_gardens | biomeswevegone:ebony_woods | biomeswevegone:prairie | biomeswevegone:sakura_grove | biomeswevegone:shattered_glacier | biomeswevegone:weeping_witch_forest | natures_spirit:alpine_clearings | natures_spirit:floral_ridges | regions_unexplored:fen | regions_unexplored:flower_fields | regions_unexplored:grassland | regions_unexplored:icy_heights | regions_unexplored:marsh | regions_unexplored:orchard | regions_unexplored:rocky_meadow | regions_unexplored:spires,,True,,,biomesoplenty:highland | biomesoplenty:hot_springs | biomesoplenty:ominous_woods | biomesoplenty:pumpkin_patch | biomeswevegone:bayou | biomeswevegone:crag_gardens | biomeswevegone:ebony_woods | biomeswevegone:prairie | biomeswevegone:sakura_grove | biomeswevegone:shattered_glacier | biomeswevegone:weeping_witch_forest | natures_spirit:alpine_clearings | natures_spirit:floral_ridges | regions_unexplored:fen | regions_unexplored:flower_fields | regions_unexplored:grassland | regions_unexplored:icy_heights | regions_unexplored:marsh | regions_unexplored:orchard | regions_unexplored:rocky_meadow | regions_unexplored:spires
philipsruins:lost_soul_city,Philips-Ruins1.21.1-2.0-NeoForge.jar,data/philipsruins/worldgen/structure/lost_soul_city.json,#philipsruins:has_structure/lost_soul_city_biomes,underground,Overworld,underground_structures,"{""absolute"":-40}",beard_thin,philipsruins:lost_soul_city,30,35,biomeswevegone:prairie | regions_unexplored:fen | regions_unexplored:flower_fields | regions_unexplored:grassland | regions_unexplored:marsh,,False,,,biomesoplenty:auroral_garden | biomesoplenty:highland | biomesoplenty:hot_springs | biomesoplenty:ominous_woods | biomesoplenty:pumpkin_patch | biomesoplenty:snowblossom_grove | biomesoplenty:volcano | biomeswevegone:bayou | biomeswevegone:crag_gardens | biomeswevegone:ebony_woods | biomeswevegone:frosted_coniferous_forest | biomeswevegone:maple_taiga | biomeswevegone:prairie | biomeswevegone:redwood_thicket | biomeswevegone:sakura_grove | biomeswevegone:shattered_glacier | biomeswevegone:skyris_vale | biomeswevegone:weeping_witch_forest | biomeswevegone:zelkova_forest | natures_spirit:alpine_clearings | natures_spirit:floral_ridges | natures_spirit:windswept_sugi_forest | regions_unexplored:ashen_woodland | regions_unexplored:cold_deciduous_forest | regions_unexplored:fen | regions_unexplored:flower_fields | regions_unexplored:frozen_pine_taiga | regions_unexplored:grassland | regions_unexplored:icy_heights | regions_unexplored:maple_forest | regions_unexplored:marsh | regions_unexplored:orchard | regions_unexplored:redwoods | regions_unexplored:rocky_meadow | regions_unexplored:spires
philipsruins:lost_soul_dungeon,Philips-Ruins1.21.1-2.0-NeoForge.jar,data/philipsruins/worldgen/structure/lost_soul_dungeon.json,#philipsruins:has_structure/lost_soul_dungeon_biomes,underground,Other/undetermined,underground_decoration,"{""absolute"":-27}",beard_thin,philipsruins:underground_structures,0,0,,,True,,,
philipsruins:ocean_fortress,Philips-Ruins1.21.1-2.0-NeoForge.jar,data/philipsruins/worldgen/structure/ocean_fortress.json,#philipsruins:has_structure/ocean_ruins_biomes,underground,Other/undetermined,surface_structures,"{""absolute"":-5}",beard_box,philipsruins:ocean_fortress_main,0,0,,,True,,,
philipsruins:ocean_ruins,Philips-Ruins1.21.1-2.0-NeoForge.jar,data/philipsruins/worldgen/structure/ocean_ruins.json,#philipsruins:has_structure/ocean_ruins_biomes,underground,Other/undetermined,surface_structures,"{""absolute"":-3}",beard_thin,philipsruins:ocean_ruins,0,0,,,True,,,
philipsruins:pumpkin_ruins,Philips-Ruins1.21.1-2.0-NeoForge.jar,data/philipsruins/worldgen/structure/pumpkin_ruins.json,#philipsruins:has_structure/pumpkin_ruins_biomes,surface/other,Overworld,surface_structures,"{""absolute"":0}",beard_thin,philipsruins:pumpkin_ruins,21,24,biomeswevegone:bayou | regions_unexplored:fen | regions_unexplored:marsh,,False,,,biomesoplenty:auroral_garden | biomesoplenty:hot_springs | biomesoplenty:ominous_woods | biomesoplenty:pumpkin_patch | biomesoplenty:snowblossom_grove | biomeswevegone:bayou | biomeswevegone:ebony_woods | biomeswevegone:frosted_coniferous_forest | biomeswevegone:maple_taiga | biomeswevegone:redwood_thicket | biomeswevegone:sakura_grove | biomeswevegone:skyris_vale | biomeswevegone:weeping_witch_forest | biomeswevegone:zelkova_forest | natures_spirit:floral_ridges | natures_spirit:windswept_sugi_forest | regions_unexplored:ashen_woodland | regions_unexplored:cold_deciduous_forest | regions_unexplored:fen | regions_unexplored:frozen_pine_taiga | regions_unexplored:maple_forest | regions_unexplored:marsh | regions_unexplored:orchard | regions_unexplored:redwoods
philipsruins:rare_ruin,Philips-Ruins1.21.1-2.0-NeoForge.jar,data/philipsruins/worldgen/structure/rare_ruin.json,#philipsruins:has_structure/rare_ruin_biomes,underground,Overworld,surface_structures,"{""absolute"":-1}",beard_thin,philipsruins:rare_ruin,0,4,biomeswevegone:bayou | biomeswevegone:crag_gardens | biomeswevegone:ebony_woods | regions_unexplored:marsh,,True,,,biomeswevegone:bayou | biomeswevegone:crag_gardens | biomeswevegone:ebony_woods | regions_unexplored:marsh
philipsruins:underground_structures,Philips-Ruins1.21.1-2.0-NeoForge.jar,data/philipsruins/worldgen/structure/underground_structures.json,#philipsruins:has_structure/lost_soul_dungeon_biomes,underground,Other/undetermined,underground_structures,"{""absolute"":-40}",beard_thin,philipsruins:underground_structures,0,0,,,True,,,
repurposed_structures:ancient_city_end,repurposed_structures-7.5.22+1.21.1-neoforge.jar,data/repurposed_structures/worldgen/structure/ancient_city_end.json,#repurposed_structures:has_structure/ancient_cities/end,underground,End,surface_structures,"{""absolute"":-3}",beard_box,repurposed_structures:ancient_cities_end,0,0,,,False,c:is_end | c:is_outer_end_island,c:is_end | c:is_outer_end_island,
repurposed_structures:ancient_city_nether,repurposed_structures-7.5.22+1.21.1-neoforge.jar,data/repurposed_structures/worldgen/structure/ancient_city_nether.json,#repurposed_structures:has_structure/ancient_cities/nether,surface/other,Nether,vegetal_decoration,"{""absolute"":32}",beard_box,repurposed_structures:ancient_cities_nether,0,0,,,False,c:is_nether,c:is_nether,
repurposed_structures:ancient_city_ocean,repurposed_structures-7.5.22+1.21.1-neoforge.jar,data/repurposed_structures/worldgen/structure/ancient_city_ocean.json,#repurposed_structures:has_structure/ancient_cities/ocean,underground,Overworld,surface_structures,"{""absolute"":-1}",beard_box,repurposed_structures:ancient_cities_overworld,1,1,,,False,,,regions_unexplored:hyacinth_deeps
repurposed_structures:bastion_underground,repurposed_structures-7.5.22+1.21.1-neoforge.jar,data/repurposed_structures/worldgen/structure/bastion_underground.json,#repurposed_structures:has_structure/bastions/underground,underground,Overworld,underground_structures,"{""absolute"":-45}",none,repurposed_structures:bastions_overworld,34,35,biomeswevegone:maple_taiga,,False,byg:is_icy | c:badlands | c:in_badlands | c:is_caves | c:is_hills | forge:is_badlands,byg:is_icy | c:badlands | c:in_badlands | c:is_caves | forge:is_badlands,biomesoplenty:auroral_garden | biomesoplenty:highland | biomesoplenty:hot_springs | biomesoplenty:ominous_woods | biomesoplenty:pumpkin_patch | biomesoplenty:snowblossom_grove | biomesoplenty:volcano | biomeswevegone:bayou | biomeswevegone:crag_gardens | biomeswevegone:ebony_woods | biomeswevegone:frosted_coniferous_forest | biomeswevegone:maple_taiga | biomeswevegone:prairie | biomeswevegone:redwood_thicket | biomeswevegone:sakura_grove | biomeswevegone:shattered_glacier | biomeswevegone:skyris_vale | biomeswevegone:weeping_witch_forest | biomeswevegone:zelkova_forest | natures_spirit:alpine_clearings | natures_spirit:floral_ridges | natures_spirit:windswept_sugi_forest | regions_unexplored:ashen_woodland | regions_unexplored:cold_deciduous_forest | regions_unexplored:fen | regions_unexplored:flower_fields | regions_unexplored:frozen_pine_taiga | regions_unexplored:grassland | regions_unexplored:icy_heights | regions_unexplored:maple_forest | regions_unexplored:marsh | regions_unexplored:orchard | regions_unexplored:redwoods | regions_unexplored:rocky_meadow | regions_unexplored:spires
repurposed_structures:city_nether,repurposed_structures-7.5.22+1.21.1-neoforge.jar,data/repurposed_structures/worldgen/structure/city_nether.json,#repurposed_structures:has_structure/cities/nether,surface/other,Nether,surface_structures,"{""absolute"":33}",beard_thin,repurposed_structures:cities_nether,0,0,,,False,c:is_nether,c:is_nether,
repurposed_structures:city_overworld,repurposed_structures-7.5.22+1.21.1-neoforge.jar,data/repurposed_structures/worldgen/structure/city_overworld.json,#repurposed_structures:has_structure/cities/overworld,surface/other,Overworld,surface_structures,"{""absolute"":0}",beard_thin,repurposed_structures:cities_overworld,1,8,biomesoplenty:ominous_woods | biomeswevegone:bayou | biomeswevegone:crag_gardens | biomeswevegone:ebony_woods | biomeswevegone:maple_taiga | biomeswevegone:redwood_thicket | natures_spirit:windswept_sugi_forest,,False,,,biomesoplenty:ominous_woods | biomeswevegone:bayou | biomeswevegone:crag_gardens | biomeswevegone:ebony_woods | biomeswevegone:maple_taiga | biomeswevegone:redwood_thicket | natures_spirit:windswept_sugi_forest | regions_unexplored:redwoods
repurposed_structures:fortress_jungle,repurposed_structures-7.5.22+1.21.1-neoforge.jar,data/repurposed_structures/worldgen/structure/fortress_jungle.json,#repurposed_structures:has_structure/fortresses/jungle,surface/other,Overworld,surface_structures,"{""max_inclusive"":{""absolute"":65},""min_inclusive"":{""absolute"":56},""type"":""minecraft:uniform""}",none,repurposed_structures:fortresses_overworld,3,3,,,False,,,biomeswevegone:bayou | biomeswevegone:crag_gardens | biomeswevegone:ebony_woods
repurposed_structures:igloo_grassy,repurposed_structures-7.5.22+1.21.1-neoforge.jar,data/repurposed_structures/worldgen/structure/igloo_grassy.json,#repurposed_structures:has_structure/igloos/grassy,surface/other,Overworld,surface_structures,"{""absolute"":0}",beard_thin,repurposed_structures:igloos_overworld,11,18,biomesoplenty:ominous_woods | biomeswevegone:redwood_thicket | biomeswevegone:skyris_vale | biomeswevegone:weeping_witch_forest | biomeswevegone:zelkova_forest | natures_spirit:windswept_sugi_forest | regions_unexplored:redwoods,,False,,,biomesoplenty:highland | biomesoplenty:ominous_woods | biomesoplenty:pumpkin_patch | biomeswevegone:prairie | biomeswevegone:redwood_thicket | biomeswevegone:sakura_grove | biomeswevegone:skyris_vale | biomeswevegone:weeping_witch_forest | biomeswevegone:zelkova_forest | natures_spirit:alpine_clearings | natures_spirit:floral_ridges | natures_spirit:windswept_sugi_forest | regions_unexplored:flower_fields | regions_unexplored:grassland | regions_unexplored:maple_forest | regions_unexplored:orchard | regions_unexplored:redwoods | regions_unexplored:rocky_meadow
repurposed_structures:igloo_mangrove,repurposed_structures-7.5.22+1.21.1-neoforge.jar,data/repurposed_structures/worldgen/structure/igloo_mangrove.json,#repurposed_structures:has_structure/igloos/mangrove,surface/other,Overworld,surface_structures,"{""absolute"":0}",beard_thin,repurposed_structures:igloos_overworld,0,2,biomeswevegone:bayou | regions_unexplored:marsh,,False,,,biomeswevegone:bayou | regions_unexplored:marsh
repurposed_structures:igloo_mushroom,repurposed_structures-7.5.22+1.21.1-neoforge.jar,data/repurposed_structures/worldgen/structure/igloo_mushroom.json,#repurposed_structures:has_structure/igloos/mushroom,surface/other,Other/undetermined,surface_structures,"{""absolute"":0}",beard_thin,repurposed_structures:igloos_overworld,0,0,,,False,,,
repurposed_structures:igloo_stone,repurposed_structures-7.5.22+1.21.1-neoforge.jar,data/repurposed_structures/worldgen/structure/igloo_stone.json,#repurposed_structures:has_structure/igloos/stone,surface/other,Overworld,surface_structures,"{""absolute"":0}",beard_thin,repurposed_structures:igloos_overworld,1,5,biomesoplenty:ominous_woods | biomeswevegone:maple_taiga | biomeswevegone:redwood_thicket | natures_spirit:windswept_sugi_forest,,False,,,biomesoplenty:ominous_woods | biomeswevegone:maple_taiga | biomeswevegone:redwood_thicket | natures_spirit:windswept_sugi_forest | regions_unexplored:redwoods
repurposed_structures:mansion_birch,repurposed_structures-7.5.22+1.21.1-neoforge.jar,data/repurposed_structures/worldgen/structure/mansion_birch.json,#repurposed_structures:has_structure/mansions/birch,surface/other,Overworld,surface_structures,"{""absolute"":0}",none,repurposed_structures:mansions_overworld,4,4,,,False,,,biomesoplenty:snowblossom_grove | biomeswevegone:sakura_grove | biomeswevegone:zelkova_forest | regions_unexplored:maple_forest
repurposed_structures:mansion_desert,repurposed_structures-7.5.22+1.21.1-neoforge.jar,data/repurposed_structures/worldgen/structure/mansion_desert.json,#repurposed_structures:has_structure/mansions/desert,surface/other,Other/undetermined,surface_structures,"{""absolute"":0}",none,repurposed_structures:mansions_overworld,0,0,,,False,,,
repurposed_structures:mansion_jungle,repurposed_structures-7.5.22+1.21.1-neoforge.jar,data/repurposed_structures/worldgen/structure/mansion_jungle.json,#repurposed_structures:has_structure/mansions/jungle,surface/other,Overworld,surface_structures,"{""absolute"":0}",none,repurposed_structures:mansions_overworld,3,3,,,False,,,biomeswevegone:bayou | biomeswevegone:crag_gardens | biomeswevegone:ebony_woods
repurposed_structures:mansion_mangrove,repurposed_structures-7.5.22+1.21.1-neoforge.jar,data/repurposed_structures/worldgen/structure/mansion_mangrove.json,#repurposed_structures:has_structure/mansions/mangrove,surface/other,Overworld,surface_structures,"{""absolute"":0}",none,repurposed_structures:mansions_mangrove,0,2,biomeswevegone:bayou | regions_unexplored:marsh,,False,,,biomeswevegone:bayou | regions_unexplored:marsh
repurposed_structures:mansion_oak,repurposed_structures-7.5.22+1.21.1-neoforge.jar,data/repurposed_structures/worldgen/structure/mansion_oak.json,#repurposed_structures:has_structure/mansions/oak,surface/other,Overworld,surface_structures,"{""absolute"":0}",none,repurposed_structures:mansions_overworld,2,10,biomesoplenty:ominous_woods | biomeswevegone:redwood_thicket | biomeswevegone:sakura_grove | biomeswevegone:skyris_vale | biomeswevegone:weeping_witch_forest | biomeswevegone:zelkova_forest | natures_spirit:windswept_sugi_forest | regions_unexplored:redwoods,,False,,,biomesoplenty:ominous_woods | biomeswevegone:redwood_thicket | biomeswevegone:sakura_grove | biomeswevegone:skyris_vale | biomeswevegone:weeping_witch_forest | biomeswevegone:zelkova_forest | natures_spirit:windswept_sugi_forest | regions_unexplored:maple_forest | regions_unexplored:orchard | regions_unexplored:redwoods
repurposed_structures:mansion_savanna,repurposed_structures-7.5.22+1.21.1-neoforge.jar,data/repurposed_structures/worldgen/structure/mansion_savanna.json,#repurposed_structures:has_structure/mansions/savanna,surface/other,Other/undetermined,surface_structures,"{""absolute"":0}",none,repurposed_structures:mansions_overworld,0,0,,,False,,,
repurposed_structures:mansion_snowy,repurposed_structures-7.5.22+1.21.1-neoforge.jar,data/repurposed_structures/worldgen/structure/mansion_snowy.json,#repurposed_structures:has_structure/mansions/snowy,surface/other,Overworld,surface_structures,"{""absolute"":0}",none,repurposed_structures:mansions_overworld,0,1,biomeswevegone:shattered_glacier,,False,,,biomeswevegone:shattered_glacier
repurposed_structures:mansion_taiga,repurposed_structures-7.5.22+1.21.1-neoforge.jar,data/repurposed_structures/worldgen/structure/mansion_taiga.json,#repurposed_structures:has_structure/mansions/taiga,surface/other,Overworld,surface_structures,"{""absolute"":0}",none,repurposed_structures:mansions_overworld,0,5,biomesoplenty:ominous_woods | biomeswevegone:maple_taiga | biomeswevegone:redwood_thicket | natures_spirit:windswept_sugi_forest | regions_unexplored:redwoods,,False,,,biomesoplenty:ominous_woods | biomeswevegone:maple_taiga | biomeswevegone:redwood_thicket | natures_spirit:windswept_sugi_forest | regions_unexplored:redwoods
repurposed_structures:mineshaft_basalt,repurposed_structures-7.5.22+1.21.1-neoforge.jar,data/repurposed_structures/worldgen/structure/mineshaft_basalt.json,#repurposed_structures:has_structure/mineshafts/basalt,surface/other,Nether,vegetal_decoration,"{""max_inclusive"":{""absolute"":13},""min_inclusive"":{""absolute"":6},""type"":""minecraft:uniform""}",none,repurposed_structures:mineshafts_nether,0,0,,,False,,,
repurposed_structures:mineshaft_birch,repurposed_structures-7.5.22+1.21.1-neoforge.jar,data/repurposed_structures/worldgen/structure/mineshaft_birch.json,#repurposed_structures:has_structure/mineshafts/birch,underground,Overworld,underground_structures,"{""max_inclusive"":{""absolute"":130},""min_inclusive"":{""absolute"":35},""type"":""minecraft:uniform""}",none,repurposed_structures:mineshafts_overworld,4,4,,,False,,,biomesoplenty:snowblossom_grove | biomeswevegone:sakura_grove | biomeswevegone:zelkova_forest | regions_unexplored:maple_forest
repurposed_structures:mineshaft_crimson,repurposed_structures-7.5.22+1.21.1-neoforge.jar,data/repurposed_structures/worldgen/structure/mineshaft_crimson.json,#repurposed_structures:has_structure/mineshafts/crimson,surface/other,Nether,vegetal_decoration,"{""max_inclusive"":{""absolute"":13},""min_inclusive"":{""absolute"":6},""type"":""minecraft:uniform""}",none,repurposed_structures:mineshafts_nether,0,0,,,False,c:primary_wood_type/crimson,c:primary_wood_type/crimson,
repurposed_structures:mineshaft_dark_forest,repurposed_structures-7.5.22+1.21.1-neoforge.jar,data/repurposed_structures/worldgen/structure/mineshaft_dark_forest.json,#repurposed_structures:has_structure/mineshafts/dark_forest,underground,Overworld,underground_structures,"{""max_inclusive"":{""absolute"":130},""min_inclusive"":{""absolute"":35},""type"":""minecraft:uniform""}",none,repurposed_structures:mineshafts_overworld,2,4,biomeswevegone:ebony_woods | biomeswevegone:weeping_witch_forest,,False,,,biomesoplenty:ominous_woods | biomeswevegone:ebony_woods | biomeswevegone:weeping_witch_forest | regions_unexplored:ashen_woodland
repurposed_structures:mineshaft_desert,repurposed_structures-7.5.22+1.21.1-neoforge.jar,data/repurposed_structures/worldgen/structure/mineshaft_desert.json,#repurposed_structures:has_structure/mineshafts/desert,underground,Other/undetermined,underground_structures,"{""max_inclusive"":{""absolute"":130},""min_inclusive"":{""absolute"":35},""type"":""minecraft:uniform""}",none,repurposed_structures:mineshafts_overworld,0,0,,,False,,,
repurposed_structures:mineshaft_end,repurposed_structures-7.5.22+1.21.1-neoforge.jar,data/repurposed_structures/worldgen/structure/mineshaft_end.json,#repurposed_structures:has_structure/mineshafts/end,underground,End,underground_structures,"{""absolute"":0}",none,repurposed_structures:mineshafts_end,0,0,,,False,c:is_end | c:is_outer_end_island,c:is_end | c:is_outer_end_island,
repurposed_structures:mineshaft_icy,repurposed_structures-7.5.22+1.21.1-neoforge.jar,data/repurposed_structures/worldgen/structure/mineshaft_icy.json,#repurposed_structures:has_structure/mineshafts/icy,underground,Overworld,underground_structures,"{""max_inclusive"":{""absolute"":150},""min_inclusive"":{""absolute"":35},""type"":""minecraft:uniform""}",none,repurposed_structures:mineshafts_overworld,6,8,biomesoplenty:snowblossom_grove | biomeswevegone:frosted_coniferous_forest,,False,byg:is_icy,byg:is_icy,biomesoplenty:auroral_garden | biomesoplenty:snowblossom_grove | biomeswevegone:frosted_coniferous_forest | biomeswevegone:shattered_glacier | regions_unexplored:cold_deciduous_forest | regions_unexplored:frozen_pine_taiga | regions_unexplored:icy_heights | regions_unexplored:spires
repurposed_structures:mineshaft_jungle,repurposed_structures-7.5.22+1.21.1-neoforge.jar,data/repurposed_structures/worldgen/structure/mineshaft_jungle.json,#repurposed_structures:has_structure/mineshafts/jungle,underground,Overworld,underground_structures,"{""max_inclusive"":{""absolute"":130},""min_inclusive"":{""absolute"":35},""type"":""minecraft:uniform""}",none,repurposed_structures:mineshafts_overworld,3,3,,,False,,,biomeswevegone:bayou | biomeswevegone:crag_gardens | biomeswevegone:ebony_woods
repurposed_structures:mineshaft_nether,repurposed_structures-7.5.22+1.21.1-neoforge.jar,data/repurposed_structures/worldgen/structure/mineshaft_nether.json,#repurposed_structures:has_structure/mineshafts/nether,surface/other,Nether,vegetal_decoration,"{""max_inclusive"":{""absolute"":13},""min_inclusive"":{""absolute"":6},""type"":""minecraft:uniform""}",none,repurposed_structures:mineshafts_nether,0,0,,,False,c:is_nether,c:is_nether,
repurposed_structures:mineshaft_ocean,repurposed_structures-7.5.22+1.21.1-neoforge.jar,data/repurposed_structures/worldgen/structure/mineshaft_ocean.json,#repurposed_structures:has_structure/mineshafts/ocean,underground,Overworld,underground_structures,"{""max_inclusive"":{""absolute"":30},""min_inclusive"":{""absolute"":5},""type"":""minecraft:uniform""}",none,repurposed_structures:mineshafts_ocean,3,3,,,False,,,biomeswevegone:lush_stacks | regions_unexplored:hyacinth_deeps | regions_unexplored:rocky_reef
repurposed_structures:mineshaft_savanna,repurposed_structures-7.5.22+1.21.1-neoforge.jar,data/repurposed_structures/worldgen/structure/mineshaft_savanna.json,#repurposed_structures:has_structure/mineshafts/savanna,underground,Other/undetermined,underground_structures,"{""max_inclusive"":{""absolute"":130},""min_inclusive"":{""absolute"":35},""type"":""minecraft:uniform""}",none,repurposed_structures:mineshafts_overworld,0,0,,,False,,,
repurposed_structures:mineshaft_soul,repurposed_structures-7.5.22+1.21.1-neoforge.jar,data/repurposed_structures/worldgen/structure/mineshaft_soul.json,#repurposed_structures:has_structure/mineshafts/soul,surface/other,Nether,vegetal_decoration,"{""max_inclusive"":{""absolute"":13},""min_inclusive"":{""absolute"":6},""type"":""minecraft:uniform""}",none,repurposed_structures:mineshafts_nether,0,0,,,False,,,
repurposed_structures:mineshaft_stone,repurposed_structures-7.5.22+1.21.1-neoforge.jar,data/repurposed_structures/worldgen/structure/mineshaft_stone.json,#repurposed_structures:has_structure/mineshafts/stone,underground,Overworld,underground_structures,"{""max_inclusive"":{""absolute"":130},""min_inclusive"":{""absolute"":35},""type"":""minecraft:uniform""}",none,repurposed_structures:mineshafts_overworld,10,16,biomesoplenty:pumpkin_patch | biomeswevegone:prairie | biomeswevegone:sakura_grove | regions_unexplored:flower_fields | regions_unexplored:grassland | regions_unexplored:orchard,,False,c:is_hills,,biomesoplenty:highland | biomesoplenty:pumpkin_patch | biomesoplenty:volcano | biomeswevegone:crag_gardens | biomeswevegone:prairie | biomeswevegone:sakura_grove | biomeswevegone:shattered_glacier | natures_spirit:alpine_clearings | natures_spirit:floral_ridges | natures_spirit:windswept_sugi_forest | regions_unexplored:flower_fields | regions_unexplored:grassland | regions_unexplored:icy_heights | regions_unexplored:orchard | regions_unexplored:rocky_meadow | regions_unexplored:spires
repurposed_structures:mineshaft_swamp,repurposed_structures-7.5.22+1.21.1-neoforge.jar,data/repurposed_structures/worldgen/structure/mineshaft_swamp.json,#repurposed_structures:has_structure/mineshafts/swamp,underground,Overworld,underground_structures,"{""max_inclusive"":{""absolute"":130},""min_inclusive"":{""absolute"":35},""type"":""minecraft:uniform""}",none,repurposed_structures:mineshafts_overworld,4,4,,,False,,,biomesoplenty:hot_springs | biomeswevegone:bayou | regions_unexplored:fen | regions_unexplored:marsh
repurposed_structures:mineshaft_taiga,repurposed_structures-7.5.22+1.21.1-neoforge.jar,data/repurposed_structures/worldgen/structure/mineshaft_taiga.json,#repurposed_structures:has_structure/mineshafts/taiga,underground,Overworld,underground_structures,"{""max_inclusive"":{""absolute"":130},""min_inclusive"":{""absolute"":35},""type"":""minecraft:uniform""}",none,repurposed_structures:mineshafts_overworld,1,5,biomesoplenty:ominous_woods | biomeswevegone:maple_taiga | biomeswevegone:redwood_thicket | natures_spirit:windswept_sugi_forest,,False,,,biomesoplenty:ominous_woods | biomeswevegone:maple_taiga | biomeswevegone:redwood_thicket | natures_spirit:windswept_sugi_forest | regions_unexplored:redwoods
repurposed_structures:mineshaft_warped,repurposed_structures-7.5.22+1.21.1-neoforge.jar,data/repurposed_structures/worldgen/structure/mineshaft_warped.json,#repurposed_structures:has_structure/mineshafts/warped,surface/other,Nether,vegetal_decoration,"{""max_inclusive"":{""absolute"":13},""min_inclusive"":{""absolute"":6},""type"":""minecraft:uniform""}",none,repurposed_structures:mineshafts_nether,0,0,,,False,c:primary_wood_type/warped,c:primary_wood_type/warped,
repurposed_structures:monument_desert,repurposed_structures-7.5.22+1.21.1-neoforge.jar,data/repurposed_structures/worldgen/structure/monument_desert.json,#repurposed_structures:has_structure/monuments/desert,surface/other,Other/undetermined,surface_structures,{},none,repurposed_structures:monuments_overworld,0,0,,,False,,,
repurposed_structures:monument_icy,repurposed_structures-7.5.22+1.21.1-neoforge.jar,data/repurposed_structures/worldgen/structure/monument_icy.json,#repurposed_structures:has_structure/monuments/icy,surface/other,Overworld,surface_structures,{},none,repurposed_structures:monuments_overworld,5,5,,,False,byg:is_icy,byg:is_icy,biomesoplenty:auroral_garden | biomeswevegone:shattered_glacier | regions_unexplored:frozen_pine_taiga | regions_unexplored:icy_heights | regions_unexplored:spires
repurposed_structures:monument_jungle,repurposed_structures-7.5.22+1.21.1-neoforge.jar,data/repurposed_structures/worldgen/structure/monument_jungle.json,#repurposed_structures:has_structure/monuments/jungle,surface/other,Overworld,surface_structures,{},none,repurposed_structures:monuments_overworld,3,3,,,False,,,biomeswevegone:bayou | biomeswevegone:crag_gardens | biomeswevegone:ebony_woods
repurposed_structures:monument_nether,repurposed_structures-7.5.22+1.21.1-neoforge.jar,data/repurposed_structures/worldgen/structure/monument_nether.json,#repurposed_structures:has_structure/monuments/nether,surface/other,Nether,strongholds,{},beard_box,repurposed_structures:monuments_nether,0,0,,,False,c:is_nether,c:is_nether,
repurposed_structures:outpost_badlands,repurposed_structures-7.5.22+1.21.1-neoforge.jar,data/repurposed_structures/worldgen/structure/outpost_badlands.json,#repurposed_structures:has_structure/outposts/badlands,surface/other,Other/undetermined,surface_structures,"{""absolute"":0}",beard_thin,repurposed_structures:outposts_overworld,0,0,,,False,c:badlands | c:in_badlands | forge:is_badlands,c:badlands | c:in_badlands | forge:is_badlands,
repurposed_structures:outpost_basalt,repurposed_structures-7.5.22+1.21.1-neoforge.jar,data/repurposed_structures/worldgen/structure/outpost_basalt.json,#repurposed_structures:has_structure/outposts/basalt,surface/other,Nether,vegetal_decoration,"{""absolute"":0}",beard_box,repurposed_structures:outposts_nether,0,0,,,False,,,
repurposed_structures:outpost_birch,repurposed_structures-7.5.22+1.21.1-neoforge.jar,data/repurposed_structures/worldgen/structure/outpost_birch.json,#repurposed_structures:has_structure/outposts/birch,surface/other,Overworld,surface_structures,"{""absolute"":0}",beard_thin,repurposed_structures:outposts_overworld,4,4,,,False,,,biomesoplenty:snowblossom_grove | biomeswevegone:sakura_grove | biomeswevegone:zelkova_forest | regions_unexplored:maple_forest
repurposed_structures:outpost_crimson,repurposed_structures-7.5.22+1.21.1-neoforge.jar,data/repurposed_structures/worldgen/structure/outpost_crimson.json,#repurposed_structures:has_structure/outposts/crimson,surface/other,Nether,surface_structures,"{""absolute"":0}",beard_box,repurposed_structures:outposts_nether,0,0,,,False,c:primary_wood_type/crimson,c:primary_wood_type/crimson,
repurposed_structures:outpost_desert,repurposed_structures-7.5.22+1.21.1-neoforge.jar,data/repurposed_structures/worldgen/structure/outpost_desert.json,#repurposed_structures:has_structure/outposts/desert,surface/other,Other/undetermined,surface_structures,"{""absolute"":0}",beard_thin,repurposed_structures:outposts_overworld,0,0,,,False,,,
repurposed_structures:outpost_end,repurposed_structures-7.5.22+1.21.1-neoforge.jar,data/repurposed_structures/worldgen/structure/outpost_end.json,#repurposed_structures:has_structure/outposts/end,surface/other,End,surface_structures,"{""absolute"":0}",beard_box,repurposed_structures:outposts_end,0,0,,,False,c:is_end | c:is_outer_end_island,c:is_end | c:is_outer_end_island,
repurposed_structures:outpost_giant_tree_taiga,repurposed_structures-7.5.22+1.21.1-neoforge.jar,data/repurposed_structures/worldgen/structure/outpost_giant_tree_taiga.json,#repurposed_structures:has_structure/outposts/giant_tree_taiga,surface/other,Overworld,surface_structures,"{""absolute"":0}",beard_thin,repurposed_structures:outposts_overworld,1,5,biomesoplenty:ominous_woods | biomeswevegone:maple_taiga | biomeswevegone:redwood_thicket | natures_spirit:windswept_sugi_forest,,False,,,biomesoplenty:ominous_woods | biomeswevegone:maple_taiga | biomeswevegone:redwood_thicket | natures_spirit:windswept_sugi_forest | regions_unexplored:redwoods
repurposed_structures:outpost_icy,repurposed_structures-7.5.22+1.21.1-neoforge.jar,data/repurposed_structures/worldgen/structure/outpost_icy.json,#repurposed_structures:has_structure/outposts/icy,surface/other,Overworld,surface_structures,"{""absolute"":0}",beard_thin,repurposed_structures:outposts_overworld,5,5,,,False,byg:is_icy,byg:is_icy,biomesoplenty:auroral_garden | biomeswevegone:shattered_glacier | regions_unexplored:frozen_pine_taiga | regions_unexplored:icy_heights | regions_unexplored:spires
repurposed_structures:outpost_jungle,repurposed_structures-7.5.22+1.21.1-neoforge.jar,data/repurposed_structures/worldgen/structure/outpost_jungle.json,#repurposed_structures:has_structure/outposts/jungle,surface/other,Overworld,surface_structures,"{""absolute"":0}",beard_thin,repurposed_structures:outposts_overworld,3,3,,,False,,,biomeswevegone:bayou | biomeswevegone:crag_gardens | biomeswevegone:ebony_woods
repurposed_structures:outpost_mangrove,repurposed_structures-7.5.22+1.21.1-neoforge.jar,data/repurposed_structures/worldgen/structure/outpost_mangrove.json,#repurposed_structures:has_structure/outposts/mangrove,surface/other,Overworld,surface_structures,"{""absolute"":0}",beard_thin,repurposed_structures:outposts_overworld,0,2,biomeswevegone:bayou | regions_unexplored:marsh,,False,,,biomeswevegone:bayou | regions_unexplored:marsh
repurposed_structures:outpost_nether_brick,repurposed_structures-7.5.22+1.21.1-neoforge.jar,data/repurposed_structures/worldgen/structure/outpost_nether_brick.json,#repurposed_structures:has_structure/outposts/nether_brick,surface/other,Nether,surface_structures,"{""absolute"":0}",beard_box,repurposed_structures:outposts_nether,0,0,,,False,c:is_nether,c:is_nether,
repurposed_structures:outpost_oak,repurposed_structures-7.5.22+1.21.1-neoforge.jar,data/repurposed_structures/worldgen/structure/outpost_oak.json,#repurposed_structures:has_structure/outposts/oak,surface/other,Overworld,surface_structures,"{""absolute"":0}",beard_thin,repurposed_structures:outposts_overworld,2,10,biomesoplenty:ominous_woods | biomeswevegone:redwood_thicket | biomeswevegone:sakura_grove | biomeswevegone:skyris_vale | biomeswevegone:weeping_witch_forest | biomeswevegone:zelkova_forest | natures_spirit:windswept_sugi_forest | regions_unexplored:redwoods,,False,,,biomesoplenty:ominous_woods | biomeswevegone:redwood_thicket | biomeswevegone:sakura_grove | biomeswevegone:skyris_vale | biomeswevegone:weeping_witch_forest | biomeswevegone:zelkova_forest | natures_spirit:windswept_sugi_forest | regions_unexplored:maple_forest | regions_unexplored:orchard | regions_unexplored:redwoods
repurposed_structures:outpost_ocean,repurposed_structures-7.5.22+1.21.1-neoforge.jar,data/repurposed_structures/worldgen/structure/outpost_ocean.json,#repurposed_structures:has_structure/outposts/ocean,ocean/river,Overworld,surface_structures,"{""absolute"":0}",beard_box,repurposed_structures:outposts_ocean,1,1,,,False,,,regions_unexplored:hyacinth_deeps
repurposed_structures:outpost_savanna,repurposed_structures-7.5.22+1.21.1-neoforge.jar,data/repurposed_structures/worldgen/structure/outpost_savanna.json,#repurposed_structures:has_structure/outposts/savanna,surface/other,Other/undetermined,surface_structures,"{""absolute"":0}",beard_thin,repurposed_structures:outposts_overworld,0,0,,,False,,,
repurposed_structures:outpost_snowy,repurposed_structures-7.5.22+1.21.1-neoforge.jar,data/repurposed_structures/worldgen/structure/outpost_snowy.json,#repurposed_structures:has_structure/outposts/snowy,surface/other,Overworld,surface_structures,"{""absolute"":0}",beard_thin,repurposed_structures:outposts_overworld,2,6,biomesoplenty:auroral_garden | biomesoplenty:snowblossom_grove | biomeswevegone:frosted_coniferous_forest | biomeswevegone:shattered_glacier,,False,,,biomesoplenty:auroral_garden | biomesoplenty:snowblossom_grove | biomeswevegone:frosted_coniferous_forest | biomeswevegone:shattered_glacier | regions_unexplored:cold_deciduous_forest | regions_unexplored:frozen_pine_taiga
repurposed_structures:outpost_soul,repurposed_structures-7.5.22+1.21.1-neoforge.jar,data/repurposed_structures/worldgen/structure/outpost_soul.json,#repurposed_structures:has_structure/outposts/soul,surface/other,Nether,surface_structures,"{""absolute"":0}",beard_box,repurposed_structures:outposts_nether,0,0,,,False,,,
repurposed_structures:outpost_taiga,repurposed_structures-7.5.22+1.21.1-neoforge.jar,data/repurposed_structures/worldgen/structure/outpost_taiga.json,#repurposed_structures:has_structure/outposts/taiga,surface/other,Overworld,surface_structures,"{""absolute"":0}",beard_thin,repurposed_structures:outposts_overworld,0,5,biomesoplenty:ominous_woods | biomeswevegone:maple_taiga | biomeswevegone:redwood_thicket | natures_spirit:windswept_sugi_forest | regions_unexplored:redwoods,,False,,,biomesoplenty:ominous_woods | biomeswevegone:maple_taiga | biomeswevegone:redwood_thicket | natures_spirit:windswept_sugi_forest | regions_unexplored:redwoods
repurposed_structures:outpost_warped,repurposed_structures-7.5.22+1.21.1-neoforge.jar,data/repurposed_structures/worldgen/structure/outpost_warped.json,#repurposed_structures:has_structure/outposts/warped,surface/other,Nether,surface_structures,"{""absolute"":0}",beard_box,repurposed_structures:outposts_nether,0,0,,,False,c:primary_wood_type/warped,c:primary_wood_type/warped,
repurposed_structures:pyramid_badlands,repurposed_structures-7.5.22+1.21.1-neoforge.jar,data/repurposed_structures/worldgen/structure/pyramid_badlands.json,#repurposed_structures:has_structure/pyramids/badlands,underground,Other/undetermined,surface_structures,"{""absolute"":-3}",none,repurposed_structures:pyramids_overworld,0,0,,,False,c:badlands | c:in_badlands | forge:is_badlands,c:badlands | c:in_badlands | forge:is_badlands,
repurposed_structures:pyramid_dark_forest,repurposed_structures-7.5.22+1.21.1-neoforge.jar,data/repurposed_structures/worldgen/structure/pyramid_dark_forest.json,#repurposed_structures:has_structure/pyramids/dark_forest,underground,Overworld,surface_structures,"{""absolute"":-3}",none,repurposed_structures:pyramids_overworld,2,4,biomeswevegone:ebony_woods | biomeswevegone:weeping_witch_forest,,False,,,biomesoplenty:ominous_woods | biomeswevegone:ebony_woods | biomeswevegone:weeping_witch_forest | regions_unexplored:ashen_woodland
repurposed_structures:pyramid_end,repurposed_structures-7.5.22+1.21.1-neoforge.jar,data/repurposed_structures/worldgen/structure/pyramid_end.json,#repurposed_structures:has_structure/pyramids/end,underground,End,surface_structures,"{""absolute"":-2}",none,repurposed_structures:pyramids_end,0,0,,,False,c:is_end | c:is_outer_end_island,c:is_end | c:is_outer_end_island,
repurposed_structures:pyramid_flower_forest,repurposed_structures-7.5.22+1.21.1-neoforge.jar,data/repurposed_structures/worldgen/structure/pyramid_flower_forest.json,#repurposed_structures:has_structure/pyramids/flower_forest,underground,Overworld,surface_structures,"{""absolute"":-3}",none,repurposed_structures:pyramids_overworld,4,5,biomesoplenty:snowblossom_grove,,False,biomeswevegone:is_floral | byg:is_floral,biomeswevegone:is_floral | byg:is_floral,biomesoplenty:pumpkin_patch | biomesoplenty:snowblossom_grove | biomeswevegone:sakura_grove | natures_spirit:floral_ridges | regions_unexplored:flower_fields
repurposed_structures:pyramid_giant_tree_taiga,repurposed_structures-7.5.22+1.21.1-neoforge.jar,data/repurposed_structures/worldgen/structure/pyramid_giant_tree_taiga.json,#repurposed_structures:has_structure/pyramids/giant_tree_taiga,underground,Overworld,surface_structures,"{""absolute"":-3}",none,repurposed_structures:pyramids_overworld,1,5,biomesoplenty:ominous_woods | biomeswevegone:maple_taiga | biomeswevegone:redwood_thicket | natures_spirit:windswept_sugi_forest,,False,,,biomesoplenty:ominous_woods | biomeswevegone:maple_taiga | biomeswevegone:redwood_thicket | natures_spirit:windswept_sugi_forest | regions_unexplored:redwoods
repurposed_structures:pyramid_icy,repurposed_structures-7.5.22+1.21.1-neoforge.jar,data/repurposed_structures/worldgen/structure/pyramid_icy.json,#repurposed_structures:has_structure/pyramids/icy,underground,Overworld,surface_structures,"{""absolute"":-3}",none,repurposed_structures:pyramids_overworld,5,5,,,False,byg:is_icy,byg:is_icy,biomesoplenty:auroral_garden | biomeswevegone:shattered_glacier | regions_unexplored:frozen_pine_taiga | regions_unexplored:icy_heights | regions_unexplored:spires
repurposed_structures:pyramid_jungle,repurposed_structures-7.5.22+1.21.1-neoforge.jar,data/repurposed_structures/worldgen/structure/pyramid_jungle.json,#repurposed_structures:has_structure/pyramids/jungle,underground,Overworld,surface_structures,"{""absolute"":-3}",none,repurposed_structures:pyramids_overworld,3,3,,,False,,,biomeswevegone:bayou | biomeswevegone:crag_gardens | biomeswevegone:ebony_woods
repurposed_structures:pyramid_mushroom,repurposed_structures-7.5.22+1.21.1-neoforge.jar,data/repurposed_structures/worldgen/structure/pyramid_mushroom.json,#repurposed_structures:has_structure/pyramids/mushroom,underground,Other/undetermined,surface_structures,"{""absolute"":-3}",none,repurposed_structures:pyramids_mushroom,0,0,,,False,,,
repurposed_structures:pyramid_nether,repurposed_structures-7.5.22+1.21.1-neoforge.jar,data/repurposed_structures/worldgen/structure/pyramid_nether.json,#repurposed_structures:has_structure/pyramids/nether,underground,Nether,surface_structures,"{""absolute"":-2}",beard_thin,repurposed_structures:pyramids_nether,0,0,,,False,c:is_nether,c:is_nether,
repurposed_structures:pyramid_ocean,repurposed_structures-7.5.22+1.21.1-neoforge.jar,data/repurposed_structures/worldgen/structure/pyramid_ocean.json,#repurposed_structures:has_structure/pyramids/ocean,underground,Overworld,surface_structures,"{""absolute"":-3}",none,repurposed_structures:pyramids_overworld,3,3,,,False,,,biomeswevegone:lush_stacks | regions_unexplored:hyacinth_deeps | regions_unexplored:rocky_reef
repurposed_structures:pyramid_snowy,repurposed_structures-7.5.22+1.21.1-neoforge.jar,data/repurposed_structures/worldgen/structure/pyramid_snowy.json,#repurposed_structures:has_structure/pyramids/snowy,underground,Overworld,surface_structures,"{""absolute"":-3}",none,repurposed_structures:pyramids_overworld,2,8,biomesoplenty:auroral_garden | biomesoplenty:snowblossom_grove | biomeswevegone:frosted_coniferous_forest | biomeswevegone:shattered_glacier | regions_unexplored:icy_heights | regions_unexplored:spires,,False,,,biomesoplenty:auroral_garden | biomesoplenty:snowblossom_grove | biomeswevegone:frosted_coniferous_forest | biomeswevegone:shattered_glacier | regions_unexplored:cold_deciduous_forest | regions_unexplored:frozen_pine_taiga | regions_unexplored:icy_heights | regions_unexplored:spires
repurposed_structures:ruined_portal_end,repurposed_structures-7.5.22+1.21.1-neoforge.jar,data/repurposed_structures/worldgen/structure/ruined_portal_end.json,#repurposed_structures:has_structure/ruined_portals/end,underground,End,surface_structures,"{""absolute"":-6}",none,repurposed_structures:ruined_portals_end,0,0,,,False,c:is_end | c:is_outer_end_island,c:is_end | c:is_outer_end_island,
repurposed_structures:ruins_land_cold,repurposed_structures-7.5.22+1.21.1-neoforge.jar,data/repurposed_structures/worldgen/structure/ruins_land_cold.json,#repurposed_structures:has_structure/ruins/land_cold,surface/other,Overworld,surface_structures,"{""absolute"":0}",beard_thin,repurposed_structures:ruins_overworld,10,20,biomesoplenty:ominous_woods | biomesoplenty:pumpkin_patch | biomeswevegone:maple_taiga | biomeswevegone:prairie | biomeswevegone:redwood_thicket | biomeswevegone:sakura_grove | regions_unexplored:flower_fields | regions_unexplored:grassland | regions_unexplored:orchard | regions_unexplored:redwoods,,False,c:is_hills,,biomesoplenty:highland | biomesoplenty:ominous_woods | biomesoplenty:pumpkin_patch | biomesoplenty:volcano | biomeswevegone:crag_gardens | biomeswevegone:maple_taiga | biomeswevegone:prairie | biomeswevegone:redwood_thicket | biomeswevegone:sakura_grove | biomeswevegone:shattered_glacier | natures_spirit:alpine_clearings | natures_spirit:floral_ridges | natures_spirit:windswept_sugi_forest | regions_unexplored:flower_fields | regions_unexplored:grassland | regions_unexplored:icy_heights | regions_unexplored:orchard | regions_unexplored:redwoods | regions_unexplored:rocky_meadow | regions_unexplored:spires
repurposed_structures:ruins_land_hot,repurposed_structures-7.5.22+1.21.1-neoforge.jar,data/repurposed_structures/worldgen/structure/ruins_land_hot.json,#repurposed_structures:has_structure/ruins/land_hot,surface/other,Other/undetermined,surface_structures,"{""absolute"":0}",beard_thin,repurposed_structures:ruins_overworld,0,0,,,False,,,
repurposed_structures:ruins_land_icy,repurposed_structures-7.5.22+1.21.1-neoforge.jar,data/repurposed_structures/worldgen/structure/ruins_land_icy.json,#repurposed_structures:has_structure/ruins/land_icy,surface/other,Overworld,surface_structures,"{""absolute"":0}",beard_thin,repurposed_structures:ruins_overworld,6,8,biomesoplenty:snowblossom_grove | biomeswevegone:frosted_coniferous_forest,,False,byg:is_icy,byg:is_icy,biomesoplenty:auroral_garden | biomesoplenty:snowblossom_grove | biomeswevegone:frosted_coniferous_forest | biomeswevegone:shattered_glacier | regions_unexplored:cold_deciduous_forest | regions_unexplored:frozen_pine_taiga | regions_unexplored:icy_heights | regions_unexplored:spires
repurposed_structures:ruins_land_warm,repurposed_structures-7.5.22+1.21.1-neoforge.jar,data/repurposed_structures/worldgen/structure/ruins_land_warm.json,#repurposed_structures:has_structure/ruins/land_warm,surface/other,Overworld,surface_structures,"{""absolute"":0}",beard_thin,repurposed_structures:ruins_overworld,14,14,,,False,,,biomesoplenty:highland | biomesoplenty:hot_springs | biomesoplenty:pumpkin_patch | biomeswevegone:bayou | biomeswevegone:prairie | biomeswevegone:sakura_grove | natures_spirit:alpine_clearings | natures_spirit:floral_ridges | regions_unexplored:fen | regions_unexplored:flower_fields | regions_unexplored:grassland | regions_unexplored:marsh | regions_unexplored:orchard | regions_unexplored:rocky_meadow
repurposed_structures:ruins_nether,repurposed_structures-7.5.22+1.21.1-neoforge.jar,data/repurposed_structures/worldgen/structure/ruins_nether.json,#repurposed_structures:has_structure/ruins/nether,underground,Nether,surface_structures,"{""absolute"":-2}",beard_thin,repurposed_structures:ruins_nether,0,0,,,False,c:is_nether,c:is_nether,
repurposed_structures:shipwreck_crimson,repurposed_structures-7.5.22+1.21.1-neoforge.jar,data/repurposed_structures/worldgen/structure/shipwreck_crimson.json,#repurposed_structures:has_structure/shipwrecks/crimson,ocean/river,Nether,surface_structures,"{""absolute"":28}",none,repurposed_structures:shipwrecks_nether,0,0,,,False,c:primary_wood_type/crimson,c:primary_wood_type/crimson,
repurposed_structures:shipwreck_end,repurposed_structures-7.5.22+1.21.1-neoforge.jar,data/repurposed_structures/worldgen/structure/shipwreck_end.json,#repurposed_structures:has_structure/shipwrecks/end,underground,End,surface_structures,"{""absolute"":-3}",none,repurposed_structures:shipwrecks_end,0,0,,,False,c:is_end | c:is_outer_end_island,c:is_end | c:is_outer_end_island,
repurposed_structures:shipwreck_nether_bricks,repurposed_structures-7.5.22+1.21.1-neoforge.jar,data/repurposed_structures/worldgen/structure/shipwreck_nether_bricks.json,#repurposed_structures:has_structure/shipwrecks/nether_bricks,ocean/river,Nether,surface_structures,"{""absolute"":29}",none,repurposed_structures:shipwrecks_nether,0,0,,,False,c:is_nether,c:is_nether,
repurposed_structures:shipwreck_warped,repurposed_structures-7.5.22+1.21.1-neoforge.jar,data/repurposed_structures/worldgen/structure/shipwreck_warped.json,#repurposed_structures:has_structure/shipwrecks/warped,ocean/river,Nether,surface_structures,"{""absolute"":28}",none,repurposed_structures:shipwrecks_nether,0,0,,,False,c:primary_wood_type/warped,c:primary_wood_type/warped,
repurposed_structures:stronghold_end,repurposed_structures-7.5.22+1.21.1-neoforge.jar,data/repurposed_structures/worldgen/structure/stronghold_end.json,#repurposed_structures:has_structure/strongholds/end,surface/other,End,strongholds,"{""max_inclusive"":{""absolute"":6},""min_inclusive"":{""absolute"":3},""type"":""minecraft:uniform""}",none,repurposed_structures:strongholds_end,0,0,,,False,c:is_end | c:is_outer_end_island,c:is_end | c:is_outer_end_island,
repurposed_structures:stronghold_nether,repurposed_structures-7.5.22+1.21.1-neoforge.jar,data/repurposed_structures/worldgen/structure/stronghold_nether.json,#repurposed_structures:has_structure/strongholds/nether,surface/other,Nether,top_layer_modification,"{""max_inclusive"":{""absolute"":29},""min_inclusive"":{""absolute"":26},""type"":""minecraft:uniform""}",none,repurposed_structures:strongholds_nether,0,0,,,False,c:is_nether,c:is_nether,
repurposed_structures:temple_nether_basalt,repurposed_structures-7.5.22+1.21.1-neoforge.jar,data/repurposed_structures/worldgen/structure/temple_nether_basalt.json,#repurposed_structures:has_structure/temples/nether_basalt,underground,Nether,surface_structures,"{""absolute"":-4}",none,repurposed_structures:temples_nether,0,0,,,False,,,
repurposed_structures:temple_nether_crimson,repurposed_structures-7.5.22+1.21.1-neoforge.jar,data/repurposed_structures/worldgen/structure/temple_nether_crimson.json,#repurposed_structures:has_structure/temples/nether_crimson,underground,Nether,surface_structures,"{""absolute"":-4}",none,repurposed_structures:temples_nether,0,0,,,False,c:primary_wood_type/crimson,c:primary_wood_type/crimson,
repurposed_structures:temple_nether_soul,repurposed_structures-7.5.22+1.21.1-neoforge.jar,data/repurposed_structures/worldgen/structure/temple_nether_soul.json,#repurposed_structures:has_structure/temples/nether_soul,underground,Nether,surface_structures,"{""absolute"":-4}",none,repurposed_structures:temples_nether,0,0,,,False,,,
repurposed_structures:temple_nether_warped,repurposed_structures-7.5.22+1.21.1-neoforge.jar,data/repurposed_structures/worldgen/structure/temple_nether_warped.json,#repurposed_structures:has_structure/temples/nether_warped,underground,Nether,surface_structures,"{""absolute"":-4}",none,repurposed_structures:temples_nether,0,0,,,False,c:primary_wood_type/warped,c:primary_wood_type/warped,
repurposed_structures:temple_nether_wasteland,repurposed_structures-7.5.22+1.21.1-neoforge.jar,data/repurposed_structures/worldgen/structure/temple_nether_wasteland.json,#repurposed_structures:has_structure/temples/nether_wasteland,underground,Nether,surface_structures,"{""absolute"":-4}",none,repurposed_structures:temples_nether,0,0,,,False,c:is_nether,c:is_nether,
repurposed_structures:temple_ocean,repurposed_structures-7.5.22+1.21.1-neoforge.jar,data/repurposed_structures/worldgen/structure/temple_ocean.json,#repurposed_structures:has_structure/temples/ocean,underground,Overworld,surface_structures,"{""absolute"":-3}",none,repurposed_structures:temples_overworld,1,1,,,False,,,regions_unexplored:hyacinth_deeps
repurposed_structures:temple_taiga,repurposed_structures-7.5.22+1.21.1-neoforge.jar,data/repurposed_structures/worldgen/structure/temple_taiga.json,#repurposed_structures:has_structure/temples/taiga,underground,Overworld,surface_structures,"{""absolute"":-3}",none,repurposed_structures:temples_overworld,11,12,biomesoplenty:snowblossom_grove,,False,,,biomesoplenty:auroral_garden | biomesoplenty:hot_springs | biomesoplenty:ominous_woods | biomesoplenty:snowblossom_grove | biomeswevegone:frosted_coniferous_forest | biomeswevegone:maple_taiga | biomeswevegone:redwood_thicket | natures_spirit:windswept_sugi_forest | regions_unexplored:ashen_woodland | regions_unexplored:cold_deciduous_forest | regions_unexplored:frozen_pine_taiga | regions_unexplored:redwoods
repurposed_structures:village_badlands,repurposed_structures-7.5.22+1.21.1-neoforge.jar,data/repurposed_structures/worldgen/structure/village_badlands.json,#repurposed_structures:has_structure/villages/badlands,surface/other,Other/undetermined,surface_structures,"{""absolute"":0}",beard_thin,repurposed_structures:villages_overworld,0,0,,,False,c:badlands | c:in_badlands | forge:is_badlands,c:badlands | c:in_badlands | forge:is_badlands,
repurposed_structures:village_bamboo,repurposed_structures-7.5.22+1.21.1-neoforge.jar,data/repurposed_structures/worldgen/structure/village_bamboo.json,#repurposed_structures:has_structure/villages/bamboo,surface/other,Overworld,surface_structures,"{""absolute"":0}",beard_thin,repurposed_structures:villages_overworld,0,3,biomeswevegone:bayou | biomeswevegone:crag_gardens | biomeswevegone:ebony_woods,,False,,,biomeswevegone:bayou | biomeswevegone:crag_gardens | biomeswevegone:ebony_woods
repurposed_structures:village_birch,repurposed_structures-7.5.22+1.21.1-neoforge.jar,data/repurposed_structures/worldgen/structure/village_birch.json,#repurposed_structures:has_structure/villages/birch,surface/other,Overworld,surface_structures,"{""absolute"":0}",beard_thin,repurposed_structures:villages_overworld,4,4,,,False,,,biomesoplenty:snowblossom_grove | biomeswevegone:sakura_grove | biomeswevegone:zelkova_forest | regions_unexplored:maple_forest
repurposed_structures:village_cherry,repurposed_structures-7.5.22+1.21.1-neoforge.jar,data/repurposed_structures/worldgen/structure/village_cherry.json,#repurposed_structures:has_structure/villages/cherry,surface/other,Overworld,surface_structures,"{""absolute"":0}",beard_thin,repurposed_structures:villages_overworld,4,5,biomesoplenty:snowblossom_grove,,False,biomeswevegone:is_floral | byg:is_floral,biomeswevegone:is_floral | byg:is_floral,biomesoplenty:pumpkin_patch | biomesoplenty:snowblossom_grove | biomeswevegone:sakura_grove | natures_spirit:floral_ridges | regions_unexplored:flower_fields
repurposed_structures:village_crimson,repurposed_structures-7.5.22+1.21.1-neoforge.jar,data/repurposed_structures/worldgen/structure/village_crimson.json,#repurposed_structures:has_structure/villages/crimson,surface/other,Nether,surface_structures,"{""absolute"":0}",beard_box,repurposed_structures:villages_nether,0,0,,,False,c:primary_wood_type/crimson,c:primary_wood_type/crimson,
repurposed_structures:village_dark_forest,repurposed_structures-7.5.22+1.21.1-neoforge.jar,data/repurposed_structures/worldgen/structure/village_dark_forest.json,#repurposed_structures:has_structure/villages/dark_forest,surface/other,Overworld,surface_structures,"{""absolute"":0}",beard_thin,repurposed_structures:villages_overworld,2,4,biomeswevegone:ebony_woods | biomeswevegone:weeping_witch_forest,,False,,,biomesoplenty:ominous_woods | biomeswevegone:ebony_woods | biomeswevegone:weeping_witch_forest | regions_unexplored:ashen_woodland
repurposed_structures:village_giant_taiga,repurposed_structures-7.5.22+1.21.1-neoforge.jar,data/repurposed_structures/worldgen/structure/village_giant_taiga.json,#repurposed_structures:has_structure/villages/giant_taiga,surface/other,Overworld,surface_structures,"{""absolute"":0}",beard_thin,repurposed_structures:villages_overworld,1,5,biomesoplenty:ominous_woods | biomeswevegone:maple_taiga | biomeswevegone:redwood_thicket | natures_spirit:windswept_sugi_forest,,False,,,biomesoplenty:ominous_woods | biomeswevegone:maple_taiga | biomeswevegone:redwood_thicket | natures_spirit:windswept_sugi_forest | regions_unexplored:redwoods
repurposed_structures:village_jungle,repurposed_structures-7.5.22+1.21.1-neoforge.jar,data/repurposed_structures/worldgen/structure/village_jungle.json,#repurposed_structures:has_structure/villages/jungle,surface/other,Overworld,surface_structures,"{""absolute"":0}",beard_thin,repurposed_structures:villages_overworld,3,3,,,False,,,biomeswevegone:bayou | biomeswevegone:crag_gardens | biomeswevegone:ebony_woods
repurposed_structures:village_mountains,repurposed_structures-7.5.22+1.21.1-neoforge.jar,data/repurposed_structures/worldgen/structure/village_mountains.json,#repurposed_structures:has_structure/villages/mountains,surface/other,Overworld,surface_structures,"{""absolute"":0}",beard_thin,repurposed_structures:villages_overworld,10,10,,,False,c:is_hills,,biomesoplenty:highland | biomesoplenty:volcano | biomeswevegone:crag_gardens | biomeswevegone:shattered_glacier | natures_spirit:alpine_clearings | natures_spirit:floral_ridges | natures_spirit:windswept_sugi_forest | regions_unexplored:icy_heights | regions_unexplored:rocky_meadow | regions_unexplored:spires
repurposed_structures:village_mushroom,repurposed_structures-7.5.22+1.21.1-neoforge.jar,data/repurposed_structures/worldgen/structure/village_mushroom.json,#repurposed_structures:has_structure/villages/mushroom,surface/other,Other/undetermined,surface_structures,"{""absolute"":0}",beard_thin,repurposed_structures:villages_mushroom,0,0,,,False,,,
repurposed_structures:village_oak,repurposed_structures-7.5.22+1.21.1-neoforge.jar,data/repurposed_structures/worldgen/structure/village_oak.json,#repurposed_structures:has_structure/villages/oak,surface/other,Overworld,surface_structures,"{""absolute"":0}",beard_thin,repurposed_structures:villages_overworld,2,10,biomesoplenty:ominous_woods | biomeswevegone:redwood_thicket | biomeswevegone:sakura_grove | biomeswevegone:skyris_vale | biomeswevegone:weeping_witch_forest | biomeswevegone:zelkova_forest | natures_spirit:windswept_sugi_forest | regions_unexplored:redwoods,,False,,,biomesoplenty:ominous_woods | biomeswevegone:redwood_thicket | biomeswevegone:sakura_grove | biomeswevegone:skyris_vale | biomeswevegone:weeping_witch_forest | biomeswevegone:zelkova_forest | natures_spirit:windswept_sugi_forest | regions_unexplored:maple_forest | regions_unexplored:orchard | regions_unexplored:redwoods
repurposed_structures:village_ocean,repurposed_structures-7.5.22+1.21.1-neoforge.jar,data/repurposed_structures/worldgen/structure/village_ocean.json,#repurposed_structures:has_structure/villages/ocean,ocean/river,Overworld,surface_structures,"{""absolute"":0}",beard_thin,repurposed_structures:villages_overworld,1,1,,,False,,,regions_unexplored:hyacinth_deeps
repurposed_structures:village_swamp,repurposed_structures-7.5.22+1.21.1-neoforge.jar,data/repurposed_structures/worldgen/structure/village_swamp.json,#repurposed_structures:has_structure/villages/swamp,surface/other,Overworld,top_layer_modification,"{""absolute"":0}",beard_thin,repurposed_structures:villages_overworld,4,4,,,False,,,biomesoplenty:hot_springs | biomeswevegone:bayou | regions_unexplored:fen | regions_unexplored:marsh
repurposed_structures:village_warped,repurposed_structures-7.5.22+1.21.1-neoforge.jar,data/repurposed_structures/worldgen/structure/village_warped.json,#repurposed_structures:has_structure/villages/warped,surface/other,Nether,surface_structures,"{""absolute"":0}",beard_box,repurposed_structures:villages_nether,0,0,,,False,c:primary_wood_type/warped,c:primary_wood_type/warped,
repurposed_structures:witch_hut_birch,repurposed_structures-7.5.22+1.21.1-neoforge.jar,data/repurposed_structures/worldgen/structure/witch_hut_birch.json,#repurposed_structures:has_structure/witch_huts/birch,surface/other,Overworld,surface_structures,"{""absolute"":0}",none,repurposed_structures:witch_huts_overworld,4,4,,,False,,,biomesoplenty:snowblossom_grove | biomeswevegone:sakura_grove | biomeswevegone:zelkova_forest | regions_unexplored:maple_forest
repurposed_structures:witch_hut_dark_forest,repurposed_structures-7.5.22+1.21.1-neoforge.jar,data/repurposed_structures/worldgen/structure/witch_hut_dark_forest.json,#repurposed_structures:has_structure/witch_huts/dark_forest,surface/other,Overworld,surface_structures,"{""absolute"":0}",none,repurposed_structures:witch_huts_overworld,2,4,biomeswevegone:ebony_woods | biomeswevegone:weeping_witch_forest,,False,,,biomesoplenty:ominous_woods | biomeswevegone:ebony_woods | biomeswevegone:weeping_witch_forest | regions_unexplored:ashen_woodland
repurposed_structures:witch_hut_giant_tree_taiga,repurposed_structures-7.5.22+1.21.1-neoforge.jar,data/repurposed_structures/worldgen/structure/witch_hut_giant_tree_taiga.json,#repurposed_structures:has_structure/witch_huts/giant_tree_taiga,surface/other,Overworld,surface_structures,"{""absolute"":0}",none,repurposed_structures:witch_huts_overworld,1,5,biomesoplenty:ominous_woods | biomeswevegone:maple_taiga | biomeswevegone:redwood_thicket | natures_spirit:windswept_sugi_forest,,False,,,biomesoplenty:ominous_woods | biomeswevegone:maple_taiga | biomeswevegone:redwood_thicket | natures_spirit:windswept_sugi_forest | regions_unexplored:redwoods
repurposed_structures:witch_hut_mangrove,repurposed_structures-7.5.22+1.21.1-neoforge.jar,data/repurposed_structures/worldgen/structure/witch_hut_mangrove.json,#repurposed_structures:has_structure/witch_huts/mangrove,surface/other,Overworld,surface_structures,"{""absolute"":0}",none,repurposed_structures:witch_huts_overworld,0,2,biomeswevegone:bayou | regions_unexplored:marsh,,False,,,biomeswevegone:bayou | regions_unexplored:marsh
repurposed_structures:witch_hut_oak,repurposed_structures-7.5.22+1.21.1-neoforge.jar,data/repurposed_structures/worldgen/structure/witch_hut_oak.json,#repurposed_structures:has_structure/witch_huts/oak,surface/other,Overworld,surface_structures,"{""absolute"":0}",none,repurposed_structures:witch_huts_overworld,2,10,biomesoplenty:ominous_woods | biomeswevegone:redwood_thicket | biomeswevegone:sakura_grove | biomeswevegone:skyris_vale | biomeswevegone:weeping_witch_forest | biomeswevegone:zelkova_forest | natures_spirit:windswept_sugi_forest | regions_unexplored:redwoods,,False,,,biomesoplenty:ominous_woods | biomeswevegone:redwood_thicket | biomeswevegone:sakura_grove | biomeswevegone:skyris_vale | biomeswevegone:weeping_witch_forest | biomeswevegone:zelkova_forest | natures_spirit:windswept_sugi_forest | regions_unexplored:maple_forest | regions_unexplored:orchard | regions_unexplored:redwoods
repurposed_structures:witch_hut_taiga,repurposed_structures-7.5.22+1.21.1-neoforge.jar,data/repurposed_structures/worldgen/structure/witch_hut_taiga.json,#repurposed_structures:has_structure/witch_huts/taiga,surface/other,Overworld,surface_structures,"{""absolute"":0}",none,repurposed_structures:witch_huts_overworld,0,5,biomesoplenty:ominous_woods | biomeswevegone:maple_taiga | biomeswevegone:redwood_thicket | natures_spirit:windswept_sugi_forest | regions_unexplored:redwoods,,False,,,biomesoplenty:ominous_woods | biomeswevegone:maple_taiga | biomeswevegone:redwood_thicket | natures_spirit:windswept_sugi_forest | regions_unexplored:redwoods
sky_whale_ship:frozen_whale,sky_whale_ship-neoforge-1.21.1.jar,data/sky_whale_ship/worldgen/structure/frozen_whale.json,#ambient_odyssey:frozen_sky_land,sky,Overworld,surface_structures,"{""max_inclusive"":{""absolute"":240},""min_inclusive"":{""absolute"":180},""type"":""minecraft:uniform""}",none,sky_whale_ship:frozen_whale,11,6,biomesoplenty:snowblossom_grove,biomesoplenty:hot_springs | biomesoplenty:ominous_woods | biomeswevegone:redwood_thicket | natures_spirit:windswept_sugi_forest | regions_unexplored:ashen_woodland | regions_unexplored:redwoods,False,,,biomesoplenty:auroral_garden | biomesoplenty:snowblossom_grove | biomeswevegone:frosted_coniferous_forest | biomeswevegone:maple_taiga | regions_unexplored:cold_deciduous_forest | regions_unexplored:frozen_pine_taiga
sky_whale_ship:whale,sky_whale_ship-neoforge-1.21.1.jar,data/sky_whale_ship/worldgen/structure/whale.json,#ambient_odyssey:sky_land,sky,Overworld,surface_structures,"{""max_inclusive"":{""absolute"":220},""min_inclusive"":{""absolute"":180},""type"":""minecraft:uniform""}",none,sky_whale_ship:whale,40,31,,biomesoplenty:volcano | biomeswevegone:lush_stacks | biomeswevegone:shattered_glacier | regions_unexplored:grassy_beach | regions_unexplored:hyacinth_deeps | regions_unexplored:icy_heights | regions_unexplored:muddy_river | regions_unexplored:rocky_reef | regions_unexplored:spires,False,,,biomesoplenty:auroral_garden | biomesoplenty:highland | biomesoplenty:hot_springs | biomesoplenty:ominous_woods | biomesoplenty:pumpkin_patch | biomesoplenty:snowblossom_grove | biomeswevegone:bayou | biomeswevegone:crag_gardens | biomeswevegone:ebony_woods | biomeswevegone:frosted_coniferous_forest | biomeswevegone:maple_taiga | biomeswevegone:prairie | biomeswevegone:redwood_thicket | biomeswevegone:sakura_grove | biomeswevegone:skyris_vale | biomeswevegone:weeping_witch_forest | biomeswevegone:zelkova_forest | natures_spirit:alpine_clearings | natures_spirit:floral_ridges | natures_spirit:windswept_sugi_forest | regions_unexplored:ashen_woodland | regions_unexplored:cold_deciduous_forest | regions_unexplored:fen | regions_unexplored:flower_fields | regions_unexplored:frozen_pine_taiga | regions_unexplored:grassland | regions_unexplored:maple_forest | regions_unexplored:marsh | regions_unexplored:orchard | regions_unexplored:redwoods | regions_unexplored:rocky_meadow
sky_whale_ship:whalearena,sky_whale_ship-neoforge-1.21.1.jar,data/sky_whale_ship/worldgen/structure/whalearena.json,#ambient_odyssey:sky_land,sky,Overworld,surface_structures,"{""max_inclusive"":{""absolute"":220},""min_inclusive"":{""absolute"":180},""type"":""minecraft:uniform""}",none,sky_whale_ship:whalearena,40,31,,biomesoplenty:volcano | biomeswevegone:lush_stacks | biomeswevegone:shattered_glacier | regions_unexplored:grassy_beach | regions_unexplored:hyacinth_deeps | regions_unexplored:icy_heights | regions_unexplored:muddy_river | regions_unexplored:rocky_reef | regions_unexplored:spires,False,,,biomesoplenty:auroral_garden | biomesoplenty:highland | biomesoplenty:hot_springs | biomesoplenty:ominous_woods | biomesoplenty:pumpkin_patch | biomesoplenty:snowblossom_grove | biomeswevegone:bayou | biomeswevegone:crag_gardens | biomeswevegone:ebony_woods | biomeswevegone:frosted_coniferous_forest | biomeswevegone:maple_taiga | biomeswevegone:prairie | biomeswevegone:redwood_thicket | biomeswevegone:sakura_grove | biomeswevegone:skyris_vale | biomeswevegone:weeping_witch_forest | biomeswevegone:zelkova_forest | natures_spirit:alpine_clearings | natures_spirit:floral_ridges | natures_spirit:windswept_sugi_forest | regions_unexplored:ashen_woodland | regions_unexplored:cold_deciduous_forest | regions_unexplored:fen | regions_unexplored:flower_fields | regions_unexplored:frozen_pine_taiga | regions_unexplored:grassland | regions_unexplored:maple_forest | regions_unexplored:marsh | regions_unexplored:orchard | regions_unexplored:redwoods | regions_unexplored:rocky_meadow
sky_whale_ship:whalelight,sky_whale_ship-neoforge-1.21.1.jar,data/sky_whale_ship/worldgen/structure/whalelight.json,#ambient_odyssey:sky_land,sky,Overworld,surface_structures,"{""max_inclusive"":{""absolute"":220},""min_inclusive"":{""absolute"":180},""type"":""minecraft:uniform""}",none,sky_whale_ship:whalelight,40,31,,biomesoplenty:volcano | biomeswevegone:lush_stacks | biomeswevegone:shattered_glacier | regions_unexplored:grassy_beach | regions_unexplored:hyacinth_deeps | regions_unexplored:icy_heights | regions_unexplored:muddy_river | regions_unexplored:rocky_reef | regions_unexplored:spires,False,,,biomesoplenty:auroral_garden | biomesoplenty:highland | biomesoplenty:hot_springs | biomesoplenty:ominous_woods | biomesoplenty:pumpkin_patch | biomesoplenty:snowblossom_grove | biomeswevegone:bayou | biomeswevegone:crag_gardens | biomeswevegone:ebony_woods | biomeswevegone:frosted_coniferous_forest | biomeswevegone:maple_taiga | biomeswevegone:prairie | biomeswevegone:redwood_thicket | biomeswevegone:sakura_grove | biomeswevegone:skyris_vale | biomeswevegone:weeping_witch_forest | biomeswevegone:zelkova_forest | natures_spirit:alpine_clearings | natures_spirit:floral_ridges | natures_spirit:windswept_sugi_forest | regions_unexplored:ashen_woodland | regions_unexplored:cold_deciduous_forest | regions_unexplored:fen | regions_unexplored:flower_fields | regions_unexplored:frozen_pine_taiga | regions_unexplored:grassland | regions_unexplored:maple_forest | regions_unexplored:marsh | regions_unexplored:orchard | regions_unexplored:redwoods | regions_unexplored:rocky_meadow
sky_whale_ship:whaleship,sky_whale_ship-neoforge-1.21.1.jar,data/sky_whale_ship/worldgen/structure/whaleship.json,#ambient_odyssey:sky_land,sky,Overworld,surface_structures,"{""max_inclusive"":{""absolute"":220},""min_inclusive"":{""absolute"":180},""type"":""minecraft:uniform""}",none,sky_whale_ship:whaleship,40,31,,biomesoplenty:volcano | biomeswevegone:lush_stacks | biomeswevegone:shattered_glacier | regions_unexplored:grassy_beach | regions_unexplored:hyacinth_deeps | regions_unexplored:icy_heights | regions_unexplored:muddy_river | regions_unexplored:rocky_reef | regions_unexplored:spires,False,,,biomesoplenty:auroral_garden | biomesoplenty:highland | biomesoplenty:hot_springs | biomesoplenty:ominous_woods | biomesoplenty:pumpkin_patch | biomesoplenty:snowblossom_grove | biomeswevegone:bayou | biomeswevegone:crag_gardens | biomeswevegone:ebony_woods | biomeswevegone:frosted_coniferous_forest | biomeswevegone:maple_taiga | biomeswevegone:prairie | biomeswevegone:redwood_thicket | biomeswevegone:sakura_grove | biomeswevegone:skyris_vale | biomeswevegone:weeping_witch_forest | biomeswevegone:zelkova_forest | natures_spirit:alpine_clearings | natures_spirit:floral_ridges | natures_spirit:windswept_sugi_forest | regions_unexplored:ashen_woodland | regions_unexplored:cold_deciduous_forest | regions_unexplored:fen | regions_unexplored:flower_fields | regions_unexplored:frozen_pine_taiga | regions_unexplored:grassland | regions_unexplored:maple_forest | regions_unexplored:marsh | regions_unexplored:orchard | regions_unexplored:redwoods | regions_unexplored:rocky_meadow
skyarena:ice_arena,SkyArena-1.3.6-1.21.1.jar,data/skyarena/worldgen/structure/ice_arena.json,#skyarena:has_structure/ice_arena,surface/other,Overworld,top_layer_modification,"{""absolute"":60}",,skyarena:ice_arena,10,8,,biomeswevegone:maple_taiga | natures_spirit:alpine_clearings,False,,,biomesoplenty:auroral_garden | biomesoplenty:snowblossom_grove | biomeswevegone:frosted_coniferous_forest | biomeswevegone:shattered_glacier | regions_unexplored:cold_deciduous_forest | regions_unexplored:frozen_pine_taiga | regions_unexplored:icy_heights | regions_unexplored:spires
skyarena:sky_arena,SkyArena-1.3.6-1.21.1.jar,data/skyarena/worldgen/structure/sky_arena.json,#skyarena:has_structure/sky_arena,surface/other,Other/undetermined,top_layer_modification,"{""absolute"":60}",,skyarena:sky_arena,0,0,,,False,,,
skyvillages:skyvillage,SkyVillages-1.0.6-1.21.x-neoforge-release.jar,data/skyvillages/worldgen/structure/skyvillage.json,#skyvillages:has_structure/skyvillage,sky,Overworld,surface_structures,"{""absolute"":150}",False,skyvillages:skyvillage,24,32,biomesoplenty:highland | biomesoplenty:hot_springs | biomeswevegone:maple_taiga | biomeswevegone:prairie | natures_spirit:alpine_clearings | regions_unexplored:fen | regions_unexplored:flower_fields | regions_unexplored:frozen_pine_taiga | regions_unexplored:grassland | regions_unexplored:marsh | regions_unexplored:rocky_meadow,biomeswevegone:lush_stacks | regions_unexplored:hyacinth_deeps | regions_unexplored:rocky_reef,False,,,biomesoplenty:auroral_garden | biomesoplenty:highland | biomesoplenty:hot_springs | biomesoplenty:ominous_woods | biomesoplenty:pumpkin_patch | biomesoplenty:snowblossom_grove | biomeswevegone:bayou | biomeswevegone:crag_gardens | biomeswevegone:ebony_woods | biomeswevegone:frosted_coniferous_forest | biomeswevegone:maple_taiga | biomeswevegone:prairie | biomeswevegone:redwood_thicket | biomeswevegone:sakura_grove | biomeswevegone:skyris_vale | biomeswevegone:weeping_witch_forest | biomeswevegone:zelkova_forest | natures_spirit:alpine_clearings | natures_spirit:floral_ridges | natures_spirit:windswept_sugi_forest | regions_unexplored:ashen_woodland | regions_unexplored:cold_deciduous_forest | regions_unexplored:fen | regions_unexplored:flower_fields | regions_unexplored:frozen_pine_taiga | regions_unexplored:grassland | regions_unexplored:maple_forest | regions_unexplored:marsh | regions_unexplored:muddy_river | regions_unexplored:orchard | regions_unexplored:redwoods | regions_unexplored:rocky_meadow
structory:abandoned_camp,Structory_26.2_v1.3.7.jar,data/structory/worldgen/structure/abandoned_camp.json,#structory:has_structure/chapel,surface/other,Overworld,raw_generation,"{""absolute"":0}",beard_thin,structory:outcast_villager,0,10,biomesoplenty:highland | biomesoplenty:pumpkin_patch | biomeswevegone:prairie | biomeswevegone:sakura_grove | natures_spirit:alpine_clearings | natures_spirit:floral_ridges | regions_unexplored:flower_fields | regions_unexplored:grassland | regions_unexplored:orchard | regions_unexplored:rocky_meadow,,False,terralith:has_structure/fortified_village,terralith:has_structure/fortified_village,biomesoplenty:highland | biomesoplenty:pumpkin_patch | biomeswevegone:prairie | biomeswevegone:sakura_grove | natures_spirit:alpine_clearings | natures_spirit:floral_ridges | regions_unexplored:flower_fields | regions_unexplored:grassland | regions_unexplored:orchard | regions_unexplored:rocky_meadow
structory:abandoned_chapel,Structory_26.2_v1.3.7.jar,data/structory/worldgen/structure/abandoned_chapel.json,#structory:has_structure/chapel,surface/other,Overworld,raw_generation,"{""absolute"":0}",beard_thin,structory:outcast_villager,0,10,biomesoplenty:highland | biomesoplenty:pumpkin_patch | biomeswevegone:prairie | biomeswevegone:sakura_grove | natures_spirit:alpine_clearings | natures_spirit:floral_ridges | regions_unexplored:flower_fields | regions_unexplored:grassland | regions_unexplored:orchard | regions_unexplored:rocky_meadow,,False,terralith:has_structure/fortified_village,terralith:has_structure/fortified_village,biomesoplenty:highland | biomesoplenty:pumpkin_patch | biomeswevegone:prairie | biomeswevegone:sakura_grove | natures_spirit:alpine_clearings | natures_spirit:floral_ridges | regions_unexplored:flower_fields | regions_unexplored:grassland | regions_unexplored:orchard | regions_unexplored:rocky_meadow
structory:boat,Structory_26.2_v1.3.7.jar,data/structory/worldgen/structure/boat.json,#structory:has_structure/boat,surface/other,Overworld,raw_generation,"{""absolute"":0}",False,structory:outcast_villager,3,3,,,False,,,biomeswevegone:lush_stacks | regions_unexplored:hyacinth_deeps | regions_unexplored:rocky_reef
structory:dense_forest_ruin,Structory_26.2_v1.3.7.jar,data/structory/worldgen/structure/dense_forest_ruin.json,#structory:has_structure/old_manor,surface/other,Overworld,surface_structures,"{""absolute"":0}",beard_thin,structory:old_manor,0,3,biomesoplenty:ominous_woods | biomeswevegone:ebony_woods | biomeswevegone:weeping_witch_forest,,False,,,biomesoplenty:ominous_woods | biomeswevegone:ebony_woods | biomeswevegone:weeping_witch_forest
structory:firetower,Structory_26.2_v1.3.7.jar,data/structory/worldgen/structure/firetower.json,#structory:has_structure/firetower,surface/other,Overworld,raw_generation,"{""absolute"":0}",beard_thin,structory:outcast_villager,10,10,,,False,,,biomesoplenty:auroral_garden | biomesoplenty:ominous_woods | biomeswevegone:frosted_coniferous_forest | biomeswevegone:maple_taiga | biomeswevegone:redwood_thicket | natures_spirit:windswept_sugi_forest | regions_unexplored:ashen_woodland | regions_unexplored:cold_deciduous_forest | regions_unexplored:frozen_pine_taiga | regions_unexplored:redwoods
structory:graveyard,Structory_26.2_v1.3.7.jar,data/structory/worldgen/structure/graveyard.json,#structory:has_structure/chapel,surface/other,Overworld,raw_generation,"{""absolute"":0}",beard_thin,structory:outcast_villager,0,10,biomesoplenty:highland | biomesoplenty:pumpkin_patch | biomeswevegone:prairie | biomeswevegone:sakura_grove | natures_spirit:alpine_clearings | natures_spirit:floral_ridges | regions_unexplored:flower_fields | regions_unexplored:grassland | regions_unexplored:orchard | regions_unexplored:rocky_meadow,,False,terralith:has_structure/fortified_village,terralith:has_structure/fortified_village,biomesoplenty:highland | biomesoplenty:pumpkin_patch | biomeswevegone:prairie | biomeswevegone:sakura_grove | natures_spirit:alpine_clearings | natures_spirit:floral_ridges | regions_unexplored:flower_fields | regions_unexplored:grassland | regions_unexplored:orchard | regions_unexplored:rocky_meadow
structory:jungle_ruin,Structory_26.2_v1.3.7.jar,data/structory/worldgen/structure/jungle_ruin.json,#structory:has_structure/jungle_well,surface/other,Overworld,surface_structures,"{""absolute"":0}",beard_thin,structory:ruin,3,3,,,False,,,biomeswevegone:bayou | biomeswevegone:crag_gardens | biomeswevegone:ebony_woods
structory:northern_ruin,Structory_26.2_v1.3.7.jar,data/structory/worldgen/structure/northern_ruin.json,#structory:has_structure/northern_ruin,surface/other,Overworld,raw_generation,"{""absolute"":0}",beard_thin,structory:mid_rare_ruin,10,10,,,False,minecraft:is_plains,,biomesoplenty:highland | biomesoplenty:pumpkin_patch | biomeswevegone:prairie | biomeswevegone:sakura_grove | natures_spirit:alpine_clearings | natures_spirit:floral_ridges | regions_unexplored:flower_fields | regions_unexplored:grassland | regions_unexplored:orchard | regions_unexplored:rocky_meadow
structory:old_manor,Structory_26.2_v1.3.7.jar,data/structory/worldgen/structure/old_manor.json,#structory:has_structure/old_manor,surface/other,Overworld,surface_structures,"{""absolute"":0}",beard_box,structory:old_manor,0,3,biomesoplenty:ominous_woods | biomeswevegone:ebony_woods | biomeswevegone:weeping_witch_forest,,False,,,biomesoplenty:ominous_woods | biomeswevegone:ebony_woods | biomeswevegone:weeping_witch_forest
structory:outcast_villager_desert,Structory_26.2_v1.3.7.jar,data/structory/worldgen/structure/outcast_villager_desert.json,#structory:has_structure/outcast_villager_desert,surface/other,Other/undetermined,raw_generation,"{""absolute"":0}",beard_thin,structory:outcast_villager,0,0,,,False,,,
structory:outcast_villager_grassy,Structory_26.2_v1.3.7.jar,data/structory/worldgen/structure/outcast_villager_grassy.json,#structory:has_structure/outcast_villager_grassy,surface/other,Overworld,raw_generation,"{""absolute"":0}",beard_thin,structory:outcast_villager,10,10,,,False,terralith:has_structure/fortified_village,terralith:has_structure/fortified_village,biomesoplenty:highland | biomesoplenty:pumpkin_patch | biomeswevegone:prairie | biomeswevegone:sakura_grove | natures_spirit:alpine_clearings | natures_spirit:floral_ridges | regions_unexplored:flower_fields | regions_unexplored:grassland | regions_unexplored:orchard | regions_unexplored:rocky_meadow
structory:ruin_grassy,Structory_26.2_v1.3.7.jar,data/structory/worldgen/structure/ruin_grassy.json,#structory:has_structure/outcast_villager_grassy,surface/other,Overworld,raw_generation,"{""absolute"":0}",beard_thin,structory:outcast_villager,10,10,,,False,terralith:has_structure/fortified_village,terralith:has_structure/fortified_village,biomesoplenty:highland | biomesoplenty:pumpkin_patch | biomeswevegone:prairie | biomeswevegone:sakura_grove | natures_spirit:alpine_clearings | natures_spirit:floral_ridges | regions_unexplored:flower_fields | regions_unexplored:grassland | regions_unexplored:orchard | regions_unexplored:rocky_meadow
structory:swamp_ruin,Structory_26.2_v1.3.7.jar,data/structory/worldgen/structure/swamp_ruin.json,mangrove_swamp,underground,Other/undetermined,surface_structures,"{""absolute"":-10}",beard_thin,structory:ruin_quiet,0,0,,,True,,,
structory:taiga_ruin_surface,Structory_26.2_v1.3.7.jar,data/structory/worldgen/structure/taiga_ruin_surface.json,#structory:has_structure/ruin_taiga,surface/other,Overworld,raw_generation,"{""absolute"":0}",beard_thin,structory:mid_rare_ruin,11,11,,,False,,,biomesoplenty:auroral_garden | biomesoplenty:hot_springs | biomesoplenty:ominous_woods | biomeswevegone:frosted_coniferous_forest | biomeswevegone:maple_taiga | biomeswevegone:redwood_thicket | natures_spirit:windswept_sugi_forest | regions_unexplored:ashen_woodland | regions_unexplored:cold_deciduous_forest | regions_unexplored:frozen_pine_taiga | regions_unexplored:redwoods
structory:taiga_ruin_underground,Structory_26.2_v1.3.7.jar,data/structory/worldgen/structure/taiga_ruin_underground.json,#structory:has_structure/ruin_taiga,underground,Overworld,raw_generation,"{""absolute"":-10}",bury,structory:mid_rare_ruin,11,11,,,False,,,biomesoplenty:auroral_garden | biomesoplenty:hot_springs | biomesoplenty:ominous_woods | biomeswevegone:frosted_coniferous_forest | biomeswevegone:maple_taiga | biomeswevegone:redwood_thicket | natures_spirit:windswept_sugi_forest | regions_unexplored:ashen_woodland | regions_unexplored:cold_deciduous_forest | regions_unexplored:frozen_pine_taiga | regions_unexplored:redwoods
supplementaries:galleon,supplementaries-1.21.1-3.9.9-neoforge.jar,data/supplementaries/worldgen/structure/galleon.json,#supplementaries:has_galleons,surface/other,Other/undetermined,surface_structures,{},,supplementaries:galleons,0,0,,,False,supplementaries:has_galleons,supplementaries:has_galleons,
supplementaries:road_sign,supplementaries-1.21.1-3.9.9-neoforge.jar,data/supplementaries/worldgen/structure/road_sign.json,#supplementaries:has_road_signs,surface/other,Other/undetermined,strongholds,{},beard_thin,supplementaries:road_signs,0,0,,,False,supplementaries:has_road_signs,supplementaries:has_road_signs,
totw_modded:aether,totw_modded-neoforge-1.21-1.0.9.jar,data/totw_modded/worldgen/structure/aether.json,#totw_modded:has_structure/aether_tower,surface/other,Aether,surface_structures,"{""absolute"":60}",beard_box,totw_modded:aether,0,0,,,False,,,
totw_modded:badlands,totw_modded-neoforge-1.21-1.0.9.jar,data/totw_modded/worldgen/structure/badlands.json,#totw_modded:has_structure/badlands_tower,surface/other,Other/undetermined,surface_structures,"{""absolute"":0}",beard_thin,totw_modded:overworld,0,0,,,False,c:is_badlands,c:is_badlands,
totw_modded:derelict,totw_modded-neoforge-1.21-1.0.9.jar,data/totw_modded/worldgen/structure/derelict.json,#totw_modded:has_structure/derelict_tower,surface/other,Overworld,surface_structures,"{""absolute"":0}",beard_thin,totw_modded:overworld,10,10,,,False,c:is_hill,,biomesoplenty:highland | biomesoplenty:volcano | biomeswevegone:crag_gardens | biomeswevegone:shattered_glacier | natures_spirit:alpine_clearings | natures_spirit:floral_ridges | natures_spirit:windswept_sugi_forest | regions_unexplored:icy_heights | regions_unexplored:rocky_meadow | regions_unexplored:spires
totw_modded:derelict_grass,totw_modded-neoforge-1.21-1.0.9.jar,data/totw_modded/worldgen/structure/derelict_grass.json,#totw_modded:has_structure/derelict_grass_tower,surface/other,Overworld,surface_structures,"{""absolute"":0}",beard_thin,totw_modded:overworld,20,20,,,False,c:is_hill,,biomesoplenty:auroral_garden | biomesoplenty:highland | biomesoplenty:hot_springs | biomesoplenty:ominous_woods | biomesoplenty:volcano | biomeswevegone:crag_gardens | biomeswevegone:frosted_coniferous_forest | biomeswevegone:maple_taiga | biomeswevegone:redwood_thicket | biomeswevegone:shattered_glacier | natures_spirit:alpine_clearings | natures_spirit:floral_ridges | natures_spirit:windswept_sugi_forest | regions_unexplored:ashen_woodland | regions_unexplored:cold_deciduous_forest | regions_unexplored:frozen_pine_taiga | regions_unexplored:icy_heights | regions_unexplored:redwoods | regions_unexplored:rocky_meadow | regions_unexplored:spires
totw_modded:desert,totw_modded-neoforge-1.21-1.0.9.jar,data/totw_modded/worldgen/structure/desert.json,#totw_modded:has_structure/desert_tower,surface/other,Other/undetermined,surface_structures,"{""absolute"":0}",beard_thin,totw_modded:overworld,0,0,,,False,,,
totw_modded:end,totw_modded-neoforge-1.21-1.0.9.jar,data/totw_modded/worldgen/structure/end.json,#totw_modded:has_structure/end_tower,surface/other,End,surface_structures,"{""absolute"":0}",beard_thin,totw_modded:end,0,0,,,False,c:is_end,c:is_end,
totw_modded:everbright,totw_modded-neoforge-1.21-1.0.9.jar,data/totw_modded/worldgen/structure/everbright.json,#totw_modded:has_structure/everbright_tower,surface/other,Other/undetermined,surface_structures,"{""absolute"":0}",beard_thin,totw_modded:everbright,0,0,,,False,,,
totw_modded:everdawn,totw_modded-neoforge-1.21-1.0.9.jar,data/totw_modded/worldgen/structure/everdawn.json,#totw_modded:has_structure/everdawn_tower,surface/other,Other/undetermined,surface_structures,"{""absolute"":0}",beard_thin,totw_modded:everdawn,0,0,,,False,,,
totw_modded:glacio,totw_modded-neoforge-1.21-1.0.9.jar,data/totw_modded/worldgen/structure/glacio.json,#totw_modded:has_structure/glacio_tower,surface/other,Other/undetermined,surface_structures,"{""absolute"":0}",beard_thin,totw_modded:planets,0,0,,,False,,,
totw_modded:ice,totw_modded-neoforge-1.21-1.0.9.jar,data/totw_modded/worldgen/structure/ice.json,#totw_modded:has_structure/ice_tower,surface/other,Overworld,surface_structures,"{""absolute"":0}",beard_thin,totw_modded:overworld,16,16,,,False,,,biomesoplenty:auroral_garden | biomesoplenty:hot_springs | biomesoplenty:ominous_woods | biomesoplenty:snowblossom_grove | biomeswevegone:frosted_coniferous_forest | biomeswevegone:maple_taiga | biomeswevegone:shattered_glacier | biomeswevegone:skyris_vale | biomeswevegone:weeping_witch_forest | biomeswevegone:zelkova_forest | natures_spirit:alpine_clearings | regions_unexplored:cold_deciduous_forest | regions_unexplored:frozen_pine_taiga | regions_unexplored:hyacinth_deeps | regions_unexplored:icy_heights | regions_unexplored:spires
totw_modded:jungle,totw_modded-neoforge-1.21-1.0.9.jar,data/totw_modded/worldgen/structure/jungle.json,#totw_modded:has_structure/jungle_tower,surface/other,Overworld,surface_structures,"{""absolute"":0}",beard_thin,totw_modded:overworld,3,3,,,False,,,biomeswevegone:bayou | biomeswevegone:crag_gardens | biomeswevegone:ebony_woods
totw_modded:mars,totw_modded-neoforge-1.21-1.0.9.jar,data/totw_modded/worldgen/structure/mars.json,#totw_modded:has_structure/mars_tower,surface/other,Other/undetermined,surface_structures,"{""absolute"":0}",beard_thin,totw_modded:planets,0,0,,,False,,,
totw_modded:mercury,totw_modded-neoforge-1.21-1.0.9.jar,data/totw_modded/worldgen/structure/mercury.json,#totw_modded:has_structure/mercury_tower,surface/other,Other/undetermined,surface_structures,"{""absolute"":0}",beard_thin,totw_modded:planets,0,0,,,False,,,
totw_modded:moon,totw_modded-neoforge-1.21-1.0.9.jar,data/totw_modded/worldgen/structure/moon.json,#totw_modded:has_structure/moon_tower,surface/other,Other/undetermined,surface_structures,"{""absolute"":0}",beard_thin,totw_modded:planets,0,0,,,False,,,
totw_modded:nether,totw_modded-neoforge-1.21-1.0.9.jar,data/totw_modded/worldgen/structure/nether.json,#totw_modded:has_structure/nether_tower,surface/other,Nether,surface_structures,"{""absolute"":33}",beard_thin,totw_modded:nether,0,0,,,False,c:is_nether,c:is_nether,
totw_modded:ocean,totw_modded-neoforge-1.21-1.0.9.jar,data/totw_modded/worldgen/structure/ocean.json,#totw_modded:has_structure/ocean_tower,underground,Other/undetermined,underground_structures,"{""absolute"":0}",beard_thin,totw_modded:overworld,0,0,,,False,,,
totw_modded:ocean_warm,totw_modded-neoforge-1.21-1.0.9.jar,data/totw_modded/worldgen/structure/ocean_warm.json,#totw_modded:has_structure/ocean_warm_tower,underground,Other/undetermined,underground_structures,"{""absolute"":0}",beard_thin,totw_modded:overworld,0,0,,,True,,,
totw_modded:ratlantis,totw_modded-neoforge-1.21-1.0.9.jar,data/totw_modded/worldgen/structure/ratlantis.json,#totw_modded:has_structure/ratlantis_tower,surface/other,Other/undetermined,surface_structures,"{""absolute"":0}",beard_thin,totw_modded:ratlantis,0,0,,,False,,,
totw_modded:regular,totw_modded-neoforge-1.21-1.0.9.jar,data/totw_modded/worldgen/structure/regular.json,#totw_modded:has_structure/regular_tower,surface/other,Overworld,surface_structures,"{""absolute"":0}",beard_thin,totw_modded:overworld,29,29,,,False,c:is_hill,,biomesoplenty:auroral_garden | biomesoplenty:highland | biomesoplenty:hot_springs | biomesoplenty:ominous_woods | biomesoplenty:pumpkin_patch | biomesoplenty:snowblossom_grove | biomesoplenty:volcano | biomeswevegone:crag_gardens | biomeswevegone:ebony_woods | biomeswevegone:frosted_coniferous_forest | biomeswevegone:maple_taiga | biomeswevegone:redwood_thicket | biomeswevegone:sakura_grove | biomeswevegone:shattered_glacier | biomeswevegone:skyris_vale | biomeswevegone:weeping_witch_forest | biomeswevegone:zelkova_forest | natures_spirit:alpine_clearings | natures_spirit:floral_ridges | natures_spirit:windswept_sugi_forest | regions_unexplored:ashen_woodland | regions_unexplored:cold_deciduous_forest | regions_unexplored:frozen_pine_taiga | regions_unexplored:icy_heights | regions_unexplored:maple_forest | regions_unexplored:orchard | regions_unexplored:redwoods | regions_unexplored:rocky_meadow | regions_unexplored:spires
totw_modded:tw_canopy,totw_modded-neoforge-1.21-1.0.9.jar,data/totw_modded/worldgen/structure/tw_canopy.json,#totw_modded:has_structure/tw_canopy_tower,surface/other,Other/undetermined,surface_structures,"{""absolute"":5}",beard_thin,totw_modded:twilightforest,0,0,,,False,,,
totw_modded:tw_mangrove,totw_modded-neoforge-1.21-1.0.9.jar,data/totw_modded/worldgen/structure/tw_mangrove.json,#totw_modded:has_structure/tw_mangrove_tower,surface/other,Other/undetermined,surface_structures,"{""absolute"":0}",beard_thin,totw_modded:twilightforest,0,0,,,False,,,
totw_modded:venus,totw_modded-neoforge-1.21-1.0.9.jar,data/totw_modded/worldgen/structure/venus.json,#totw_modded:has_structure/venus_tower,surface/other,Other/undetermined,surface_structures,"{""absolute"":0}",beard_thin,totw_modded:planets,0,0,,,False,,,
towns_and_towers:exclusives/pillager_outpost_classic,t_and_t-fabric-neoforge-1.13.11.jar,data/towns_and_towers/worldgen/structure/exclusives/pillager_outpost_classic.json,#towns_and_towers:has_structure/exclusives/pillager_outpost_classic,surface/other,Other/undetermined,fluid_springs,"{""absolute"":0}",beard_thin,towns_and_towers:towers,0,0,,,False,,,
towns_and_towers:exclusives/pillager_outpost_iberian,t_and_t-fabric-neoforge-1.13.11.jar,data/towns_and_towers/worldgen/structure/exclusives/pillager_outpost_iberian.json,#towns_and_towers:has_structure/exclusives/pillager_outpost_iberian,surface/other,Other/undetermined,fluid_springs,"{""absolute"":0}",beard_thin,towns_and_towers:towers,0,0,,,False,,,
towns_and_towers:exclusives/pillager_outpost_mediterranean,t_and_t-fabric-neoforge-1.13.11.jar,data/towns_and_towers/worldgen/structure/exclusives/pillager_outpost_mediterranean.json,#towns_and_towers:has_structure/exclusives/pillager_outpost_mediterranean,surface/other,Other/undetermined,fluid_springs,"{""absolute"":0}",beard_thin,towns_and_towers:towers,0,0,,,False,,,
towns_and_towers:exclusives/pillager_outpost_nilotic,t_and_t-fabric-neoforge-1.13.11.jar,data/towns_and_towers/worldgen/structure/exclusives/pillager_outpost_nilotic.json,#towns_and_towers:has_structure/exclusives/pillager_outpost_nilotic,underground,Other/undetermined,fluid_springs,"{""absolute"":-6}",,towns_and_towers:towers,0,0,,,False,,,
towns_and_towers:exclusives/pillager_outpost_oriental,t_and_t-fabric-neoforge-1.13.11.jar,data/towns_and_towers/worldgen/structure/exclusives/pillager_outpost_oriental.json,#towns_and_towers:has_structure/exclusives/pillager_outpost_oriental,surface/other,Other/undetermined,fluid_springs,"{""absolute"":0}",beard_thin,towns_and_towers:towers,0,0,,,False,,,
towns_and_towers:exclusives/pillager_outpost_rustic,t_and_t-fabric-neoforge-1.13.11.jar,data/towns_and_towers/worldgen/structure/exclusives/pillager_outpost_rustic.json,#towns_and_towers:has_structure/exclusives/pillager_outpost_rustic,surface/other,Other/undetermined,fluid_springs,"{""absolute"":0}",beard_thin,towns_and_towers:towers,0,0,,,False,,,
towns_and_towers:exclusives/pillager_outpost_swedish,t_and_t-fabric-neoforge-1.13.11.jar,data/towns_and_towers/worldgen/structure/exclusives/pillager_outpost_swedish.json,#towns_and_towers:has_structure/exclusives/pillager_outpost_swedish,surface/other,Overworld,fluid_springs,"{""absolute"":0}",beard_thin,towns_and_towers:towers,3,3,,,False,,,biomeswevegone:maple_taiga | biomeswevegone:zelkova_forest | regions_unexplored:maple_forest
towns_and_towers:exclusives/pillager_outpost_tudor,t_and_t-fabric-neoforge-1.13.11.jar,data/towns_and_towers/worldgen/structure/exclusives/pillager_outpost_tudor.json,#towns_and_towers:has_structure/exclusives/pillager_outpost_tudor,surface/other,Overworld,fluid_springs,"{""absolute"":0}",beard_thin,towns_and_towers:towers,1,1,,,False,,,biomesoplenty:highland
towns_and_towers:exclusives/village_classic,t_and_t-fabric-neoforge-1.13.11.jar,data/towns_and_towers/worldgen/structure/exclusives/village_classic.json,#towns_and_towers:has_structure/exclusives/village_classic,surface/other,Other/undetermined,fluid_springs,"{""absolute"":0}",beard_thin,towns_and_towers:towns,0,0,,,False,,,
towns_and_towers:exclusives/village_iberian,t_and_t-fabric-neoforge-1.13.11.jar,data/towns_and_towers/worldgen/structure/exclusives/village_iberian.json,#towns_and_towers:has_structure/exclusives/village_iberian,surface/other,Other/undetermined,fluid_springs,"{""absolute"":0}",beard_thin,towns_and_towers:towns,0,0,,,False,,,
towns_and_towers:exclusives/village_mediterranean,t_and_t-fabric-neoforge-1.13.11.jar,data/towns_and_towers/worldgen/structure/exclusives/village_mediterranean.json,#towns_and_towers:has_structure/exclusives/village_mediterranean,surface/other,Other/undetermined,fluid_springs,"{""absolute"":0}",beard_thin,towns_and_towers:towns,0,0,,,False,,,
towns_and_towers:exclusives/village_nilotic,t_and_t-fabric-neoforge-1.13.11.jar,data/towns_and_towers/worldgen/structure/exclusives/village_nilotic.json,#towns_and_towers:has_structure/exclusives/village_nilotic,underground,Other/undetermined,fluid_springs,"{""absolute"":-1}",beard_thin,towns_and_towers:towns,0,0,,,False,,,
towns_and_towers:exclusives/village_piglin,t_and_t-fabric-neoforge-1.13.11.jar,data/towns_and_towers/worldgen/structure/exclusives/village_piglin.json,#towns_and_towers:has_structure/exclusives/village_piglin,surface/other,Other/undetermined,fluid_springs,"{""absolute"":0}",beard_thin,towns_and_towers:towns,0,0,,,False,,,
towns_and_towers:exclusives/village_rustic,t_and_t-fabric-neoforge-1.13.11.jar,data/towns_and_towers/worldgen/structure/exclusives/village_rustic.json,#towns_and_towers:has_structure/exclusives/village_rustic,surface/other,Other/undetermined,fluid_springs,"{""absolute"":0}",beard_thin,towns_and_towers:towns,0,0,,,False,,,
towns_and_towers:exclusives/village_swedish,t_and_t-fabric-neoforge-1.13.11.jar,data/towns_and_towers/worldgen/structure/exclusives/village_swedish.json,#towns_and_towers:has_structure/exclusives/village_swedish,surface/other,Overworld,fluid_springs,"{""absolute"":0}",beard_thin,towns_and_towers:towns,3,3,,,False,,,biomeswevegone:maple_taiga | biomeswevegone:zelkova_forest | regions_unexplored:maple_forest
towns_and_towers:exclusives/village_tudor,t_and_t-fabric-neoforge-1.13.11.jar,data/towns_and_towers/worldgen/structure/exclusives/village_tudor.json,#towns_and_towers:has_structure/exclusives/village_tudor,surface/other,Overworld,fluid_springs,"{""absolute"":0}",beard_thin,towns_and_towers:towns,1,1,,,False,,,biomesoplenty:highland
towns_and_towers:exclusives/village_wandering_trader_camp,t_and_t-fabric-neoforge-1.13.11.jar,data/towns_and_towers/worldgen/structure/exclusives/village_wandering_trader_camp.json,#towns_and_towers:has_structure/exclusives/village_oriental,surface/other,Other/undetermined,fluid_springs,"{""absolute"":0}",beard_thin,towns_and_towers:towns,0,0,,,False,,,
towns_and_towers:mimic_desert,t_and_t-fabric-neoforge-1.13.11.jar,data/towns_and_towers/worldgen/structure/mimic_desert.json,#minecraft:has_structure/desert_pyramid,surface/other,Other/undetermined,fluid_springs,"{""absolute"":35}",none,towns_and_towers:other,0,0,,,False,,,
towns_and_towers:pillager_outpost_badlands,t_and_t-fabric-neoforge-1.13.11.jar,data/towns_and_towers/worldgen/structure/pillager_outpost_badlands.json,#towns_and_towers:has_structure/pillager_outpost_badlands,surface/other,Other/undetermined,fluid_springs,"{""absolute"":0}",beard_thin,towns_and_towers:towers,0,0,,,False,,,
towns_and_towers:pillager_outpost_beach,t_and_t-fabric-neoforge-1.13.11.jar,data/towns_and_towers/worldgen/structure/pillager_outpost_beach.json,#towns_and_towers:has_structure/pillager_outpost_beach,surface/other,Overworld,fluid_springs,"{""absolute"":0}",beard_thin,towns_and_towers:towers,1,1,,,False,,,regions_unexplored:grassy_beach
towns_and_towers:pillager_outpost_birch_forest,t_and_t-fabric-neoforge-1.13.11.jar,data/towns_and_towers/worldgen/structure/pillager_outpost_birch_forest.json,#towns_and_towers:has_structure/pillager_outpost_birch_forest,surface/other,Other/undetermined,fluid_springs,"{""absolute"":0}",beard_thin,towns_and_towers:towers,0,0,,,False,,,
towns_and_towers:pillager_outpost_desert,t_and_t-fabric-neoforge-1.13.11.jar,data/towns_and_towers/worldgen/structure/pillager_outpost_desert.json,#towns_and_towers:has_structure/pillager_outpost_desert,surface/other,Other/undetermined,fluid_springs,"{""absolute"":0}",beard_thin,towns_and_towers:towers,0,0,,,False,,,
towns_and_towers:pillager_outpost_flower_forest,t_and_t-fabric-neoforge-1.13.11.jar,data/towns_and_towers/worldgen/structure/pillager_outpost_flower_forest.json,#towns_and_towers:has_structure/pillager_outpost_flower_forest,surface/other,Other/undetermined,fluid_springs,"{""absolute"":0}",beard_thin,towns_and_towers:towers,0,0,,,False,,,
towns_and_towers:pillager_outpost_forest,t_and_t-fabric-neoforge-1.13.11.jar,data/towns_and_towers/worldgen/structure/pillager_outpost_forest.json,#towns_and_towers:has_structure/pillager_outpost_forest,surface/other,Overworld,fluid_springs,"{""absolute"":0}",beard_thin,towns_and_towers:towers,1,1,,,False,,,biomeswevegone:ebony_woods
towns_and_towers:pillager_outpost_grove,t_and_t-fabric-neoforge-1.13.11.jar,data/towns_and_towers/worldgen/structure/pillager_outpost_grove.json,#towns_and_towers:has_structure/pillager_outpost_grove,surface/other,Other/undetermined,fluid_springs,"{""absolute"":0}",beard_thin,towns_and_towers:towers,0,0,,,False,,,
towns_and_towers:pillager_outpost_jungle,t_and_t-fabric-neoforge-1.13.11.jar,data/towns_and_towers/worldgen/structure/pillager_outpost_jungle.json,#towns_and_towers:has_structure/pillager_outpost_jungle,surface/other,Other/undetermined,fluid_springs,"{""absolute"":0}",beard_thin,towns_and_towers:towers,0,0,,,False,,,
towns_and_towers:pillager_outpost_meadow,t_and_t-fabric-neoforge-1.13.11.jar,data/towns_and_towers/worldgen/structure/pillager_outpost_meadow.json,#towns_and_towers:has_structure/pillager_outpost_meadow,surface/other,Other/undetermined,fluid_springs,"{""absolute"":0}",beard_thin,towns_and_towers:towers,0,0,,,False,,,
towns_and_towers:pillager_outpost_mushroom_fields,t_and_t-fabric-neoforge-1.13.11.jar,data/towns_and_towers/worldgen/structure/pillager_outpost_mushroom_fields.json,#towns_and_towers:has_structure/pillager_outpost_mushroom_fields,surface/other,Other/undetermined,fluid_springs,"{""absolute"":0}",beard_thin,towns_and_towers:towers,0,0,,,False,,,
towns_and_towers:pillager_outpost_ocean,t_and_t-fabric-neoforge-1.13.11.jar,data/towns_and_towers/worldgen/structure/pillager_outpost_ocean.json,#towns_and_towers:has_structure/pillager_outpost_deep_oceans,underground,Other/undetermined,underground_decoration,"{""absolute"":58}",,towns_and_towers:towers,0,0,,,True,,,
towns_and_towers:pillager_outpost_old_growth_taiga,t_and_t-fabric-neoforge-1.13.11.jar,data/towns_and_towers/worldgen/structure/pillager_outpost_old_growth_taiga.json,#towns_and_towers:has_structure/pillager_outpost_old_growth_taiga,surface/other,Overworld,fluid_springs,"{""absolute"":0}",beard_thin,towns_and_towers:towers,1,1,,,False,,,regions_unexplored:redwoods
towns_and_towers:pillager_outpost_savanna,t_and_t-fabric-neoforge-1.13.11.jar,data/towns_and_towers/worldgen/structure/pillager_outpost_savanna.json,#towns_and_towers:has_structure/pillager_outpost_savanna,surface/other,Other/undetermined,fluid_springs,"{""absolute"":0}",beard_thin,towns_and_towers:towers,0,0,,,False,,,
towns_and_towers:pillager_outpost_savanna_plateau,t_and_t-fabric-neoforge-1.13.11.jar,data/towns_and_towers/worldgen/structure/pillager_outpost_savanna_plateau.json,#towns_and_towers:has_structure/pillager_outpost_savanna_plateau,surface/other,Other/undetermined,fluid_springs,"{""absolute"":0}",beard_thin,towns_and_towers:towers,0,0,,,False,,,
towns_and_towers:pillager_outpost_snowy_beach,t_and_t-fabric-neoforge-1.13.11.jar,data/towns_and_towers/worldgen/structure/pillager_outpost_snowy_beach.json,#towns_and_towers:has_structure/pillager_outpost_snowy_beach,surface/other,Overworld,fluid_springs,"{""absolute"":0}",beard_thin,towns_and_towers:towers,1,1,,,False,,,biomeswevegone:shattered_glacier
towns_and_towers:pillager_outpost_snowy_plains,t_and_t-fabric-neoforge-1.13.11.jar,data/towns_and_towers/worldgen/structure/pillager_outpost_snowy_plains.json,#towns_and_towers:has_structure/pillager_outpost_snowy_plains,surface/other,Overworld,fluid_springs,"{""absolute"":0}",beard_thin,towns_and_towers:towers,1,1,,,False,,,biomeswevegone:frosted_coniferous_forest
towns_and_towers:pillager_outpost_snowy_slopes,t_and_t-fabric-neoforge-1.13.11.jar,data/towns_and_towers/worldgen/structure/pillager_outpost_snowy_slopes.json,#towns_and_towers:has_structure/pillager_outpost_snowy_slopes,surface/other,Overworld,fluid_springs,"{""absolute"":0}",beard_thin,towns_and_towers:towers,2,2,,,False,,,biomeswevegone:zelkova_forest | regions_unexplored:icy_heights
towns_and_towers:pillager_outpost_snowy_taiga,t_and_t-fabric-neoforge-1.13.11.jar,data/towns_and_towers/worldgen/structure/pillager_outpost_snowy_taiga.json,#towns_and_towers:has_structure/pillager_outpost_snowy_taiga,surface/other,Overworld,fluid_springs,"{""absolute"":0}",beard_thin,towns_and_towers:towers,1,1,,,False,,,regions_unexplored:cold_deciduous_forest
towns_and_towers:pillager_outpost_sparse_jungle,t_and_t-fabric-neoforge-1.13.11.jar,data/towns_and_towers/worldgen/structure/pillager_outpost_sparse_jungle.json,#towns_and_towers:has_structure/pillager_outpost_sparse_jungle,surface/other,Other/undetermined,fluid_springs,"{""absolute"":0}",beard_thin,towns_and_towers:towers,0,0,,,False,,,
towns_and_towers:pillager_outpost_sunflower_plains,t_and_t-fabric-neoforge-1.13.11.jar,data/towns_and_towers/worldgen/structure/pillager_outpost_sunflower_plains.json,#towns_and_towers:has_structure/pillager_outpost_sunflower_plains,surface/other,Overworld,fluid_springs,"{""absolute"":0}",beard_thin,towns_and_towers:towers,2,2,,,False,,,biomesoplenty:pumpkin_patch | biomeswevegone:prairie
towns_and_towers:pillager_outpost_swamp,t_and_t-fabric-neoforge-1.13.11.jar,data/towns_and_towers/worldgen/structure/pillager_outpost_swamp.json,#towns_and_towers:has_structure/pillager_outpost_swamp,surface/other,Overworld,fluid_springs,"{""absolute"":0}",beard_thin,towns_and_towers:towers,1,1,,,False,,,regions_unexplored:fen
towns_and_towers:pillager_outpost_taiga,t_and_t-fabric-neoforge-1.13.11.jar,data/towns_and_towers/worldgen/structure/pillager_outpost_taiga.json,#towns_and_towers:has_structure/pillager_outpost_taiga,surface/other,Other/undetermined,fluid_springs,"{""absolute"":0}",beard_thin,towns_and_towers:towers,0,0,,,False,,,
towns_and_towers:pillager_outpost_wooded_badlands,t_and_t-fabric-neoforge-1.13.11.jar,data/towns_and_towers/worldgen/structure/pillager_outpost_wooded_badlands.json,#towns_and_towers:has_structure/pillager_outpost_wooded_badlands,surface/other,Other/undetermined,fluid_springs,"{""absolute"":0}",beard_thin,towns_and_towers:towers,0,0,,,False,,,
towns_and_towers:village_badlands,t_and_t-fabric-neoforge-1.13.11.jar,data/towns_and_towers/worldgen/structure/village_badlands.json,#towns_and_towers:has_structure/village_badlands_pueblo,surface/other,Other/undetermined,fluid_springs,"{""absolute"":0}",beard_thin,towns_and_towers:towns,0,0,,,False,,,
towns_and_towers:village_beach,t_and_t-fabric-neoforge-1.13.11.jar,data/towns_and_towers/worldgen/structure/village_beach.json,#towns_and_towers:has_structure/village_beach_lighthouse,surface/other,Overworld,fluid_springs,"{""absolute"":0}",beard_thin,towns_and_towers:towns,1,1,,,False,,,regions_unexplored:grassy_beach
towns_and_towers:village_birch_forest,t_and_t-fabric-neoforge-1.13.11.jar,data/towns_and_towers/worldgen/structure/village_birch_forest.json,#towns_and_towers:has_structure/village_birch_forest_romanian,surface/other,Other/undetermined,fluid_springs,"{""absolute"":0}",beard_thin,towns_and_towers:towns,0,0,,,False,,,
towns_and_towers:village_flower_forest,t_and_t-fabric-neoforge-1.13.11.jar,data/towns_and_towers/worldgen/structure/village_flower_forest.json,#towns_and_towers:has_structure/village_flower_forest_japanese,surface/other,Other/undetermined,fluid_springs,"{""absolute"":0}",beard_thin,towns_and_towers:towns,0,0,,,False,,,
towns_and_towers:village_forest,t_and_t-fabric-neoforge-1.13.11.jar,data/towns_and_towers/worldgen/structure/village_forest.json,#towns_and_towers:has_structure/village_forest_ruins,surface/other,Overworld,fluid_springs,"{""absolute"":0}",beard_thin,towns_and_towers:towns,1,1,,,False,,,biomeswevegone:ebony_woods
towns_and_towers:village_grove,t_and_t-fabric-neoforge-1.13.11.jar,data/towns_and_towers/worldgen/structure/village_grove.json,#towns_and_towers:has_structure/village_grove_villager_outpost,surface/other,Other/undetermined,fluid_springs,"{""absolute"":0}",beard_thin,towns_and_towers:towns,0,0,,,False,,,
towns_and_towers:village_jungle,t_and_t-fabric-neoforge-1.13.11.jar,data/towns_and_towers/worldgen/structure/village_jungle.json,#towns_and_towers:has_structure/village_jungle_tribal,surface/other,Other/undetermined,fluid_springs,"{""absolute"":0}",beard_thin,towns_and_towers:towns,0,0,,,False,,,
towns_and_towers:village_meadow,t_and_t-fabric-neoforge-1.13.11.jar,data/towns_and_towers/worldgen/structure/village_meadow.json,#towns_and_towers:has_structure/village_meadow_swiss,surface/other,Other/undetermined,fluid_springs,"{""absolute"":0}",beard_thin,towns_and_towers:towns,0,0,,,False,,,
towns_and_towers:village_mushroom_fields,t_and_t-fabric-neoforge-1.13.11.jar,data/towns_and_towers/worldgen/structure/village_mushroom_fields.json,#towns_and_towers:has_structure/village_mushroom_fields_fantasy,surface/other,Other/undetermined,fluid_springs,"{""absolute"":0}",beard_thin,towns_and_towers:towns,0,0,,,True,,,
towns_and_towers:village_ocean,t_and_t-fabric-neoforge-1.13.11.jar,data/towns_and_towers/worldgen/structure/village_ocean.json,#towns_and_towers:has_structure/village_deep_oceans_ships,underground,Other/undetermined,underground_decoration,"{""absolute"":59}",,towns_and_towers:towns,0,0,,,True,,,
towns_and_towers:village_old_growth_taiga,t_and_t-fabric-neoforge-1.13.11.jar,data/towns_and_towers/worldgen/structure/village_old_growth_taiga.json,#towns_and_towers:has_structure/village_old_growth_taiga_polish,surface/other,Overworld,fluid_springs,"{""absolute"":0}",beard_thin,towns_and_towers:towns,1,1,,,False,,,regions_unexplored:redwoods
towns_and_towers:village_savanna_plateau,t_and_t-fabric-neoforge-1.13.11.jar,data/towns_and_towers/worldgen/structure/village_savanna_plateau.json,#towns_and_towers:has_structure/village_savanna_plateau_ramshackled,surface/other,Other/undetermined,fluid_springs,"{""absolute"":0}",beard_thin,towns_and_towers:towns,0,0,,,False,,,
towns_and_towers:village_snowy_slopes,t_and_t-fabric-neoforge-1.13.11.jar,data/towns_and_towers/worldgen/structure/village_snowy_slopes.json,#towns_and_towers:has_structure/village_snowy_slopes_inn,surface/other,Overworld,fluid_springs,"{""absolute"":0}",beard_thin,towns_and_towers:towns,1,1,,,False,,,regions_unexplored:icy_heights
towns_and_towers:village_snowy_taiga,t_and_t-fabric-neoforge-1.13.11.jar,data/towns_and_towers/worldgen/structure/village_snowy_taiga.json,#towns_and_towers:has_structure/village_snowy_taiga_viking,surface/other,Overworld,fluid_springs,"{""absolute"":0}",beard_thin,towns_and_towers:towns,1,1,,,False,,,regions_unexplored:cold_deciduous_forest
towns_and_towers:village_sparse_jungle,t_and_t-fabric-neoforge-1.13.11.jar,data/towns_and_towers/worldgen/structure/village_sparse_jungle.json,#towns_and_towers:has_structure/village_sparse_jungle_polynesian,surface/other,Other/undetermined,fluid_springs,"{""absolute"":0}",beard_thin,towns_and_towers:towns,0,0,,,False,,,
towns_and_towers:village_sunflower_plains,t_and_t-fabric-neoforge-1.13.11.jar,data/towns_and_towers/worldgen/structure/village_sunflower_plains.json,#towns_and_towers:has_structure/village_sunflower_plains_farm,surface/other,Overworld,fluid_springs,"{""absolute"":0}",beard_thin,towns_and_towers:towns,2,2,,,False,,,biomesoplenty:pumpkin_patch | biomeswevegone:prairie
towns_and_towers:village_swamp,t_and_t-fabric-neoforge-1.13.11.jar,data/towns_and_towers/worldgen/structure/village_swamp.json,#towns_and_towers:has_structure/village_swamp_boat,surface/other,Overworld,fluid_springs,"{""absolute"":0}",beard_thin,towns_and_towers:towns,1,1,,,False,,,regions_unexplored:fen
towns_and_towers:village_wooded_badlands,t_and_t-fabric-neoforge-1.13.11.jar,data/towns_and_towers/worldgen/structure/village_wooded_badlands.json,#towns_and_towers:has_structure/village_wooded_badlands_tipi,surface/other,Other/undetermined,fluid_springs,"{""absolute"":0}",beard_thin,towns_and_towers:towns,0,0,,,False,,,
towns_and_towers:wreckage_ocean,t_and_t-fabric-neoforge-1.13.11.jar,data/towns_and_towers/worldgen/structure/wreckage_ocean.json,#towns_and_towers:has_structure/shallow_oceans_wreckage,underground,Other/undetermined,underground_decoration,"{""absolute"":62}",,towns_and_towers:other,0,0,,,False,,,
underwater_village:cold_big_gate,underwater_village-1.0.2-neoforge-1.21.1.jar,data/underwater_village/worldgen/structure/cold_big_gate.json,"[""cold_ocean"", ""deep_cold_ocean"", ""deep_ocean"", ""ocean""]",ocean/river,Other/undetermined,surface_structures,"{""absolute"":0}",beard_box,underwater_village:cold_big_gate,0,0,,,True,,,
underwater_village:cold_broken_house,underwater_village-1.0.2-neoforge-1.21.1.jar,data/underwater_village/worldgen/structure/cold_broken_house.json,"[""cold_ocean"", ""deep_cold_ocean"", ""deep_ocean"", ""ocean""]",ocean/river,Other/undetermined,surface_structures,"{""absolute"":0}",beard_box,underwater_village:cold_broken_house,0,0,,,True,,,
underwater_village:cold_fountain,underwater_village-1.0.2-neoforge-1.21.1.jar,data/underwater_village/worldgen/structure/cold_fountain.json,"[""cold_ocean"", ""deep_cold_ocean"", ""deep_ocean"", ""ocean""]",ocean/river,Other/undetermined,surface_structures,"{""absolute"":0}",beard_box,underwater_village:cold_fountain,0,0,,,True,,,
underwater_village:cold_gate,underwater_village-1.0.2-neoforge-1.21.1.jar,data/underwater_village/worldgen/structure/cold_gate.json,"[""cold_ocean"", ""deep_cold_ocean"", ""deep_ocean"", ""ocean""]",ocean/river,Other/undetermined,surface_structures,"{""absolute"":0}",beard_box,underwater_village:cold_gate,0,0,,,True,,,
underwater_village:dungeon,underwater_village-1.0.2-neoforge-1.21.1.jar,data/underwater_village/worldgen/structure/dungeon.json,deep_lukewarm_ocean,ocean/river,Other/undetermined,surface_structures,"{""absolute"":0}",beard_thin,underwater_village:dungeon,0,0,,,True,,,
underwater_village:library,underwater_village-1.0.2-neoforge-1.21.1.jar,data/underwater_village/worldgen/structure/library.json,"[""cold_ocean"", ""deep_cold_ocean"", ""deep_ocean"", ""ocean""]",ocean/river,Other/undetermined,surface_structures,"{""absolute"":0}",beard_box,underwater_village:library,0,0,,,True,,,
underwater_village:ruins,underwater_village-1.0.2-neoforge-1.21.1.jar,data/underwater_village/worldgen/structure/ruins.json,"[""deep_lukewarm_ocean"", ""lukewarm_ocean"", ""warm_ocean"", ""ocean"", ""cold_ocean"", ""deep_cold_ocean"", ""deep_frozen_ocean"", ""deep_ocean"", ""frozen_ocean""]",ocean/river,Other/undetermined,surface_structures,"{""absolute"":0}",beard_box,underwater_village:ruins,0,0,,,True,,,
underwater_village:shrine,underwater_village-1.0.2-neoforge-1.21.1.jar,data/underwater_village/worldgen/structure/shrine.json,"[""cold_ocean"", ""deep_cold_ocean"", ""deep_ocean"", ""ocean""]",ocean/river,Other/undetermined,surface_structures,"{""absolute"":0}",beard_box,underwater_village:shrine,0,0,,,True,,,
underwater_village:small_gate,underwater_village-1.0.2-neoforge-1.21.1.jar,data/underwater_village/worldgen/structure/small_gate.json,"[""cold_ocean"", ""deep_cold_ocean"", ""deep_frozen_ocean"", ""deep_lukewarm_ocean"", ""deep_ocean"", ""frozen_ocean"", ""lukewarm_ocean"", ""ocean"", ""warm_ocean""]",ocean/river,Other/undetermined,surface_structures,"{""absolute"":0}",beard_box,underwater_village:small_gate,0,0,,,True,,,
underwater_village:temple,underwater_village-1.0.2-neoforge-1.21.1.jar,data/underwater_village/worldgen/structure/temple.json,"[""cold_ocean"", ""deep_cold_ocean"", ""deep_frozen_ocean"", ""deep_lukewarm_ocean"", ""deep_ocean"", ""frozen_ocean"", ""lukewarm_ocean"", ""ocean"", ""warm_ocean""]",ocean/river,Other/undetermined,surface_structures,"{""absolute"":0}",beard_box,underwater_village:temple,0,0,,,True,,,
underwater_village:temple_broken,underwater_village-1.0.2-neoforge-1.21.1.jar,data/underwater_village/worldgen/structure/temple_broken.json,"[""cold_ocean"", ""deep_cold_ocean"", ""deep_frozen_ocean"", ""deep_lukewarm_ocean"", ""deep_ocean"", ""frozen_ocean"", ""lukewarm_ocean"", ""ocean"", ""warm_ocean""]",ocean/river,Other/undetermined,surface_structures,"{""absolute"":0}",beard_box,underwater_village:temple_broken,0,0,,,True,,,
underwater_village:temple_ruins,underwater_village-1.0.2-neoforge-1.21.1.jar,data/underwater_village/worldgen/structure/temple_ruins.json,"[""cold_ocean"", ""deep_cold_ocean"", ""deep_frozen_ocean"", ""deep_lukewarm_ocean"", ""deep_ocean"", ""frozen_ocean"", ""lukewarm_ocean"", ""ocean"", ""warm_ocean""]",ocean/river,Other/undetermined,surface_structures,"{""absolute"":0}",beard_box,underwater_village:temple_ruins,0,0,,,True,,,
underwater_village:tower,underwater_village-1.0.2-neoforge-1.21.1.jar,data/underwater_village/worldgen/structure/tower.json,"[""cold_ocean"", ""deep_cold_ocean"", ""deep_frozen_ocean"", ""deep_lukewarm_ocean"", ""deep_ocean"", ""frozen_ocean"", ""lukewarm_ocean"", ""ocean"", ""warm_ocean""]",ocean/river,Other/undetermined,surface_structures,"{""absolute"":0}",beard_box,underwater_village:tower,0,0,,,True,,,
underwater_village:warm_big_gate,underwater_village-1.0.2-neoforge-1.21.1.jar,data/underwater_village/worldgen/structure/warm_big_gate.json,"[""deep_lukewarm_ocean"", ""lukewarm_ocean"", ""warm_ocean""]",ocean/river,Other/undetermined,surface_structures,"{""absolute"":0}",beard_box,underwater_village:warm_big_gate,0,0,,,True,,,
underwater_village:warm_broken_house,underwater_village-1.0.2-neoforge-1.21.1.jar,data/underwater_village/worldgen/structure/warm_broken_house.json,"[""deep_lukewarm_ocean"", ""lukewarm_ocean"", ""warm_ocean""]",ocean/river,Other/undetermined,surface_structures,"{""absolute"":0}",beard_box,underwater_village:warm_broken_house,0,0,,,True,,,
underwater_village:warm_fountain,underwater_village-1.0.2-neoforge-1.21.1.jar,data/underwater_village/worldgen/structure/warm_fountain.json,"[""deep_lukewarm_ocean"", ""lukewarm_ocean"", ""warm_ocean""]",ocean/river,Other/undetermined,surface_structures,"{""absolute"":0}",beard_box,underwater_village:warm_fountain,0,0,,,True,,,
underwater_village:warm_gate,underwater_village-1.0.2-neoforge-1.21.1.jar,data/underwater_village/worldgen/structure/warm_gate.json,"[""deep_lukewarm_ocean"", ""lukewarm_ocean"", ""warm_ocean""]",ocean/river,Other/undetermined,surface_structures,"{""absolute"":0}",beard_box,underwater_village:warm_gate,0,0,,,True,,,
