structure_set_id,placement_type,spacing,separation,salt,frequency,moog_per_set_multiplier,placement_json,members,curated_ow_membership_count,unresolved_selector_tags,cristel_config_present,library_execution_verified
adventuredungeons:bygonedungeon,minecraft:random_spread,40,12,63463741,1,,"{""salt"":63463741,""separation"":12,""spacing"":40,""spread_type"":""triangular"",""type"":""minecraft:random_spread""}",adventuredungeons:bygonedungeon (weight 1),19,,True,False
adventuredungeons:coldlair,minecraft:random_spread,40,12,12044320,1,,"{""salt"":12044320,""separation"":12,""spacing"":40,""spread_type"":""linear"",""type"":""minecraft:random_spread""}",adventuredungeons:coldlair (weight 1),8,,True,False
adventuredungeons:murkydungeon,minecraft:random_spread,40,12,98745623,1,,"{""salt"":98745623,""separation"":12,""spacing"":40,""spread_type"":""triangular"",""type"":""minecraft:random_spread""}",adventuredungeons:murkydungeon (weight 1),4,,True,False
adventuredungeons:ruins_desert,minecraft:random_spread,20,7,63464124,1,,"{""salt"":63464124,""separation"":7,""spacing"":20,""spread_type"":""linear"",""type"":""minecraft:random_spread""}",adventuredungeons:ruins_desert (weight 1),0,,True,False
adventuredungeons:ruins_snow,minecraft:random_spread,20,7,63463745,1,,"{""salt"":63463745,""separation"":7,""spacing"":20,""spread_type"":""linear"",""type"":""minecraft:random_spread""}",adventuredungeons:ruins_snow (weight 1),6,,True,False
adventuredungeons:ruins_standard,minecraft:random_spread,20,7,63464444,1,,"{""salt"":63464444,""separation"":7,""spacing"":20,""spread_type"":""linear"",""type"":""minecraft:random_spread""}",adventuredungeons:ruins_standard (weight 1),18,,True,False
adventuredungeons:trialrooms,minecraft:random_spread,35,12,20010020,1,,"{""salt"":20010020,""separation"":12,""spacing"":35,""spread_type"":""triangular"",""type"":""minecraft:random_spread""}",adventuredungeons:trialrooms (weight 1),13,,True,False
adventuredungeons:underground_camp,minecraft:random_spread,35,12,75474567,1,,"{""salt"":75474567,""separation"":12,""spacing"":35,""spread_type"":""linear"",""type"":""minecraft:random_spread""}",adventuredungeons:underground_camp (weight 1),0,,True,False
aether:bronze_dungeon,minecraft:random_spread,6,5,32146754,1,,"{""exclusion_zone"":{""chunk_count"":4,""other_set"":""aether:silver_and_gold_dungeons""},""salt"":32146754,""separation"":5,""spacing"":6,""spread_type"":""triangular"",""type"":""minecraft:random_spread""}",aether:bronze_dungeon (weight 1),0,,True,False
aether:large_aercloud,minecraft:random_spread,6,3,15536586,1,,"{""salt"":15536586,""separation"":3,""spacing"":6,""type"":""minecraft:random_spread""}",aether:large_aercloud (weight 1),0,,True,False
aether:silver_and_gold_dungeons,minecraft:random_spread,36,24,4325806,1,,"{""salt"":4325806,""separation"":24,""spacing"":36,""type"":""minecraft:random_spread""}",aether:silver_dungeon (weight 3) | aether:gold_dungeon (weight 1),0,,True,False
aether_villages:aether_villages_structures,minecraft:random_spread,70,65,53517152,1,,"{""salt"":53517152,""separation"":65,""spacing"":70,""type"":""minecraft:random_spread""}",aether_villages:olympic_citadel (weight 1),0,,True,False
alexscaves:abyssal_ruins,minecraft:random_spread,5,3,45,1,,"{""salt"":45,""separation"":3,""spacing"":5,""type"":""minecraft:random_spread""}",alexscaves:abyssal_ruins (weight 1),0,,True,False
alexscaves:acid_pit,minecraft:random_spread,6,3,2,1,,"{""salt"":2,""separation"":3,""spacing"":6,""type"":""minecraft:random_spread""}",alexscaves:acid_pit (weight 1),0,,True,False
alexscaves:cake_cave,minecraft:random_spread,6,5,3,1,,"{""salt"":3,""separation"":5,""spacing"":6,""type"":""minecraft:random_spread""}",alexscaves:cake_cave (weight 1),0,,True,False
alexscaves:dino_bowl,minecraft:random_spread,4,2,1,1,,"{""salt"":1,""separation"":2,""spacing"":4,""type"":""minecraft:random_spread""}",alexscaves:dino_bowl (weight 1),0,,True,False
alexscaves:donut_arch,minecraft:random_spread,11,7,856457354,1,,"{""salt"":856457354,""separation"":7,""spacing"":11,""type"":""minecraft:random_spread""}",alexscaves:donut_arch (weight 1),0,,True,False
alexscaves:ferrocave,minecraft:random_spread,6,3,3,1,,"{""salt"":3,""separation"":3,""spacing"":6,""type"":""minecraft:random_spread""}",alexscaves:ferrocave (weight 1),0,,True,False
alexscaves:forlorn_bridge,minecraft:random_spread,8,7,22,1,,"{""salt"":22,""separation"":7,""spacing"":8,""type"":""minecraft:random_spread""}",alexscaves:forlorn_bridge (weight 1),0,,True,False
alexscaves:forlorn_canyon,minecraft:random_spread,6,4,6,1,,"{""salt"":6,""separation"":4,""spacing"":6,""type"":""minecraft:random_spread""}",alexscaves:forlorn_canyon (weight 1),0,,True,False
alexscaves:gingerbread_town,minecraft:random_spread,13,11,92463117,1,,"{""salt"":92463117,""separation"":11,""spacing"":13,""type"":""minecraft:random_spread""}",alexscaves:gingerbread_town (weight 1),0,,True,False
alexscaves:licowitch_tower,minecraft:random_spread,21,16,23916271,1,,"{""salt"":23916271,""separation"":16,""spacing"":21,""type"":""minecraft:random_spread""}",alexscaves:licowitch_tower (weight 1),0,,True,False
alexscaves:ocean_trench,minecraft:random_spread,2,1,2,1,,"{""salt"":2,""separation"":1,""spacing"":2,""type"":""minecraft:random_spread""}",alexscaves:ocean_trench (weight 1),0,,True,False
alexscaves:soda_bottle,minecraft:random_spread,8,3,11224949,1,,"{""salt"":11224949,""separation"":3,""spacing"":8,""type"":""minecraft:random_spread""}",alexscaves:soda_bottle (weight 1),0,,True,False
alexscaves:underground_cabin,minecraft:random_spread,10,2,99,1,,"{""salt"":99,""separation"":2,""spacing"":10,""type"":""minecraft:random_spread""}",alexscaves:underground_cabin (weight 1),25,,True,False
alexscaves:volcano,minecraft:random_spread,14,8,9129,1,,"{""salt"":9129,""separation"":8,""spacing"":14,""type"":""minecraft:random_spread""}",alexscaves:volcano (weight 1),0,,True,False
ambient_odyssey:heavenly_challenger_overworld,minecraft:random_spread,72,32,1984010510,1,,"{""type"":""minecraft:random_spread"",""spacing"":72,""separation"":32,""salt"":1984010510}",ambient_odyssey:heavenly_challenger_overworld (weight 1),31,,False,False
ambient_odyssey:heavenly_conqueror_overworld,minecraft:random_spread,84,40,1984010511,1,,"{""type"":""minecraft:random_spread"",""spacing"":84,""separation"":40,""salt"":1984010511}",ambient_odyssey:heavenly_conqueror_overworld (weight 1),31,,False,False
ambient_odyssey:heavenly_rider_overworld,minecraft:random_spread,64,28,1984010512,1,,"{""type"":""minecraft:random_spread"",""spacing"":64,""separation"":28,""salt"":1984010512}",ambient_odyssey:heavenly_rider_overworld (weight 1),31,,False,False
ambient_odyssey:idas_ordinary_houses,integrated_api:advanced_random_spread,16,8,1984010520,1,,"{""type"":""integrated_api:advanced_random_spread"",""spacing"":16,""separation"":8,""salt"":1984010520,""super_exclusion_zone"":{""chunk_count"":2,""other_set"":""#ambient_odyssey:idas_house_avoid""}}",idas:abandonedhouse (weight 5) | idas:bearclaw_inn (weight 5) | idas:hermits_hollow (weight 4) | idas:hunters_cabin (weight 4) | idas:brickhouse (weight 5) | idas:beekeepers_house (weight 5) | idas:farmhouse (weight 5) | idas:fishermans_lodge (weight 3) | idas:botanist (weight 5) | idas:mason_house (weight 5) | idas:abandoned_vineyard (weight 4) | idas:tudor_pub (weight 3) | idas:wacky_wares (weight 3) | idas:pumpkin_cafe (weight 3),25,c:plains | c:savanna | forge:is_savanna,False,False
ambient_odyssey:wda_bathhouse,integrated_api:advanced_random_spread,112,48,1984010502,0.5,,"{""type"":""integrated_api:advanced_random_spread"",""spacing"":112,""separation"":48,""salt"":1984010502,""super_exclusion_zone"":{""chunk_count"":6,""other_set"":""#ambient_odyssey:large_land_avoid""},""frequency"":0.5}",dungeons_arise:bathhouse (weight 1),27,,False,False
ambient_odyssey:wda_ordinary_land,integrated_api:advanced_random_spread,28,14,1984010501,1,,"{""type"":""integrated_api:advanced_random_spread"",""spacing"":28,""separation"":14,""salt"":1984010501,""super_exclusion_zone"":{""chunk_count"":6,""other_set"":""#ambient_odyssey:large_land_avoid""}}",dungeons_arise:illager_campsite (weight 3) | dungeons_arise:illager_windmill (weight 1) | dungeons_arise:merchant_campsite (weight 3) | dungeons_arise:mushroom_house (weight 2) | dungeons_arise:greenwood_pub (weight 2),30,,False,False
antiquetradingship:antique_trading_ship,minecraft:random_spread,50,35,1304155118,1,,"{""salt"":1304155118,""separation"":35,""spacing"":50,""type"":""minecraft:random_spread""}",antiquetradingship:antique_trading_ship (weight 1),0,,False,False
apotheosis:towers,minecraft:random_spread,12,6,12121818,1,,"{""salt"":12121818,""separation"":6,""spacing"":12,""type"":""minecraft:random_spread""}",apotheosis:tower_leaf (weight 1) | apotheosis:tower_main (weight 1) | apotheosis:tower_sand (weight 1) | apotheosis:tower_spruce (weight 1),35,,True,False
archaeology_ruins:adoberuins,minecraft:random_spread,21,14,1108054183,1,,"{""salt"":1108054183,""separation"":14,""spacing"":21,""type"":""minecraft:random_spread""}",archaeology_ruins:adoberuins (weight 1),0,,True,False
archaeology_ruins:mudblacksmithruin,minecraft:random_spread,24,21,1891367289,1,,"{""salt"":1891367289,""separation"":21,""spacing"":24,""type"":""minecraft:random_spread""}",archaeology_ruins:mudblacksmithruin (weight 1),0,,True,False
archaeology_ruins:mudpotterruin,minecraft:random_spread,24,18,1027327534,1,,"{""salt"":1027327534,""separation"":18,""spacing"":24,""type"":""minecraft:random_spread""}",archaeology_ruins:mudpotterruin (weight 1),0,,True,False
archaeology_ruins:mudschoolruin,minecraft:random_spread,28,21,1067233915,1,,"{""salt"":1067233915,""separation"":21,""spacing"":28,""type"":""minecraft:random_spread""}",archaeology_ruins:mudschoolruin (weight 1),0,,True,False
archaeology_ruins:ocean_ruin,minecraft:random_spread,25,15,2134590717,1,,"{""salt"":2134590717,""separation"":15,""spacing"":25,""type"":""minecraft:random_spread""}",archaeology_ruins:ocean_ruin (weight 1),0,,True,False
archaeology_ruins:ruined_desert_pyramid,minecraft:random_spread,24,18,93969674,1,,"{""salt"":93969674,""separation"":18,""spacing"":24,""type"":""minecraft:random_spread""}",archaeology_ruins:ruined_desert_pyramid (weight 1),0,,True,False
archaeology_ruins:ruined_ocean_monument,minecraft:random_spread,36,35,96247560,1,,"{""salt"":96247560,""separation"":35,""spacing"":36,""type"":""minecraft:random_spread""}",archaeology_ruins:ruined_ocean_monument (weight 1),0,,True,False
archaeology_ruins:ruinedjungletemple,minecraft:random_spread,18,14,1955198292,1,,"{""salt"":1955198292,""separation"":14,""spacing"":18,""type"":""minecraft:random_spread""}",archaeology_ruins:ruinedjungletemple (weight 1),0,,True,False
archaeology_ruins:small_ocean_ruin,minecraft:random_spread,30,25,1664717944,1,,"{""salt"":1664717944,""separation"":25,""spacing"":30,""type"":""minecraft:random_spread""}",archaeology_ruins:small_ocean_ruin (weight 1),0,,True,False
archaeology_ruins:smallmudruin,minecraft:random_spread,14,10,963026644,1,,"{""salt"":963026644,""separation"":10,""spacing"":14,""type"":""minecraft:random_spread""}",archaeology_ruins:smallmudruin (weight 1),0,,True,False
archaeology_ruins:warm_ocean_ruin,minecraft:random_spread,20,15,1859338252,1,,"{""salt"":1859338252,""separation"":15,""spacing"":20,""type"":""minecraft:random_spread""}",archaeology_ruins:warm_ocean_ruin (weight 1),0,,True,False
ars_nouveau:wilden_den_set,minecraft:random_spread,24,7,1224466880,1,,"{""exclusion_zone"":{""chunk_count"":10,""other_set"":""minecraft:villages""},""salt"":1224466880,""separation"":7,""spacing"":24,""type"":""minecraft:random_spread""}",ars_nouveau:hunter_wilden_den (weight 1) | ars_nouveau:guardian_wilden_den (weight 25) | ars_nouveau:stalker_wilden_den (weight 1),20,,True,False
betterend:end_bridge,minecraft:random_spread,6,2,1178516510,1,,"{""salt"":1178516510,""separation"":2,""spacing"":6,""type"":""minecraft:random_spread""}",betterend:end_bridge (weight 1),0,,True,False
betterend:end_lake,minecraft:random_spread,6,1,656268008,1,,"{""salt"":656268008,""separation"":1,""spacing"":6,""type"":""minecraft:random_spread""}",betterend:end_lake (weight 1),0,,True,False
betterend:end_lake_normal,minecraft:random_spread,5,2,8955736,1,,"{""salt"":8955736,""separation"":2,""spacing"":5,""type"":""minecraft:random_spread""}",betterend:end_lake_normal (weight 1),0,,True,False
betterend:end_lake_rare,minecraft:random_spread,6,2,1340454045,1,,"{""salt"":1340454045,""separation"":2,""spacing"":6,""type"":""minecraft:random_spread""}",betterend:end_lake_rare (weight 1),0,,True,False
betterend:end_village,minecraft:random_spread,34,8,147624381,1,,"{""salt"":147624381,""separation"":8,""spacing"":34,""type"":""minecraft:random_spread""}",betterend:end_village (weight 1),0,,True,False
betterend:eternal_portal,minecraft:random_spread,40,12,1502528157,1,,"{""salt"":1502528157,""separation"":12,""spacing"":40,""type"":""minecraft:random_spread""}",betterend:eternal_portal (weight 1),0,,True,False
betterend:giant_ice_star,minecraft:random_spread,16,8,776927947,1,,"{""salt"":776927947,""separation"":8,""spacing"":16,""type"":""minecraft:random_spread""}",betterend:giant_ice_star (weight 1),0,,True,False
betterend:giant_mossy_glowshroom,minecraft:random_spread,16,8,229646284,1,,"{""salt"":229646284,""separation"":8,""spacing"":16,""type"":""minecraft:random_spread""}",betterend:giant_mossy_glowshroom (weight 1),0,,True,False
betterend:megalake,minecraft:random_spread,4,1,1890982538,1,,"{""salt"":1890982538,""separation"":1,""spacing"":4,""type"":""minecraft:random_spread""}",betterend:megalake (weight 1) | betterend:megalake_small (weight 1),0,,True,False
betterend:mountain,minecraft:random_spread,3,2,1192828158,1,,"{""salt"":1192828158,""separation"":2,""spacing"":3,""type"":""minecraft:random_spread""}",betterend:mountain (weight 1) | betterend:painted_mountain (weight 1),0,,True,False
betterend:small_island,minecraft:random_spread,5,2,448084798,1,,"{""salt"":448084798,""separation"":2,""spacing"":5,""type"":""minecraft:random_spread""}",betterend:small_island (weight 1),0,,True,False
betterend:sulphuric_cave,minecraft:random_spread,9,4,1073037128,1,,"{""salt"":1073037128,""separation"":4,""spacing"":9,""type"":""minecraft:random_spread""}",betterend:sulphuric_cave (weight 1),0,,True,False
betterfortresses:fortress,yungsapi:enhanced_random_spread,30,20,784827271,1,,"{""enhanced_exclusion_zone"":{""chunk_count"":10,""other_set"":""#betterfortresses:fortress_avoid""},""salt"":784827271,""separation"":20,""spacing"":30,""type"":""yungsapi:enhanced_random_spread""}",betterfortresses:fortress (weight 1),0,c:in_nether,True,False
bettermineshafts:mineshafts,minecraft:random_spread,1,0,593751784,0.003,,"{""frequency"":0.003,""frequency_reduction_method"":""legacy_type_3"",""salt"":593751784,""separation"":0,""spacing"":1,""type"":""minecraft:random_spread""}",bettermineshafts:mineshaft_acacia (weight 1) | bettermineshafts:mineshaft_desert (weight 1) | bettermineshafts:mineshaft_ice (weight 1) | bettermineshafts:mineshaft_jungle (weight 1) | bettermineshafts:mineshaft_lush (weight 1) | bettermineshafts:mineshaft_mesa (weight 1) | bettermineshafts:mineshaft_mushroom (weight 1) | bettermineshafts:mineshaft_oak (weight 1) | bettermineshafts:mineshaft_red_desert (weight 1) | bettermineshafts:mineshaft_spruce (weight 1) | bettermineshafts:mineshaft_spruce_snowy (weight 1) | bettermineshafts:mineshaft_overgrown (weight 1) | bettermineshafts:mineshaft_dripstone (weight 1),26,byg:is_icy | c:badlands | c:desert | c:icy | c:in_jungle | c:in_mesa | c:mushroom | c:plains | c:savanna | forge:is_badlands | forge:is_desert | forge:is_mesa | forge:is_mushroom | forge:is_savanna,False,False
betterwitchhuts:witch_circle,minecraft:random_spread,40,10,19797254,1,,"{""salt"":19797254,""separation"":10,""spacing"":40,""type"":""minecraft:random_spread""}",betterwitchhuts:witch_circle (weight 1),4,,False,False
betterwitchhuts:witch_hut,minecraft:random_spread,30,8,79297177,1,,"{""salt"":79297177,""separation"":8,""spacing"":30,""type"":""minecraft:random_spread""}",betterwitchhuts:witch_hut (weight 1),4,,False,False
biomeswevegone:aspen_manors,minecraft:random_spread,32,20,372893981,1,,"{""salt"":372893981,""separation"":20,""spacing"":32,""type"":""minecraft:random_spread""}",biomeswevegone:aspen_manor_1 (weight 1) | biomeswevegone:aspen_manor_2 (weight 1),0,,True,False
biomeswevegone:bog_trial,minecraft:random_spread,28,18,302222254,1,,"{""salt"":302222254,""separation"":18,""spacing"":28,""type"":""minecraft:random_spread""}",biomeswevegone:bog_trial (weight 1),0,,True,False
biomeswevegone:dripstone_arches,minecraft:random_spread,8,2,1151551458,1,,"{""salt"":1151551458,""separation"":2,""spacing"":8,""spread_type"":""triangular"",""type"":""minecraft:random_spread""}",biomeswevegone:dripstone_arch (weight 1),0,,True,False
biomeswevegone:ironwood_gour_plateau,minecraft:random_spread,4,1,596586,1,,"{""salt"":596586,""separation"":1,""spacing"":4,""spread_type"":""triangular"",""type"":""minecraft:random_spread""}",biomeswevegone:ironwood_gour_plateau (weight 1),0,,True,False
biomeswevegone:large_cold_lake,minecraft:random_spread,32,8,546451665,1,,"{""salt"":546451665,""separation"":8,""spacing"":32,""spread_type"":""triangular"",""type"":""minecraft:random_spread""}",biomeswevegone:large_cold_lake (weight 1),1,,True,False
biomeswevegone:lush_arch,minecraft:random_spread,8,2,54546651,1,,"{""salt"":54546651,""separation"":2,""spacing"":8,""spread_type"":""triangular"",""type"":""minecraft:random_spread""}",biomeswevegone:lush_arch (weight 1),1,,True,False
biomeswevegone:prairie_houses,minecraft:random_spread,16,10,703905857,1,,"{""salt"":703905857,""separation"":10,""spacing"":16,""type"":""minecraft:random_spread""}",biomeswevegone:prairie_house (weight 5) | biomeswevegone:abandoned_prairie_house (weight 4),1,,True,False
biomeswevegone:red_rock_arches,minecraft:random_spread,16,4,5454151,1,,"{""salt"":5454151,""separation"":4,""spacing"":16,""spread_type"":""triangular"",""type"":""minecraft:random_spread""}",biomeswevegone:red_rock_arch (weight 1),0,,True,False
biomeswevegone:rugged_fossils,minecraft:random_spread,8,6,682594027,1,,"{""salt"":682594027,""separation"":6,""spacing"":8,""type"":""minecraft:random_spread""}",biomeswevegone:rugged_fossil (weight 5),0,,True,False
biomeswevegone:sharpened_rocks,minecraft:random_spread,12,3,348457856,1,,"{""salt"":348457856,""separation"":3,""spacing"":12,""spread_type"":""triangular"",""type"":""minecraft:random_spread""}",biomeswevegone:sharpened_rock (weight 1),0,,True,False
biomeswevegone:villages,minecraft:random_spread,24,6,437845874,1,,"{""salt"":437845874,""separation"":6,""spacing"":24,""type"":""minecraft:random_spread""}",biomeswevegone:village/forgotten (weight 1) | biomeswevegone:village/skyris (weight 1) | biomeswevegone:village/salem (weight 1) | biomeswevegone:village/red_rock (weight 1) | biomeswevegone:village/pumpkin_patch (weight 1) | biomeswevegone:village/swamp (weight 1),2,,True,False
block_factorys_bosses:dragon_tower,minecraft:random_spread,60,16,178711064,1,,"{""salt"":178711064,""separation"":16,""spacing"":60,""type"":""minecraft:random_spread""}",block_factorys_bosses:dragon_tower (weight 1),30,,True,False
block_factorys_bosses:kraken_ship,minecraft:random_spread,52,24,496078896,1,,"{""salt"":496078896,""separation"":24,""spacing"":52,""type"":""minecraft:random_spread""}",block_factorys_bosses:kraken_ship (weight 1),0,,True,False
block_factorys_bosses:sandworm_nest,minecraft:random_spread,32,20,1779810129,1,,"{""salt"":1779810129,""separation"":20,""spacing"":32,""type"":""minecraft:random_spread""}",block_factorys_bosses:sandworm_nest (weight 1),0,,True,False
block_factorys_bosses:underworld_arena,minecraft:random_spread,48,40,565960105,1,,"{""exclusion_zone"":{""chunk_count"":8,""other_set"":""minecraft:nether_complexes""},""salt"":565960105,""separation"":40,""spacing"":48,""type"":""minecraft:random_spread""}",block_factorys_bosses:underworld_arena (weight 1),0,,True,False
block_factorys_bosses:yeti_hideout,minecraft:random_spread,22,16,787478644,1,,"{""salt"":787478644,""separation"":16,""spacing"":22,""type"":""minecraft:random_spread""}",block_factorys_bosses:yeti_hideout (weight 1),13,,True,False
bosses_of_mass_destruction:gauntlet_arena,minecraft:random_spread,32,16,499672,1,,"{""salt"":499672,""separation"":16,""spacing"":32,""type"":""minecraft:random_spread""}",bosses_of_mass_destruction:gauntlet_arena (weight 1),0,,True,False
bosses_of_mass_destruction:lich_tower,integrated_api:advanced_random_spread,28,14,1230784,1,,"{""salt"":1230784,""separation"":14,""spacing"":28,""type"":""integrated_api:advanced_random_spread""}",bosses_of_mass_destruction:lich_tower (weight 1),0,,True,False
bosses_of_mass_destruction:obsidilith_arena,minecraft:random_spread,64,32,499672,1,,"{""salt"":499672,""separation"":32,""spacing"":64,""type"":""minecraft:random_spread""}",bosses_of_mass_destruction:obsidilith_arena (weight 1),0,,True,False
bosses_of_mass_destruction:void_blossom,minecraft:random_spread,64,24,574839,1,,"{""salt"":574839,""separation"":24,""spacing"":64,""type"":""minecraft:random_spread""}",bosses_of_mass_destruction:void_blossom (weight 1),40,,True,False
cataclysm:abandoned_structures,cataclysm:cataclysm_random_spread,22,14,514659267,1,,"{""salt"":514659267,""separation"":14,""spacing"":22,""super_exclusion_zone"":{""chunk_count"":8,""other_set"":""#cataclysm:abandoned_structures_avoid""},""type"":""cataclysm:cataclysm_random_spread""}",cataclysm:abandoned_spire (weight 1) | cataclysm:abandoned_temple (weight 1) | cataclysm:abandoned_village (weight 1),1,,True,False
cataclysm:acropolis,cataclysm:cataclysm_random_spread,50,30,913530101,1,,"{""salt"":913530101,""separation"":30,""spacing"":50,""super_exclusion_zone"":{""chunk_count"":10,""other_set"":""#cataclysm:acropolis_avoid""},""type"":""cataclysm:cataclysm_random_spread""}",cataclysm:acropolis (weight 1),0,,True,False
cataclysm:amethyst_nest,minecraft:random_spread,32,8,14325760,1,,"{""salt"":14325760,""separation"":8,""spacing"":32,""type"":""minecraft:random_spread""}",cataclysm:amethyst_nest (weight 1),0,,True,False
cataclysm:ancient_factory,minecraft:random_spread,112,70,319514301,1,,"{""salt"":319514301,""separation"":70,""spacing"":112,""type"":""minecraft:random_spread""}",cataclysm:ancient_factory (weight 1),0,,True,False
cataclysm:burning_arena,cataclysm:cataclysm_random_spread,80,50,533522197,1,,"{""salt"":533522197,""separation"":50,""spacing"":80,""super_exclusion_zone"":{""chunk_count"":10,""other_set"":""#cataclysm:burning_arena_avoid""},""type"":""cataclysm:cataclysm_random_spread""}",cataclysm:burning_arena (weight 1),0,,True,False
cataclysm:cursed_pyramid,cataclysm:cataclysm_random_spread,50,30,577299997,1,,"{""salt"":577299997,""separation"":30,""spacing"":50,""super_exclusion_zone"":{""chunk_count"":10,""other_set"":""#cataclysm:cursed_pyramid_avoid""},""type"":""cataclysm:cataclysm_random_spread""}",cataclysm:cursed_pyramid (weight 1),0,,True,False
cataclysm:desert_structures,cataclysm:cataclysm_random_spread,22,14,31547671,1,,"{""salt"":31547671,""separation"":14,""spacing"":22,""super_exclusion_zone"":{""chunk_count"":8,""other_set"":""#cataclysm:desert_structures_avoid""},""type"":""cataclysm:cataclysm_random_spread""}",cataclysm:desert_temple (weight 1) | cataclysm:desert_site (weight 1) | cataclysm:desert_occupied_village (weight 1),0,,True,False
cataclysm:frosted_prison,cataclysm:cataclysm_random_spread,50,30,1577172143,1,,"{""salt"":1577172143,""separation"":30,""spacing"":50,""super_exclusion_zone"":{""chunk_count"":10,""other_set"":""#cataclysm:frosted_prison_avoid""},""type"":""cataclysm:cataclysm_random_spread""}",cataclysm:frosted_prison (weight 1),1,,True,False
cataclysm:ruined_citadel,minecraft:random_spread,50,25,367895146,1,,"{""salt"":367895146,""separation"":25,""spacing"":50,""type"":""minecraft:random_spread""}",cataclysm:ruined_citadel (weight 1),0,,True,False
cataclysm:small_integrated_cataclysm,cataclysm:cataclysm_random_spread,50,30,166104345,1,,"{""salt"":166104345,""separation"":30,""spacing"":50,""super_exclusion_zone"":{""chunk_count"":10,""other_set"":""#cataclysm:cursed_pyramid_avoid""},""type"":""cataclysm:cataclysm_random_spread""}",cataclysm:kobolediator_shrine (weight 1),0,,True,False
cataclysm:soul_black_smith,cataclysm:cataclysm_random_spread,60,50,1984567320,1,,"{""salt"":1984567320,""separation"":50,""spacing"":60,""super_exclusion_zone"":{""chunk_count"":10,""other_set"":""#cataclysm:soul_black_smith_avoid""},""type"":""cataclysm:cataclysm_random_spread""}",cataclysm:soul_black_smith (weight 1),0,,True,False
cataclysm:sunken_city,cataclysm:cataclysm_random_spread,100,70,1673928450,1,,"{""salt"":1673928450,""separation"":70,""spacing"":100,""spread_type"":""triangular"",""super_exclusion_zone"":{""chunk_count"":10,""other_set"":""#cataclysm:sunken_city_avoid""},""type"":""cataclysm:cataclysm_random_spread""}",cataclysm:sunken_city (weight 1),0,,True,False
create_rustic_structures:rustic_barn,minecraft:random_spread,20,10,1218093568,1,,"{""salt"":1218093568,""separation"":10,""spacing"":20,""type"":""minecraft:random_spread""}",create_rustic_structures:rustic_barn (weight 1),10,,True,False
create_rustic_structures:rustic_smithy,minecraft:random_spread,16,8,703989288,1,,"{""salt"":703989288,""separation"":8,""spacing"":16,""type"":""minecraft:random_spread""}",create_rustic_structures:rustic_smithy (weight 1),16,,True,False
create_rustic_structures:rustic_well,minecraft:random_spread,12,6,1221516354,1,,"{""salt"":1221516354,""separation"":6,""spacing"":12,""type"":""minecraft:random_spread""}",create_rustic_structures:rustic_well (weight 1),16,,True,False
create_rustic_structures:rustic_windmill,minecraft:random_spread,16,8,1297317345,1,,"{""salt"":1297317345,""separation"":8,""spacing"":16,""type"":""minecraft:random_spread""}",create_rustic_structures:rustic_windmill (weight 1),10,,True,False
dungeoncrawl:dungeons,minecraft:random_spread,20,9,1984010530,1,,"{""salt"":1984010530,""separation"":9,""spacing"":20,""type"":""minecraft:random_spread""}",dungeoncrawl:dungeon (weight 1),36,,True,False
dungeons_arise:major_structures,minecraft:random_spread,50,45,88371663,0.7105263157894737,,"{""salt"":88371663,""separation"":45,""spacing"":50,""type"":""minecraft:random_spread"",""frequency"":0.7105263157894737}",dungeons_arise:bandit_village (weight 1) | dungeons_arise:ceryneian_hind (weight 1) | dungeons_arise:heavenly_rider (weight 1) | dungeons_arise:heavenly_conqueror (weight 1) | dungeons_arise:illager_corsair (weight 2) | dungeons_arise:illager_fort (weight 1) | dungeons_arise:illager_galley (weight 2) | dungeons_arise:monastery (weight 1) | dungeons_arise:mushroom_mines (weight 1) | dungeons_arise:mushroom_village (weight 1) | dungeons_arise:scorched_mines (weight 1) | dungeons_arise:typhon (weight 1) | dungeons_arise:undead_pirate_ship (weight 1) | dungeons_arise:aviary (weight 1) | dungeons_arise:bandit_towers (weight 1) | dungeons_arise:foundry (weight 1) | dungeons_arise:heavenly_challenger (weight 1) | dungeons_arise:thornborn_towers (weight 1) | dungeons_arise:infested_temple (weight 1) | dungeons_arise:mining_complex (weight 1) | dungeons_arise:plague_asylum (weight 1) | dungeons_arise:shiraz_palace (weight 1) | dungeons_arise:keep_kayra (weight 1) | dungeons_arise:mechanical_nest (weight 1) | dungeons_arise:kisegi_sanctuary (weight 1),38,c:is_badlands | forge:is_desert,True,False
dungeons_arise:minor_structures,minecraft:random_spread,28,18,342415935,0.8333333333333334,,"{""salt"":342415935,""separation"":18,""spacing"":28,""type"":""minecraft:random_spread"",""frequency"":0.8333333333333334,""exclusion_zone"":{""chunk_count"":10,""other_set"":""dungeons_arise:major_structures""}}",dungeons_arise:fishing_hut (weight 1) | dungeons_arise:wishing_well (weight 1) | dungeons_arise:jungle_tree_house (weight 1) | dungeons_arise:abandoned_temple (weight 1) | dungeons_arise:lighthouse (weight 1),29,,True,False
dungeons_arise_seven_seas:minor_structures,minecraft:random_spread,68,60,98123789,1,,"{""salt"":98123789,""separation"":60,""spacing"":68,""type"":""minecraft:random_spread""}",dungeons_arise_seven_seas:unicorn_galleon (weight 1) | dungeons_arise_seven_seas:pirate_junk (weight 1) | dungeons_arise_seven_seas:small_yacht (weight 1) | dungeons_arise_seven_seas:victory_frigate (weight 1) | dungeons_arise_seven_seas:corsair_corvette (weight 1),3,,True,False
echoes_of_the_end__structures_:crying_obsidian_tower,minecraft:random_spread,190,8,1275595292,1,,"{""salt"":1275595292,""separation"":8,""spacing"":190,""type"":""minecraft:random_spread""}",echoes_of_the_end__structures_:crying_obsidian_tower (weight 1),0,,True,False
echoes_of_the_end__structures_:end_camp,minecraft:random_spread,130,2,910165693,1,,"{""salt"":910165693,""separation"":2,""spacing"":130,""type"":""minecraft:random_spread""}",echoes_of_the_end__structures_:end_camp (weight 1),0,,True,False
echoes_of_the_end__structures_:end_dungeon_tower,minecraft:random_spread,120,10,1054309675,1,,"{""salt"":1054309675,""separation"":10,""spacing"":120,""type"":""minecraft:random_spread""}",echoes_of_the_end__structures_:end_dungeon_tower (weight 1),0,,True,False
echoes_of_the_end__structures_:end_enchanted_temple,minecraft:random_spread,220,29,479948289,1,,"{""salt"":479948289,""separation"":29,""spacing"":220,""type"":""minecraft:random_spread""}",echoes_of_the_end__structures_:end_enchanted_temple (weight 1),0,,True,False
echoes_of_the_end__structures_:end_pillar,minecraft:random_spread,190,10,1068651703,1,,"{""salt"":1068651703,""separation"":10,""spacing"":190,""type"":""minecraft:random_spread""}",echoes_of_the_end__structures_:end_pillar (weight 1),0,,True,False
echoes_of_the_end__structures_:end_shulker_tower,minecraft:random_spread,200,13,1322633544,1,,"{""salt"":1322633544,""separation"":13,""spacing"":200,""type"":""minecraft:random_spread""}",echoes_of_the_end__structures_:end_shulker_tower (weight 1),0,,True,False
echoes_of_the_end__structures_:end_temple,minecraft:random_spread,190,20,1143842385,1,,"{""salt"":1143842385,""separation"":20,""spacing"":190,""type"":""minecraft:random_spread""}",echoes_of_the_end__structures_:end_temple (weight 1),0,,True,False
echoes_of_the_end__structures_:end_warship,minecraft:random_spread,190,10,1574654080,1,,"{""salt"":1574654080,""separation"":10,""spacing"":190,""type"":""minecraft:random_spread""}",echoes_of_the_end__structures_:end_warship (weight 1),0,,True,False
echoes_of_the_end__structures_:end_well,minecraft:random_spread,200,15,250943603,1,,"{""salt"":250943603,""separation"":15,""spacing"":200,""type"":""minecraft:random_spread""}",echoes_of_the_end__structures_:end_well (weight 1),0,,True,False
end_villager_outpost:end_villager_outpost,minecraft:random_spread,90,65,1680481163,1,,"{""salt"":1680481163,""separation"":65,""spacing"":90,""type"":""minecraft:random_spread""}",end_villager_outpost:end_villager_outpost (weight 1),0,,True,False
enigmaticlegacyplus:spellstone_hut,minecraft:random_spread,22,8,68431572,1,,"{""salt"":68431572,""separation"":8,""spacing"":22,""type"":""minecraft:random_spread""}",enigmaticlegacyplus:spellstone_hut (weight 1),33,,True,False
eternal_starlight:cursed_garden,eternal_starlight:landmark,,,,1,,"{""landmark"":""eternal_starlight:cursed_garden"",""type"":""eternal_starlight:landmark""}",eternal_starlight:cursed_garden (weight 1),0,,True,False
eternal_starlight:golem_forge,eternal_starlight:landmark,,,,1,,"{""landmark"":""eternal_starlight:golem_forge"",""type"":""eternal_starlight:landmark""}",eternal_starlight:golem_forge (weight 1),0,,True,False
eternal_starlight:portal_ruins_cold,minecraft:random_spread,25,21,107391749,1,,"{""salt"":107391749,""separation"":21,""spacing"":25,""type"":""minecraft:random_spread""}",eternal_starlight:portal_ruins_cold (weight 1),16,,True,False
eternal_starlight:portal_ruins_common,minecraft:random_spread,25,21,958853901,1,,"{""salt"":958853901,""separation"":21,""spacing"":25,""type"":""minecraft:random_spread""}",eternal_starlight:portal_ruins_common (weight 1),10,,True,False
eternal_starlight:portal_ruins_desert,minecraft:random_spread,25,21,525823926,1,,"{""salt"":525823926,""separation"":21,""spacing"":25,""type"":""minecraft:random_spread""}",eternal_starlight:portal_ruins_desert (weight 1),0,c:is_badlands,True,False
eternal_starlight:portal_ruins_forest,minecraft:random_spread,25,21,789224182,1,,"{""salt"":789224182,""separation"":21,""spacing"":25,""type"":""minecraft:random_spread""}",eternal_starlight:portal_ruins_forest (weight 1),16,,True,False
eternal_starlight:portal_ruins_jungle,minecraft:random_spread,25,21,391037419,1,,"{""salt"":391037419,""separation"":21,""spacing"":25,""type"":""minecraft:random_spread""}",eternal_starlight:portal_ruins_jungle (weight 1),3,,True,False
eternal_starlight:stranghoul_den,eternal_starlight:avoid_landmark,20,8,615391630,1,,"{""salt"":615391630,""separation"":8,""spacing"":20,""type"":""eternal_starlight:avoid_landmark""}",eternal_starlight:stranghoul_den (weight 1),0,,True,False
explore_ruins_aether:aether_structures,minecraft:random_spread,15,9,317231207,0.2,,"{""exclusion_zone"":{""chunk_count"":3,""other_set"":""aether:silver_and_gold_dungeons""},""frequency"":0.2,""frequency_reduction_method"":""legacy_type_1"",""salt"":317231207,""separation"":9,""spacing"":15,""type"":""minecraft:random_spread""}",explore_ruins_aether:moa_nest (weight 1) | explore_ruins_aether:sky_lake (weight 1) | explore_ruins_aether:holystone_circle (weight 1) | explore_ruins_aether:holy_shrine (weight 1) | explore_ruins_aether:valkyrie_ship (weight 1) | explore_ruins_aether:valkyrie_library (weight 1) | explore_ruins_aether:small_hellfire_dungeon (weight 1),0,,True,False
farmers_structures:aethers_with_all,minecraft:random_spread,31,17,1984020000,1,,"{""exclusion_zone"":{""chunk_count"":8,""other_set"":""minecraft:villages""},""salt"":1984020000,""separation"":17,""spacing"":31,""type"":""minecraft:random_spread""}",farmers_structures:aether (weight 1),0,,True,False
farmers_structures:afterdark_farms_with_all,minecraft:random_spread,45,20,1984020001,1,,"{""exclusion_zone"":{""chunk_count"":8,""other_set"":""minecraft:villages""},""salt"":1984020001,""separation"":20,""spacing"":45,""type"":""minecraft:random_spread""}",farmers_structures:afterdark_farms (weight 1),0,,True,False
farmers_structures:aquacultures_beach_with_all,minecraft:random_spread,45,21,1984020002,1,,"{""exclusion_zone"":{""chunk_count"":8,""other_set"":""minecraft:villages""},""salt"":1984020002,""separation"":21,""spacing"":45,""type"":""minecraft:random_spread""}",farmers_structures:aquacultures_beach (weight 1),1,,True,False
farmers_structures:aquacultures_cod_with_all,minecraft:random_spread,55,27,1984020003,1,,"{""exclusion_zone"":{""chunk_count"":8,""other_set"":""minecraft:villages""},""salt"":1984020003,""separation"":27,""spacing"":55,""type"":""minecraft:random_spread""}",farmers_structures:aquacultures_cod (weight 1),24,c:savanna | forge:savanna,True,False
farmers_structures:aquacultures_common_with_all,minecraft:random_spread,33,18,1984020004,1,,"{""exclusion_zone"":{""chunk_count"":8,""other_set"":""minecraft:villages""},""salt"":1984020004,""separation"":18,""spacing"":33,""type"":""minecraft:random_spread""}",farmers_structures:aquacultures_common (weight 1),29,,True,False
farmers_structures:cacaos_with_all,minecraft:random_spread,45,21,1984020005,1,,"{""exclusion_zone"":{""chunk_count"":8,""other_set"":""minecraft:villages""},""salt"":1984020005,""separation"":21,""spacing"":45,""type"":""minecraft:random_spread""}",farmers_structures:cacaos (weight 1),3,byg:is_jungle,True,False
farmers_structures:cooks_moss_with_all,minecraft:random_spread,11,10,1984020006,1,,"{""exclusion_zone"":{""chunk_count"":8,""other_set"":""minecraft:villages""},""salt"":1984020006,""separation"":10,""spacing"":11,""type"":""minecraft:random_spread""}",farmers_structures:cooks_moss (weight 1),2,,True,False
farmers_structures:cooks_nether_1_with_all,minecraft:random_spread,21,15,1984020007,1,,"{""exclusion_zone"":{""chunk_count"":8,""other_set"":""minecraft:villages""},""salt"":1984020007,""separation"":15,""spacing"":21,""type"":""minecraft:random_spread""}",farmers_structures:cooks_nether_1 (weight 1),0,,True,False
farmers_structures:cooks_nether_2_with_all,minecraft:random_spread,26,20,1984020008,1,,"{""exclusion_zone"":{""chunk_count"":8,""other_set"":""minecraft:villages""},""salt"":1984020008,""separation"":20,""spacing"":26,""type"":""minecraft:random_spread""}",farmers_structures:cooks_nether_2 (weight 1),0,,True,False
farmers_structures:cooks_with_all,minecraft:random_spread,28,22,1984020009,1,,"{""exclusion_zone"":{""chunk_count"":8,""other_set"":""minecraft:villages""},""salt"":1984020009,""separation"":22,""spacing"":28,""type"":""minecraft:random_spread""}",farmers_structures:cooks (weight 1),16,,True,False
farmers_structures:deeper_farms_with_all,minecraft:random_spread,45,20,1984020010,1,,"{""exclusion_zone"":{""chunk_count"":8,""other_set"":""minecraft:villages""},""salt"":1984020010,""separation"":20,""spacing"":45,""type"":""minecraft:random_spread""}",farmers_structures:deeper_farms (weight 1),0,,True,False
farmers_structures:fishs_stew_with_all,minecraft:random_spread,25,12,1984020011,1,,"{""exclusion_zone"":{""chunk_count"":8,""other_set"":""minecraft:villages""},""salt"":1984020011,""separation"":12,""spacing"":25,""type"":""minecraft:random_spread""}",farmers_structures:fishs_stew (weight 1),8,byg:is_snowy | byg:is_taiga | forge:is_taiga,True,False
farmers_structures:flesh_farms_with_all,minecraft:random_spread,45,20,1984020012,1,,"{""exclusion_zone"":{""chunk_count"":8,""other_set"":""minecraft:villages""},""salt"":1984020012,""separation"":20,""spacing"":45,""type"":""minecraft:random_spread""}",farmers_structures:flesh_farms (weight 1),0,,True,False
farmers_structures:honey_cake_farms_with_all,minecraft:random_spread,45,20,1984020013,1,,"{""exclusion_zone"":{""chunk_count"":8,""other_set"":""minecraft:villages""},""salt"":1984020013,""separation"":20,""spacing"":45,""type"":""minecraft:random_spread""}",farmers_structures:honey_cake_farms (weight 1),0,,True,False
farmers_structures:ratatouilles_with_all,minecraft:random_spread,31,20,1984020014,1,,"{""exclusion_zone"":{""chunk_count"":8,""other_set"":""minecraft:villages""},""salt"":1984020014,""separation"":20,""spacing"":31,""type"":""minecraft:random_spread""}",farmers_structures:ratatouilles (weight 1),4,byg:is_swamp,True,False
farmers_structures:shepherd_farms_with_all,minecraft:random_spread,99,85,1984020015,1,,"{""exclusion_zone"":{""chunk_count"":8,""other_set"":""minecraft:villages""},""salt"":1984020015,""separation"":85,""spacing"":99,""type"":""minecraft:random_spread""}",farmers_structures:shepherd_farms (weight 1),16,,True,False
farmers_structures:squids_with_all,minecraft:random_spread,26,15,1984020016,1,,"{""exclusion_zone"":{""chunk_count"":8,""other_set"":""minecraft:villages""},""salt"":1984020016,""separation"":15,""spacing"":26,""type"":""minecraft:random_spread""}",farmers_structures:squids (weight 1),13,byg:is_spooky | byg:is_taiga | forge:is_spooky | forge:is_taiga,True,False
farmers_structures:sushus_with_all,minecraft:random_spread,38,17,1984020017,1,,"{""exclusion_zone"":{""chunk_count"":8,""other_set"":""minecraft:villages""},""salt"":1984020017,""separation"":17,""spacing"":38,""type"":""minecraft:random_spread""}",farmers_structures:sushis (weight 1),1,byg:is_river,True,False
farmers_structures:undergardens_sea_with_all,minecraft:random_spread,109,84,1984020018,1,,"{""salt"":1984020018,""separation"":84,""spacing"":109,""type"":""minecraft:random_spread""}",farmers_structures:undergardens_sea (weight 1),0,,True,False
farmers_structures:undergardens_with_all,minecraft:random_spread,67,56,1984020019,1,,"{""salt"":1984020019,""separation"":56,""spacing"":67,""type"":""minecraft:random_spread""}",farmers_structures:undergardens (weight 1),0,,True,False
fdbosses:chesed_arena,minecraft:random_spread,65,32,5456445,1,,"{""salt"":5456445,""separation"":32,""spacing"":65,""type"":""minecraft:random_spread""}",fdbosses:chesed_arena (weight 1),40,,True,False
fdbosses:geburah_arena,minecraft:random_spread,100,50,5456445,1,,"{""salt"":5456445,""separation"":50,""spacing"":100,""type"":""minecraft:random_spread""}",fdbosses:geburah_arena (weight 1),0,,True,False
fdbosses:malkuth_arena,minecraft:random_spread,100,80,97896464,1,,"{""salt"":97896464,""separation"":80,""spacing"":100,""type"":""minecraft:random_spread""}",fdbosses:malkuth_arena (weight 1),1,,True,False
floating_islands:dungeon_islands,minecraft:random_spread,55,35,1694760031,1,,"{""salt"":1694760031,""separation"":35,""spacing"":55,""type"":""minecraft:random_spread""}",floating_islands:tower_island (weight 1) | floating_islands:witch_island (weight 1) | floating_islands:steampunk_island (weight 1) | floating_islands:spider_ruin (weight 1) | floating_islands:pillager_camp (weight 1) | floating_islands:hut_with_waystone (weight 1) | floating_islands:cemetery_island (weight 1) | floating_islands:amethyst_island (weight 1),33,,True,False
floating_islands:peaceful_islands,minecraft:random_spread,38,24,1694760032,1,,"{""salt"":1694760032,""separation"":24,""spacing"":38,""type"":""minecraft:random_spread""}",floating_islands:cherry_island_with_shrine (weight 1) | floating_islands:drifting_island (weight 1) | floating_islands:floating_rocks (weight 1) | floating_islands:flower_island2 (weight 1) | floating_islands:shrine (weight 1) | floating_islands:paradise_island (weight 1) | floating_islands:nether_island (weight 1),33,,True,False
floating_islands:villager_islands,minecraft:random_spread,60,42,1694760033,1,,"{""salt"":1694760033,""separation"":42,""spacing"":60,""type"":""minecraft:random_spread""}",floating_islands:villager_island (weight 1) | floating_islands:camp_island (weight 1),31,,True,False
formationsoverworld:rafts,minecraft:random_spread,25,15,995602250,1,,"{""salt"":995602250,""separation"":15,""spacing"":25,""type"":""minecraft:random_spread""}",formationsoverworld:raft (weight 1),3,,True,False
formationsoverworld:rare,minecraft:random_spread,30,22,1024917310,1,,"{""salt"":1024917310,""separation"":22,""spacing"":30,""type"":""minecraft:random_spread""}",formationsoverworld:large_temple (weight 1) | formationsoverworld:witch_tower (weight 1),23,,True,False
formationsoverworld:uncommon,minecraft:random_spread,12,6,650800552,1,,"{""salt"":650800552,""separation"":6,""spacing"":12,""type"":""minecraft:random_spread""}",formationsoverworld:bamboo_hut (weight 1) | formationsoverworld:campsite (weight 1) | formationsoverworld:cobble_hole (weight 1) | formationsoverworld:copper_spire (weight 1) | formationsoverworld:desert_houses (weight 1) | formationsoverworld:farmland_field (weight 1) | formationsoverworld:fountain (weight 1) | formationsoverworld:graveyard (weight 1) | formationsoverworld:hobbit_hole (weight 1) | formationsoverworld:ice_castle (weight 1) | formationsoverworld:ice_spire (weight 1) | formationsoverworld:igloo (weight 1) | formationsoverworld:log_shelter (weight 1) | formationsoverworld:log_spikes (weight 1) | formationsoverworld:mesoamerican_temple (weight 1) | formationsoverworld:meteor (weight 1) | formationsoverworld:mushroom_hut (weight 1) | formationsoverworld:offering (weight 1) | formationsoverworld:small_house (weight 1) | formationsoverworld:small_statue (weight 1) | formationsoverworld:small_temple (weight 1) | formationsoverworld:stone_ore_spikes (weight 1) | formationsoverworld:stone_tower (weight 1) | formationsoverworld:tiny_house (weight 1) | formationsoverworld:tower_remnant (weight 1) | formationsoverworld:wagon (weight 1) | formationsoverworld:well (weight 1),33,,True,False
friendsandfoes:citadel,minecraft:random_spread,16,8,878514152,1,,"{""exclusion_zone"":{""chunk_count"":8,""other_set"":""minecraft:nether_complexes""},""salt"":878514152,""separation"":8,""spacing"":16,""type"":""minecraft:random_spread""}",friendsandfoes:citadel (weight 1),0,c:in_nether,True,False
friendsandfoes:iceologer_cabin,minecraft:random_spread,28,7,516979219,1,,"{""exclusion_zone"":{""chunk_count"":4,""other_set"":""minecraft:villages""},""salt"":516979219,""separation"":7,""spacing"":28,""type"":""minecraft:random_spread""}",friendsandfoes:iceologer_cabin (weight 1),8,c:snowy | c:snowy_plains,True,False
friendsandfoes:illusioner_shack,minecraft:random_spread,28,7,365262534,1,,"{""exclusion_zone"":{""chunk_count"":4,""other_set"":""minecraft:villages""},""salt"":365262534,""separation"":7,""spacing"":28,""type"":""minecraft:random_spread""}",friendsandfoes:illusioner_shack (weight 1),11,,True,False
friendsandfoes:illusioner_training_grounds,minecraft:random_spread,28,7,819729564,1,,"{""exclusion_zone"":{""chunk_count"":4,""other_set"":""minecraft:villages""},""salt"":819729564,""separation"":7,""spacing"":28,""type"":""minecraft:random_spread""}",friendsandfoes:illusioner_training_grounds (weight 1),11,,True,False
graveyard:altar_structure,minecraft:random_spread,22,18,1093123913,1,,"{""salt"":1093123913,""separation"":18,""spacing"":22,""type"":""minecraft:random_spread""}",graveyard:altar (weight 1),1,,True,False
graveyard:crypt_structure,minecraft:random_spread,24,22,893183913,1,,"{""salt"":893183913,""separation"":22,""spacing"":24,""type"":""minecraft:random_spread""}",graveyard:crypt (weight 1),0,,True,False
graveyard:dead_tree_structure,minecraft:random_spread,28,16,781897819,1,,"{""salt"":781897819,""separation"":16,""spacing"":28,""type"":""minecraft:random_spread""}",graveyard:dead_tree (weight 1),25,,True,False
graveyard:giant_mushroom_structure,minecraft:random_spread,20,18,365012356,1,,"{""salt"":365012356,""separation"":18,""spacing"":20,""type"":""minecraft:random_spread""}",graveyard:giant_mushroom (weight 1),0,,True,False
graveyard:haunted_house_structure,minecraft:random_spread,15,14,451235912,1,,"{""salt"":451235912,""separation"":14,""spacing"":15,""type"":""minecraft:random_spread""}",graveyard:haunted_house (weight 1),11,,True,False
graveyard:large_graveyard_structure,minecraft:random_spread,19,15,304812394,1,,"{""salt"":304812394,""separation"":15,""spacing"":19,""type"":""minecraft:random_spread""}",graveyard:large_graveyard (weight 1),20,,True,False
graveyard:lich_prison_structure,minecraft:random_spread,90,75,258195719,1,,"{""salt"":258195719,""separation"":75,""spacing"":90,""type"":""minecraft:random_spread""}",graveyard:lich_prison (weight 1),0,,True,False
graveyard:medium_graveyard_structure,minecraft:random_spread,14,12,1690192399,1,,"{""salt"":1690192399,""separation"":12,""spacing"":14,""type"":""minecraft:random_spread""}",graveyard:medium_graveyard (weight 1),13,,True,False
graveyard:memorial_tree_structure,minecraft:random_spread,14,12,529239621,1,,"{""salt"":529239621,""separation"":12,""spacing"":14,""type"":""minecraft:random_spread""}",graveyard:memorial_tree (weight 1),2,,True,False
graveyard:mushroom_grave_structure,minecraft:random_spread,24,18,379123039,1,,"{""salt"":379123039,""separation"":18,""spacing"":24,""type"":""minecraft:random_spread""}",graveyard:mushroom_grave (weight 1),6,,True,False
graveyard:ruins_structure,minecraft:random_spread,12,9,467108394,1,,"{""salt"":467108394,""separation"":9,""spacing"":12,""type"":""minecraft:random_spread""}",graveyard:ruins (weight 1),24,,True,False
graveyard:small_desert_grave_structure,minecraft:random_spread,20,16,681236914,1,,"{""salt"":681236914,""separation"":16,""spacing"":20,""type"":""minecraft:random_spread""}",graveyard:small_desert_grave (weight 1),0,,True,False
graveyard:small_desert_graveyard_structure,minecraft:random_spread,24,21,598017285,1,,"{""salt"":598017285,""separation"":21,""spacing"":24,""type"":""minecraft:random_spread""}",graveyard:small_desert_graveyard (weight 1),0,,True,False
graveyard:small_grave_structure,minecraft:random_spread,12,8,240451934,1,,"{""salt"":240451934,""separation"":8,""spacing"":12,""type"":""minecraft:random_spread""}",graveyard:small_grave (weight 1),32,,True,False
graveyard:small_graveyard_structure,minecraft:random_spread,15,14,598017285,1,,"{""salt"":598017285,""separation"":14,""spacing"":15,""type"":""minecraft:random_spread""}",graveyard:small_graveyard (weight 1),10,,True,False
graveyard:small_mountain_grave_structure,minecraft:random_spread,12,8,725689810,1,,"{""salt"":725689810,""separation"":8,""spacing"":12,""type"":""minecraft:random_spread""}",graveyard:small_mountain_grave (weight 1),10,,True,False
graveyard:small_savanna_grave_structure,minecraft:random_spread,12,8,709787761,1,,"{""salt"":709787761,""separation"":8,""spacing"":12,""type"":""minecraft:random_spread""}",graveyard:small_savanna_grave (weight 1),14,,True,False
iceandfire:cyclops_cave,minecraft:random_spread,14,5,7407930,1,,"{""salt"":7407930,""separation"":5,""spacing"":14,""type"":""minecraft:random_spread""}",iceandfire:cyclops_cave (weight 1),1,,True,False
iceandfire:dragon_cave,minecraft:random_spread,18,12,9821379,1,,"{""exclusion_zone"":{""chunk_count"":10,""other_set"":""minecraft:villages""},""salt"":9821379,""separation"":12,""spacing"":18,""type"":""minecraft:random_spread""}",iceandfire:fire_dragon_cave (weight 1) | iceandfire:ice_dragon_cave (weight 1) | iceandfire:lightning_dragon_cave (weight 1),34,,True,False
iceandfire:dragon_roost,minecraft:random_spread,13,5,3747893,1,,"{""exclusion_zone"":{""chunk_count"":10,""other_set"":""minecraft:villages""},""salt"":3747893,""separation"":5,""spacing"":13,""type"":""minecraft:random_spread""}",iceandfire:fire_dragon_roost (weight 1) | iceandfire:ice_dragon_roost (weight 1) | iceandfire:lightning_dragon_roost (weight 1),34,,True,False
iceandfire:gorgon_temple,minecraft:random_spread,27,10,76489509,1,,"{""salt"":76489509,""separation"":10,""spacing"":27,""type"":""minecraft:random_spread""}",iceandfire:gorgon_temple (weight 1),1,,True,False
iceandfire:graveyard,minecraft:random_spread,24,12,44712661,1,,"{""salt"":44712661,""separation"":12,""spacing"":24,""type"":""minecraft:random_spread""}",iceandfire:graveyard (weight 1),25,,True,False
iceandfire:hydra_cave,minecraft:random_spread,14,5,8903243,1,,"{""salt"":8903243,""separation"":5,""spacing"":14,""type"":""minecraft:random_spread""}",iceandfire:hydra_cave (weight 1),4,,True,False
iceandfire:mausoleum,minecraft:random_spread,27,10,14200531,1,,"{""salt"":14200531,""separation"":10,""spacing"":27,""type"":""minecraft:random_spread""}",iceandfire:mausoleum (weight 1),13,,True,False
iceandfire:pixie_village,minecraft:random_spread,8,4,7407930,1,,"{""salt"":7407930,""separation"":4,""spacing"":8,""type"":""minecraft:random_spread""}",iceandfire:pixie_village (weight 1),22,,True,False
iceandfire:siren_island,minecraft:random_spread,30,12,9810327,1,,"{""salt"":9810327,""separation"":12,""spacing"":30,""type"":""minecraft:random_spread""}",iceandfire:siren_island (weight 1),3,,True,False
idas:idas_common,integrated_api:advanced_random_spread,15,8,169480670,0.4537037037037037,,"{""salt"":169480670,""separation"":8,""spacing"":15,""super_exclusion_zone"":{""chunk_count"":2,""other_set"":""#idas:common_avoid""},""type"":""integrated_api:advanced_random_spread"",""frequency"":0.4537037037037037}",idas:castle (weight 7) | idas:enchantingtower (weight 4) | idas:wizard_tower (weight 4) | idas:redhorn_guild (weight 3) | idas:dig_site/dig_site (weight 5) | idas:dig_site/dig_site_desert (weight 5) | idas:witches_treestump (weight 3) | idas:haunted_manor (weight 1) | idas:winter_wagon (weight 1) | idas:apothecary_abode (weight 1) | idas:treetop_tavern (weight 1) | idas:desert_ruins (weight 2) | idas:ruined_church (weight 3) | idas:ruined_fort (weight 3) | idas:ruined_well (weight 3) | idas:the_log (weight 3),29,c:dead | c:desert | c:in_jungle | c:plains | c:snowy_plains | forge:is_dead | forge:is_desert | forge:is_spooky,True,False
idas:idas_nether,integrated_api:advanced_random_spread,35,20,169481692,1,,"{""salt"":169481692,""separation"":20,""spacing"":35,""super_exclusion_zone"":{""chunk_count"":2,""other_set"":""#idas:nether_avoid""},""type"":""integrated_api:advanced_random_spread""}",idas:ancient_portal/nether_ancient_portal (weight 1) | idas:necromancers_spire (weight 1),0,c:in_nether | c:nether | forge:is_nether,True,False
idas:idas_ocean,integrated_api:advanced_random_spread,35,29,169480681,1,,"{""salt"":169480681,""separation"":29,""spacing"":35,""super_exclusion_zone"":{""chunk_count"":3,""other_set"":""#idas:ocean_avoid""},""type"":""integrated_api:advanced_random_spread""}",idas:sunken_ship/sunken_ship (weight 1) | idas:sunken_ship/sunken_ship_coral (weight 1) | idas:sunken_ship/sunken_ship_ruins (weight 1) | idas:iceandfire/sirens_cove (weight 1),3,c:deep_ocean,True,False
idas:idas_rare,integrated_api:advanced_random_spread,45,20,169480678,1,,"{""salt"":169480678,""separation"":20,""spacing"":45,""super_exclusion_zone"":{""chunk_count"":2,""other_set"":""#idas:rare_avoid""},""type"":""integrated_api:advanced_random_spread""}",idas:pillager_fortress (weight 3) | idas:labyrinth (weight 3) | idas:bazaar (weight 3) | idas:ancient_mines (weight 3) | idas:tinkers_workshop (weight 3) | idas:ruins_of_the_deep (weight 3) | idas:tree_of_wisdom (weight 1) | idas:iceandfire/dread_citadel (weight 3) | idas:tinkers_citadel (weight 3) | idas:ars_nouveau/archmages_tower (weight 3) | idas:desert_pyramid (weight 3) | idas:collectors_museum (weight 3) | idas:windswept_shrine (weight 3),32,byg:is_floral | byg:is_icy | c:dead | c:desert | c:plains | c:savanna | c:snowy_plains | forge:is_dead | forge:is_desert | forge:is_savanna | forge:is_spooky,True,False
idas:idas_small,integrated_api:advanced_random_spread,18,12,169480673,0.8860759493670886,,"{""salt"":169480673,""separation"":12,""spacing"":18,""super_exclusion_zone"":{""chunk_count"":2,""other_set"":""#idas:small_avoid""},""type"":""integrated_api:advanced_random_spread"",""frequency"":0.8860759493670886}",idas:cottage (weight 3) | idas:animal_den/forest_den (weight 3) | idas:animal_den/polar_bear_den (weight 3) | idas:lumber_camp/lumber_camp_oak (weight 3) | idas:lumber_camp/lumber_camp_spruce (weight 3) | idas:lumber_camp/lumber_camp_birch (weight 3) | idas:lumber_camp/lumber_camp_jungle (weight 3) | idas:lumber_camp/lumber_camp_acacia (weight 3) | idas:lumber_camp/lumber_camp_dark_oak (weight 3) | idas:lumber_camp/lumber_camp_bopredwood (weight 3) | idas:lumber_camp/lumber_camp_bopmahogany (weight 3) | idas:desert_camp/desert_camp (weight 3) | idas:desert_camp/desert_camp_red (weight 3) | idas:desert_camp/desert_camp_orange (weight 3) | idas:desert_camp/desert_camp_bygwindswept (weight 3) | idas:ancient_statue/ancient_statue_plains (weight 3) | idas:ancient_statue/ancient_statue_jungle (weight 3) | idas:ancient_statue/ancient_statue_desert (weight 2) | idas:washing_camp (weight 3) | idas:desert_market/desert_market (weight 2) | idas:desert_market/desert_market_red (weight 2) | idas:desert_market/desert_market_orange (weight 2) | idas:pillager_camp (weight 3) | idas:snifferhenge (weight 1) | idas:train_ruins (weight 2) | idas:frozen_crypt (weight 1) | idas:abandoned_lighthouse (weight 1),32,byg:is_floral | byg:is_icy | c:badlands | c:desert | c:in_jungle | c:in_mesa | c:plains | c:savanna | c:snowy_plains | forge:is_badlands | forge:is_desert | forge:is_mesa | forge:is_savanna | idas:has_structure/bopmahogany_biomes,True,False
idas:idas_small_nether,integrated_api:advanced_random_spread,30,25,169263692,1,,"{""salt"":169263692,""separation"":25,""spacing"":30,""super_exclusion_zone"":{""chunk_count"":3,""other_set"":""#idas:small_nether_avoid""},""type"":""integrated_api:advanced_random_spread""}",idas:animal_den/foxhound_den (weight 1) | idas:nether_pump_camp (weight 1),0,c:in_nether | c:nether | forge:is_nether,True,False
idas:idas_underground,integrated_api:advanced_random_spread,25,15,18918169,1,,"{""salt"":18918169,""separation"":15,""spacing"":25,""super_exclusion_zone"":{""chunk_count"":1,""other_set"":""#idas:underground_avoid""},""type"":""integrated_api:advanced_random_spread""}",idas:underground_camp/underground_camp (weight 1) | idas:underground_camp/underground_camp_deep (weight 1),35,byg:is_icy | c:badlands | c:caves | c:desert | c:in_jungle | c:in_mesa | c:mushroom | c:plains | c:savanna | c:snowy_plains | c:underground | forge:is_badlands | forge:is_cave | forge:is_desert | forge:is_mesa | forge:is_mushroom | forge:is_savanna | forge:is_underground,True,False
idas:idas_underground_rare,integrated_api:advanced_random_spread,60,40,169481691,1,,"{""salt"":169481691,""separation"":40,""spacing"":60,""super_exclusion_zone"":{""chunk_count"":2,""other_set"":""#idas:underground_rare_avoid""},""type"":""integrated_api:advanced_random_spread""}",idas:ancient_portal/ancient_portal (weight 1) | idas:nexus (weight 1),35,byg:is_icy | c:badlands | c:caves | c:desert | c:in_jungle | c:in_mesa | c:mushroom | c:plains | c:savanna | c:snowy_plains | c:underground | forge:is_badlands | forge:is_cave | forge:is_desert | forge:is_mesa | forge:is_mushroom | forge:is_savanna | forge:is_underground,True,False
illagerwarship:warship,minecraft:random_spread,45,35,1421089960,1,,"{""salt"":1421089960,""separation"":35,""spacing"":45,""type"":""minecraft:random_spread""}",illagerwarship:warship (weight 1),0,,True,False
incendium:greater_structures,minecraft:random_spread,30,16,69420,1,,"{""salt"":69420,""separation"":16,""spacing"":30,""type"":""minecraft:random_spread""}",incendium:sanctum (weight 5) | incendium:forbidden_castle (weight 5) | incendium:nether_reactor (weight 3),0,,True,False
incendium:lesser_structures,minecraft:random_spread,20,12,399125,1,,"{""exclusion_zone"":{""chunk_count"":10,""other_set"":""incendium:greater_structures""},""salt"":399125,""separation"":12,""spacing"":20,""type"":""minecraft:random_spread""}",incendium:quartz_kitchen (weight 2) | incendium:abandoned_tower (weight 3) | incendium:pipeline (weight 2) | incendium:piglin_village (weight 2) | incendium:infernal_altar (weight 2) | incendium:ruined_lab (weight 4),0,,True,False
integrated_stronghold:stronghold,integrated_api:stronghold,85,50,68173563,1,,"{""chunk_distance_to_first_ring"":80,""ring_chunk_thickness"":96,""salt"":68173563,""separation"":50,""spacing"":85,""type"":""integrated_api:stronghold""}",integrated_stronghold:stronghold (weight 1),35,byg:is_icy | c:desert | c:icy | c:in_jungle | c:in_mesa | c:mushroom | c:plains | c:savanna | forge:is_badlands | forge:is_desert | forge:is_mesa | forge:is_mushroom | forge:is_savanna,True,False
integrated_villages:air_villages,integrated_api:advanced_random_spread,65,45,1982700828,1,,"{""salt"":1982700828,""separation"":45,""spacing"":65,""super_exclusion_zone"":{""chunk_count"":8,""other_set"":""#integrated_villages:air_village_avoid""},""type"":""integrated_api:advanced_random_spread""}",integrated_villages:airship_village (weight 1),40,,True,False
integrated_villages:regular_villages,integrated_api:advanced_random_spread,22,14,1982700828,1,,"{""salt"":1982700828,""separation"":14,""spacing"":22,""super_exclusion_zone"":{""chunk_count"":6,""other_set"":""#integrated_villages:village_avoid""},""type"":""integrated_api:advanced_random_spread""}",integrated_villages:tavern_village (weight 1) | integrated_villages:pirate_village (weight 1) | integrated_villages:mediterranean_village (weight 1) | integrated_villages:kutcha_village (weight 1) | integrated_villages:oasis_village (weight 1) | integrated_villages:mossy_mounds (weight 1) | integrated_villages:cabin_village (weight 1) | integrated_villages:quark/minka_village (weight 1) | integrated_villages:marketstead_village (weight 1) | integrated_villages:clockwork_village (weight 1) | integrated_villages:sunken_village (weight 1),33,byg:is_floral | c:badlands | c:deep_ocean | c:desert | c:in_mesa | c:plains | c:savanna | forge:is_badlands | forge:is_desert | forge:is_mesa | forge:is_savanna,True,False
irons_spellbooks:ancient_battleground,minecraft:random_spread,35,12,1111569999,1,,"{""salt"":1111569999,""separation"":12,""spacing"":35,""type"":""minecraft:random_spread""}",irons_spellbooks:ancient_battleground (weight 1),0,,True,False
irons_spellbooks:catacombs,minecraft:random_spread,72,48,1794563212,1,,"{""salt"":1794563212,""separation"":48,""spacing"":72,""type"":""minecraft:random_spread""}",irons_spellbooks:catacombs (weight 1),35,,True,False
irons_spellbooks:citadel,minecraft:random_spread,100,80,199995600,1,,"{""salt"":199995600,""separation"":80,""spacing"":100,""type"":""minecraft:random_spread""}",irons_spellbooks:citadel (weight 1),0,,True,False
irons_spellbooks:evoker_fort,minecraft:random_spread,50,28,684512,1,,"{""salt"":684512,""separation"":28,""spacing"":50,""type"":""minecraft:random_spread""}",irons_spellbooks:evoker_fort (weight 1),29,,True,False
irons_spellbooks:ice_spider_den,minecraft:random_spread,85,50,126346,1,,"{""salt"":126346,""separation"":50,""spacing"":85,""type"":""minecraft:random_spread""}",irons_spellbooks:ice_spider_den (weight 1),5,,True,False
irons_spellbooks:impaled_icebreaker,minecraft:random_spread,75,50,87959402,1,,"{""salt"":87959402,""separation"":50,""spacing"":75,""type"":""minecraft:random_spread""}",irons_spellbooks:impaled_icebreaker (weight 1),3,,True,False
irons_spellbooks:mangrove_hut,minecraft:random_spread,18,11,169476080,1,,"{""salt"":169476080,""separation"":11,""spacing"":18,""type"":""minecraft:random_spread""}",irons_spellbooks:mangrove_hut (weight 1),4,,True,False
irons_spellbooks:mountain_tower,minecraft:random_spread,28,18,194767080,1,,"{""salt"":194767080,""separation"":18,""spacing"":28,""type"":""minecraft:random_spread""}",irons_spellbooks:mountain_tower (weight 1),15,,True,False
irons_spellbooks:pyromancer_tower,minecraft:random_spread,85,50,1512684,1,,"{""salt"":1512684,""separation"":50,""spacing"":85,""type"":""minecraft:random_spread""}",irons_spellbooks:pyromancer_tower (weight 1),33,,True,False
mes:astral_hideaway,moogs_structures:advanced_random_spread,40,18,136568741,1,,"{""min_distance_from_world_origin"":1000,""salt"":136568741,""separation"":18,""spacing"":40,""type"":""moogs_structures:advanced_random_spread""}",mes:astral_hideaway (weight 1),0,c:is_end | c:is_outer_end_island,True,False
mes:astral_meteorite,moogs_structures:advanced_random_spread,27,12,477477412,1,,"{""min_distance_from_world_origin"":1000,""salt"":477477412,""separation"":12,""spacing"":27,""type"":""moogs_structures:advanced_random_spread""}",mes:astral_meteorite (weight 1),0,c:is_end | c:is_outer_end_island,True,False
mes:ender_spire,moogs_structures:advanced_random_spread,46,38,132545875,1,,"{""min_distance_from_world_origin"":1000,""salt"":132545875,""separation"":38,""spacing"":46,""type"":""moogs_structures:advanced_random_spread""}",mes:ender_spire (weight 1),0,c:is_end | c:is_outer_end_island,True,False
mes:enderbloom_grove,moogs_structures:advanced_random_spread,36,12,965235487,1,,"{""min_distance_from_world_origin"":1000,""salt"":965235487,""separation"":12,""spacing"":36,""type"":""moogs_structures:advanced_random_spread""}",mes:enderbloom_grove (weight 1),0,c:is_end | c:is_outer_end_island,True,False
mes:enderkeep_courtyard,moogs_structures:advanced_random_spread,44,25,363654741,1,,"{""min_distance_from_world_origin"":1000,""salt"":363654741,""separation"":25,""spacing"":44,""type"":""moogs_structures:advanced_random_spread""}",mes:enderkeep_courtyard (weight 1),0,c:is_end | c:is_outer_end_island,True,False
mes:enderpin_spikes,moogs_structures:advanced_random_spread,31,8,133287874,1,,"{""min_distance_from_world_origin"":1000,""salt"":133287874,""separation"":8,""spacing"":31,""type"":""moogs_structures:advanced_random_spread""}",mes:enderpin_spikes (weight 1),0,c:is_end | c:is_outer_end_island,True,False
mes:enderskog,moogs_structures:advanced_random_spread,52,22,525248754,1,,"{""min_distance_from_world_origin"":1000,""salt"":525248754,""separation"":22,""spacing"":52,""type"":""moogs_structures:advanced_random_spread""}",mes:enderskog (weight 1),0,c:is_end | c:is_outer_end_island,True,False
mes:enderwatch_tower,moogs_structures:advanced_random_spread,42,12,336251487,1,,"{""min_distance_from_world_origin"":1000,""salt"":336251487,""separation"":12,""spacing"":42,""type"":""moogs_structures:advanced_random_spread""}",mes:enderwatch_tower (weight 1),0,c:is_end | c:is_outer_end_island,True,False
mes:endscraps,moogs_structures:advanced_random_spread,37,7,132487569,1,,"{""min_distance_from_world_origin"":1000,""salt"":132487569,""separation"":7,""spacing"":37,""type"":""moogs_structures:advanced_random_spread""}",mes:endscraps (weight 1),0,c:is_end | c:is_outer_end_island,True,False
mes:manuscript_shrine,moogs_structures:advanced_random_spread,41,27,369858747,1,,"{""min_distance_from_world_origin"":1000,""salt"":369858747,""separation"":27,""spacing"":41,""type"":""moogs_structures:advanced_random_spread""}",mes:manuscript_shrine (weight 1),0,c:is_end | c:is_outer_end_island,True,False
mes:mega_ship,moogs_structures:advanced_random_spread,77,15,151031809,1,,"{""min_distance_from_world_origin"":1000,""salt"":151031809,""separation"":15,""spacing"":77,""type"":""moogs_structures:advanced_random_spread""}",mes:mega_ship (weight 1),0,c:is_end | c:is_outer_end_island,True,False
mes:mega_ship_basic,moogs_structures:advanced_random_spread,80,60,665221487,1,,"{""min_distance_from_world_origin"":1000,""salt"":665221487,""separation"":60,""spacing"":80,""type"":""moogs_structures:advanced_random_spread""}",mes:mega_ship_basic (weight 1),0,c:is_end | c:is_outer_end_island,True,False
mes:mega_ship_crashed,moogs_structures:advanced_random_spread,75,46,555692123,1,,"{""min_distance_from_world_origin"":1000,""salt"":555692123,""separation"":46,""spacing"":75,""type"":""moogs_structures:advanced_random_spread""}",mes:mega_ship_crashed (weight 1),0,c:is_end | c:is_outer_end_island,True,False
mes:mega_ship_crashed_2,moogs_structures:advanced_random_spread,72,48,446958557,1,,"{""min_distance_from_world_origin"":1000,""salt"":446958557,""separation"":48,""spacing"":72,""type"":""moogs_structures:advanced_random_spread""}",mes:mega_ship_crashed_2 (weight 1),0,c:is_end | c:is_outer_end_island,True,False
mes:mega_ship_crashed_deepslate,moogs_structures:advanced_random_spread,79,52,656542184,1,,"{""min_distance_from_world_origin"":1000,""salt"":656542184,""separation"":52,""spacing"":79,""type"":""moogs_structures:advanced_random_spread""}",mes:mega_ship_crashed_deepslate (weight 1),0,c:is_end | c:is_outer_end_island,True,False
mes:mega_ship_deepslate,moogs_structures:advanced_random_spread,88,65,998578754,1,,"{""min_distance_from_world_origin"":1000,""salt"":998578754,""separation"":65,""spacing"":88,""type"":""moogs_structures:advanced_random_spread""}",mes:mega_ship_deepslate (weight 1),0,c:is_end | c:is_outer_end_island,True,False
mes:mega_ship_deepslate_2,moogs_structures:advanced_random_spread,82,46,669842154,1,,"{""min_distance_from_world_origin"":1000,""salt"":669842154,""separation"":46,""spacing"":82,""type"":""moogs_structures:advanced_random_spread""}",mes:mega_ship_deepslate_2 (weight 1),0,c:is_end | c:is_outer_end_island,True,False
mes:mega_ship_deepslate_3,moogs_structures:advanced_random_spread,84,52,664521978,1,,"{""min_distance_from_world_origin"":1000,""salt"":664521978,""separation"":52,""spacing"":84,""type"":""moogs_structures:advanced_random_spread""}",mes:mega_ship_deepslate_3 (weight 1),0,c:is_end | c:is_outer_end_island,True,False
mes:monolith,moogs_structures:advanced_random_spread,36,21,665665241,1,,"{""min_distance_from_world_origin"":1000,""salt"":665665241,""separation"":21,""spacing"":36,""type"":""moogs_structures:advanced_random_spread""}",mes:monolith (weight 1),0,c:is_end | c:is_outer_end_island,True,False
mes:mystical_archway,moogs_structures:advanced_random_spread,44,32,132652584,1,,"{""min_distance_from_world_origin"":1000,""salt"":132652584,""separation"":32,""spacing"":44,""type"":""moogs_structures:advanced_random_spread""}",mes:mystical_archway (weight 1),0,c:is_end | c:is_outer_end_island,True,False
mes:mythic_garden,moogs_structures:advanced_random_spread,38,27,985747587,1,,"{""min_distance_from_world_origin"":1000,""salt"":985747587,""separation"":27,""spacing"":38,""type"":""moogs_structures:advanced_random_spread""}",mes:mythic_garden (weight 1),0,c:is_end | c:is_outer_end_island,True,False
mes:phantom_citadel,moogs_structures:advanced_random_spread,31,14,132545874,1,,"{""min_distance_from_world_origin"":1000,""salt"":132545874,""separation"":14,""spacing"":31,""type"":""moogs_structures:advanced_random_spread""}",mes:phantom_citadel (weight 1),0,c:is_end | c:is_outer_end_island,True,False
mes:placid_prairie,moogs_structures:advanced_random_spread,32,22,985412145,1,,"{""min_distance_from_world_origin"":1000,""salt"":985412145,""separation"":22,""spacing"":32,""type"":""moogs_structures:advanced_random_spread""}",mes:placid_prairie (weight 1),0,c:is_end | c:is_outer_end_island,True,False
mes:ruined_pillar,moogs_structures:advanced_random_spread,12,7,322652548,1,,"{""min_distance_from_world_origin"":1000,""salt"":322652548,""separation"":7,""spacing"":12,""type"":""moogs_structures:advanced_random_spread""}",mes:ruined_pillar (weight 1),0,c:is_end | c:is_outer_end_island,True,False
mes:starlight_voyager,moogs_structures:advanced_random_spread,32,17,987874585,1,,"{""min_distance_from_world_origin"":1000,""salt"":987874585,""separation"":17,""spacing"":32,""type"":""moogs_structures:advanced_random_spread""}",mes:starlight_voyager (weight 1),0,c:is_end | c:is_outer_end_island,True,False
minecraft:nether_complexes,minecraft:random_spread,16,8,30084232,1,,"{""exclusion_zone"":{""chunk_count"":8,""other_set"":""incendium:greater_structures""},""salt"":30084232,""separation"":8,""spacing"":16,""type"":""minecraft:random_spread""}",minecraft:fortress (weight 2) | minecraft:bastion_remnant (weight 3),0,,False,False
minecraft:villages,minecraft:random_spread,34,8,10387312,1,,"{""salt"":10387312,""separation"":8,""spacing"":34,""type"":""minecraft:random_spread""}",minecraft:village_plains (weight 1) | natures_spirit:village_cypress (weight 1) | natures_spirit:village_wisteria (weight 1) | natures_spirit:village_adobe (weight 1) | natures_spirit:village_coconut (weight 1) | minecraft:village_desert (weight 1) | minecraft:village_savanna (weight 1) | minecraft:village_snowy (weight 1) | minecraft:village_taiga (weight 1); code adds 63 CTOV entries,34,,False,False
minecraft:woodland_mansions,minecraft:random_spread,80,20,10387319,1,,"{""salt"":10387319,""separation"":20,""spacing"":80,""spread_type"":""triangular"",""type"":""minecraft:random_spread""}",minecraft:mansion (weight 1) | nova_structures:illager_manor (weight 1),3,c:dead | forge:is_dead | forge:is_spooky,False,False
mns:bridge_1,moogs_structures:advanced_random_spread,90,70,474578,1,,"{""salt"":474578,""separation"":70,""spacing"":90,""type"":""moogs_structures:advanced_random_spread""}",mns:bridge_1 (weight 1),0,,True,False
mns:bridge_2,moogs_structures:advanced_random_spread,90,70,69474578,1,,"{""salt"":69474578,""separation"":70,""spacing"":90,""type"":""moogs_structures:advanced_random_spread""}",mns:bridge_2 (weight 1),0,,True,False
mns:bridge_3,moogs_structures:advanced_random_spread,90,70,9474578,1,,"{""salt"":9474578,""separation"":70,""spacing"":90,""type"":""moogs_structures:advanced_random_spread""}",mns:bridge_3 (weight 1),0,,True,False
mns:bridge_4,moogs_structures:advanced_random_spread,90,70,474578,1,,"{""salt"":474578,""separation"":70,""spacing"":90,""type"":""moogs_structures:advanced_random_spread""}",mns:bridge_4 (weight 1),0,,True,False
mns:bridge_5,moogs_structures:advanced_random_spread,90,70,3484578,1,,"{""salt"":3484578,""separation"":70,""spacing"":90,""type"":""moogs_structures:advanced_random_spread""}",mns:bridge_5 (weight 1),0,,True,False
mns:bridge_6,moogs_structures:advanced_random_spread,90,70,84578,1,,"{""salt"":84578,""separation"":70,""spacing"":90,""type"":""moogs_structures:advanced_random_spread""}",mns:bridge_6 (weight 1),0,,True,False
mns:circle_blackstone,moogs_structures:advanced_random_spread,22,15,198947364,1,,"{""salt"":198947364,""separation"":15,""spacing"":22,""type"":""moogs_structures:advanced_random_spread""}",mns:circle_blackstone (weight 1),0,,True,False
mns:circle_nether_brick,moogs_structures:advanced_random_spread,23,11,190467578,1,,"{""salt"":190467578,""separation"":11,""spacing"":23,""type"":""moogs_structures:advanced_random_spread""}",mns:circle_nether_brick (weight 1),0,,True,False
mns:copper_tower,moogs_structures:advanced_random_spread,72,37,887221321,1,,"{""salt"":887221321,""separation"":37,""spacing"":72,""type"":""moogs_structures:advanced_random_spread""}",mns:copper_tower (weight 1),0,,True,False
mns:crimson_forge,moogs_structures:advanced_random_spread,24,19,190377,1,,"{""salt"":190377,""separation"":19,""spacing"":24,""type"":""moogs_structures:advanced_random_spread""}",mns:crimson_forge (weight 1),0,,True,False
mns:crimson_lava_well,moogs_structures:advanced_random_spread,24,19,38377,1,,"{""salt"":38377,""separation"":19,""spacing"":24,""type"":""moogs_structures:advanced_random_spread""}",mns:crimson_lava_well (weight 1),0,,True,False
mns:giant_skull,moogs_structures:advanced_random_spread,54,46,577483987,1,,"{""salt"":577483987,""separation"":46,""spacing"":54,""type"":""moogs_structures:advanced_random_spread""}",mns:giant_skull (weight 1),0,,True,False
mns:grave_yard,moogs_structures:advanced_random_spread,36,22,199836475,1,,"{""salt"":199836475,""separation"":22,""spacing"":36,""type"":""moogs_structures:advanced_random_spread""}",mns:grave_yard (weight 1),0,,True,False
mns:large_blackstone_pillars,moogs_structures:advanced_random_spread,27,18,199283744,1,,"{""salt"":199283744,""separation"":18,""spacing"":27,""type"":""moogs_structures:advanced_random_spread""}",mns:large_blackstone_pillars (weight 1),0,,True,False
mns:large_blackstone_walls,moogs_structures:advanced_random_spread,29,11,122364734,1,,"{""salt"":122364734,""separation"":11,""spacing"":29,""type"":""moogs_structures:advanced_random_spread""}",mns:large_blackstone_walls (weight 1),0,,True,False
mns:large_house_1,moogs_structures:advanced_random_spread,42,38,594752,1,,"{""salt"":594752,""separation"":38,""spacing"":42,""type"":""moogs_structures:advanced_random_spread""}",mns:large_house_1 (weight 1),0,,True,False
mns:large_nether_brick,moogs_structures:advanced_random_spread,32,16,109987424,1,,"{""salt"":109987424,""separation"":16,""spacing"":32,""type"":""moogs_structures:advanced_random_spread""}",mns:large_nether_brick (weight 1),0,,True,False
mns:lava_pool,moogs_structures:advanced_random_spread,41,26,119283375,1,,"{""salt"":119283375,""separation"":26,""spacing"":41,""type"":""moogs_structures:advanced_random_spread""}",mns:lava_pool (weight 1),0,,True,False
mns:leafy_rubble,moogs_structures:advanced_random_spread,22,15,885574632,1,,"{""salt"":885574632,""separation"":15,""spacing"":22,""type"":""moogs_structures:advanced_random_spread""}",mns:leafy_rubble (weight 1),0,,True,False
mns:medium_blackstone,moogs_structures:advanced_random_spread,23,18,122294474,1,,"{""salt"":122294474,""separation"":18,""spacing"":23,""type"":""moogs_structures:advanced_random_spread""}",mns:medium_blackstone (weight 1),0,,True,False
mns:medium_crimson_fungus,moogs_structures:advanced_random_spread,24,19,190004377,1,,"{""salt"":190004377,""separation"":19,""spacing"":24,""type"":""moogs_structures:advanced_random_spread""}",mns:medium_crimson_fungus (weight 1) | mns:medium_crimson_fungus_2 (weight 1),0,,True,False
mns:medium_crimson_well,moogs_structures:advanced_random_spread,22,12,111008274,1,,"{""salt"":111008274,""separation"":12,""spacing"":22,""type"":""moogs_structures:advanced_random_spread""}",mns:medium_crimson_well (weight 1),0,,True,False
mns:medium_house,moogs_structures:advanced_random_spread,43,34,100922847,1,,"{""salt"":100922847,""separation"":34,""spacing"":43,""type"":""moogs_structures:advanced_random_spread""}",mns:medium_house (weight 1),0,,True,False
mns:medium_house_2,moogs_structures:advanced_random_spread,44,36,100922847,1,,"{""salt"":100922847,""separation"":36,""spacing"":44,""type"":""moogs_structures:advanced_random_spread""}",mns:medium_house_2 (weight 1),0,,True,False
mns:medium_warped_fungus,moogs_structures:advanced_random_spread,28,13,144877834,1,,"{""salt"":144877834,""separation"":13,""spacing"":28,""type"":""moogs_structures:advanced_random_spread""}",mns:medium_warped_fungus (weight 1) | mns:medium_warped_fungus_2 (weight 1),0,,True,False
mns:medium_warped_well,moogs_structures:advanced_random_spread,24,14,100075437,1,,"{""salt"":100075437,""separation"":14,""spacing"":24,""type"":""moogs_structures:advanced_random_spread""}",mns:medium_warped_well (weight 1),0,,True,False
mns:mega_arenas,moogs_structures:advanced_random_spread,150,100,472859103,1,,"{""salt"":472859103,""separation"":100,""spacing"":150,""type"":""moogs_structures:advanced_random_spread""}",mns:small_arena (weight 5) | mns:large_arena (weight 3) | mns:dragon_arena (weight 1),0,,True,False
mns:mega_fortress,moogs_structures:advanced_random_spread,116,76,384729103,1,,"{""salt"":384729103,""separation"":76,""spacing"":116,""type"":""moogs_structures:advanced_random_spread"",""when_replacing"":{""modid"":""mns"",""separation"":12,""spacing"":30,""vanilla_key"":""fortress""}}",mns:mega_fortress (weight 1),0,,True,False
mns:nether_tower,moogs_structures:advanced_random_spread,115,56,19046,1,,"{""salt"":19046,""separation"":56,""spacing"":115,""type"":""moogs_structures:advanced_random_spread""}",mns:nether_tower (weight 1),0,,True,False
mns:nether_wart_farm,moogs_structures:advanced_random_spread,85,25,467578,1,,"{""salt"":467578,""separation"":25,""spacing"":85,""type"":""moogs_structures:advanced_random_spread""}",mns:nether_wart_farm (weight 1),0,,True,False
mns:ruined_portal,moogs_structures:advanced_random_spread,30,28,786839485,1,,"{""salt"":786839485,""separation"":28,""spacing"":30,""type"":""moogs_structures:advanced_random_spread""}",mns:ruined_portal (weight 1),0,,True,False
mns:sandy_skull,moogs_structures:advanced_random_spread,40,36,989766565,1,,"{""salt"":989766565,""separation"":36,""spacing"":40,""type"":""moogs_structures:advanced_random_spread""}",mns:sandy_skull (weight 1),0,,True,False
mns:shrine,moogs_structures:advanced_random_spread,24,17,776654657,1,,"{""salt"":776654657,""separation"":17,""spacing"":24,""type"":""moogs_structures:advanced_random_spread""}",mns:shrine (weight 1) | mns:smoking_shrine (weight 1),0,,True,False
mns:small_nether_brick,moogs_structures:advanced_random_spread,24,20,100937846,1,,"{""salt"":100937846,""separation"":20,""spacing"":24,""type"":""moogs_structures:advanced_random_spread""}",mns:small_nether_brick (weight 1),0,,True,False
mns:soul_fire,moogs_structures:advanced_random_spread,25,16,987567029,1,,"{""salt"":987567029,""separation"":16,""spacing"":25,""type"":""moogs_structures:advanced_random_spread""}",mns:soul_fire (weight 1),0,,True,False
mns:sword,moogs_structures:advanced_random_spread,45,42,753090923,1,,"{""salt"":753090923,""separation"":42,""spacing"":45,""type"":""moogs_structures:advanced_random_spread""}",mns:sword (weight 1),0,,True,False
mns:train,moogs_structures:advanced_random_spread,65,50,111029383,1,,"{""salt"":111029383,""separation"":50,""spacing"":65,""type"":""moogs_structures:advanced_random_spread""}",mns:train (weight 1),0,,True,False
mns:very_small_blackstone,moogs_structures:advanced_random_spread,23,12,147756238,1,,"{""salt"":147756238,""separation"":12,""spacing"":23,""type"":""moogs_structures:advanced_random_spread""}",mns:very_small_blackstone (weight 1) | mns:very_small_blackstone_2 (weight 1) | mns:very_small_blackstone_3 (weight 1) | mns:very_small_blackstone_4 (weight 1),0,,True,False
mns:very_small_nether_brick,moogs_structures:advanced_random_spread,22,12,100978764,1,,"{""salt"":100978764,""separation"":12,""spacing"":22,""type"":""moogs_structures:advanced_random_spread""}",mns:very_small_nether_brick (weight 1) | mns:very_small_nether_brick_2 (weight 1) | mns:very_small_nether_brick_3 (weight 1),0,,True,False
mns:warped_dome,moogs_structures:advanced_random_spread,42,38,839484752,1,,"{""salt"":839484752,""separation"":38,""spacing"":42,""type"":""moogs_structures:advanced_random_spread""}",mns:warped_dome (weight 1),0,,True,False
mns:warped_house,moogs_structures:advanced_random_spread,42,38,87564752,1,,"{""salt"":87564752,""separation"":38,""spacing"":42,""type"":""moogs_structures:advanced_random_spread""}",mns:warped_house (weight 1),0,,True,False
mns:warped_pool,moogs_structures:advanced_random_spread,33,21,109984673,1,,"{""salt"":109984673,""separation"":21,""spacing"":33,""type"":""moogs_structures:advanced_random_spread""}",mns:warped_pool (weight 1),0,,True,False
mowziesmobs:frostmaw_spawns,minecraft:random_spread,18,6,23317578,1,,"{""exclusion_zone"":{""chunk_count"":7,""other_set"":""minecraft:villages""},""salt"":23317578,""separation"":6,""spacing"":18,""spread_type"":""triangular"",""type"":""minecraft:random_spread""}",mowziesmobs:frostmaw_spawn (weight 1),40,,True,False
mowziesmobs:monasteries,minecraft:random_spread,18,6,37312139,1,,"{""exclusion_zone"":{""chunk_count"":10,""other_set"":""minecraft:pillager_outposts""},""salt"":37312139,""separation"":6,""spacing"":18,""spread_type"":""triangular"",""type"":""minecraft:random_spread""}",mowziesmobs:monastery (weight 1),40,,True,False
mowziesmobs:umvuthana_groves,minecraft:random_spread,18,6,23311138,1,,"{""exclusion_zone"":{""chunk_count"":7,""other_set"":""minecraft:villages""},""salt"":23311138,""separation"":6,""spacing"":18,""spread_type"":""triangular"",""type"":""minecraft:random_spread""}",mowziesmobs:umvuthana_grove (weight 1),40,,True,False
mowziesmobs:wrought_chambers,minecraft:random_spread,15,5,23217347,1,,"{""salt"":23217347,""separation"":5,""spacing"":15,""spread_type"":""triangular"",""type"":""minecraft:random_spread""}",mowziesmobs:wrought_chamber (weight 1),40,,True,False
mss:arena,moogs_structures:advanced_random_spread,158,92,982034754,1,3.0,"{""min_distance_from_world_origin"":1000,""salt"":982034754,""separation"":92,""spacing"":158,""type"":""moogs_structures:advanced_random_spread""}",mss:arena (weight 1),40,biomesoplenty:is_savanna,True,False
mss:birch_river,moogs_structures:advanced_random_spread,96,34,33165454,1,3.0,"{""min_distance_from_world_origin"":250,""salt"":33165454,""separation"":34,""spacing"":96,""type"":""moogs_structures:advanced_random_spread""}",mss:birch_river (weight 1),11,,True,False
mss:calcite_house,moogs_structures:advanced_random_spread,68,27,898754145,0.6,3.0,"{""frequency"":0.6,""min_distance_from_world_origin"":250,""salt"":898754145,""separation"":27,""spacing"":68,""type"":""moogs_structures:advanced_random_spread""}",mss:calcite_house (weight 1),40,biomesoplenty:is_savanna,True,False
mss:castle_ruin,moogs_structures:advanced_random_spread,107,56,213548795,0.6,3.0,"{""frequency"":0.6,""min_distance_from_world_origin"":250,""salt"":213548795,""separation"":56,""spacing"":107,""type"":""moogs_structures:advanced_random_spread""}",mss:castle_ruin (weight 1),40,biomesoplenty:is_savanna,True,False
mss:castle_tower,moogs_structures:advanced_random_spread,114,52,333265012,0.6,3.0,"{""frequency"":0.6,""min_distance_from_world_origin"":250,""salt"":333265012,""separation"":52,""spacing"":114,""type"":""moogs_structures:advanced_random_spread""}",mss:castle_tower (weight 1),40,biomesoplenty:is_savanna,True,False
mss:cherry_river,moogs_structures:advanced_random_spread,53,17,969875642,1,3.0,"{""min_distance_from_world_origin"":250,""salt"":969875642,""separation"":17,""spacing"":53,""type"":""moogs_structures:advanced_random_spread""}",mss:cherry_river (weight 1),2,,True,False
mss:desert_pyramid,moogs_structures:advanced_random_spread,80,42,669695487,1,3.0,"{""min_distance_from_world_origin"":250,""salt"":669695487,""separation"":42,""spacing"":80,""type"":""moogs_structures:advanced_random_spread""}",mss:desert_pyramid (weight 1),0,,True,False
mss:desert_well,moogs_structures:advanced_random_spread,66,15,336251454,1,3.0,"{""min_distance_from_world_origin"":250,""salt"":336251454,""separation"":15,""spacing"":66,""type"":""moogs_structures:advanced_random_spread""}",mss:desert_well (weight 1),0,,True,False
mss:diorite_house,moogs_structures:advanced_random_spread,156,97,555222325,1,3.0,"{""min_distance_from_world_origin"":250,""salt"":555222325,""separation"":97,""spacing"":156,""type"":""moogs_structures:advanced_random_spread""}",mss:diorite_house (weight 1),40,biomesoplenty:is_savanna,True,False
mss:frozen_pond,moogs_structures:advanced_random_spread,94,31,336255419,1,3.0,"{""min_distance_from_world_origin"":250,""salt"":336255419,""separation"":31,""spacing"":94,""type"":""moogs_structures:advanced_random_spread""}",mss:frozen_pond (weight 1),8,,True,False
mss:jungle,moogs_structures:advanced_random_spread,72,36,1074494077,1,3.0,"{""min_distance_from_world_origin"":250,""salt"":1074494077,""separation"":36,""spacing"":72,""type"":""moogs_structures:advanced_random_spread""}",mss:jungle (weight 1),3,,True,False
mss:large_tower,moogs_structures:advanced_random_spread,140,96,996503632,1,3.0,"{""min_distance_from_world_origin"":250,""salt"":996503632,""separation"":96,""spacing"":140,""type"":""moogs_structures:advanced_random_spread""}",mss:large_tower (weight 1),40,biomesoplenty:is_savanna,True,False
mss:leaf_hollow,moogs_structures:advanced_random_spread,104,62,889896532,0.6,3.0,"{""frequency"":0.6,""min_distance_from_world_origin"":250,""salt"":889896532,""separation"":62,""spacing"":104,""type"":""moogs_structures:advanced_random_spread""}",mss:leaf_hollow (weight 1),40,biomesoplenty:is_savanna,True,False
mss:mangrove,moogs_structures:advanced_random_spread,68,32,111136452,1,3.0,"{""min_distance_from_world_origin"":250,""salt"":111136452,""separation"":32,""spacing"":68,""type"":""moogs_structures:advanced_random_spread""}",mss:mangrove (weight 1),2,,True,False
mss:muddy_water_hole,moogs_structures:advanced_random_spread,132,72,995843475,1,3.0,"{""min_distance_from_world_origin"":250,""salt"":995843475,""separation"":72,""spacing"":132,""type"":""moogs_structures:advanced_random_spread""}",mss:muddy_water_hole (weight 1),4,,True,False
mss:mushroom,moogs_structures:advanced_random_spread,124,48,1070384379,1,3.0,"{""min_distance_from_world_origin"":250,""salt"":1070384379,""separation"":48,""spacing"":124,""type"":""moogs_structures:advanced_random_spread""}",mss:mushroom (weight 1),0,,True,False
mss:nether_portal,moogs_structures:advanced_random_spread,99,52,889985412,0.6,3.0,"{""frequency"":0.6,""min_distance_from_world_origin"":250,""salt"":889985412,""separation"":52,""spacing"":99,""type"":""moogs_structures:advanced_random_spread""}",mss:nether_portal (weight 1),40,biomesoplenty:is_savanna,True,False
mss:palm_island,moogs_structures:advanced_random_spread,102,46,998651362,1,3.0,"{""min_distance_from_world_origin"":250,""salt"":998651362,""separation"":46,""spacing"":102,""type"":""moogs_structures:advanced_random_spread""}",mss:palm_island (weight 1),3,,True,False
mss:red_sand,moogs_structures:advanced_random_spread,142,72,887444382,1,3.0,"{""min_distance_from_world_origin"":250,""salt"":887444382,""separation"":72,""spacing"":142,""type"":""moogs_structures:advanced_random_spread""}",mss:red_sand (weight 1),0,c:is_badlands,True,False
mss:small_deepslate_house,moogs_structures:advanced_random_spread,124,36,976656987,1,3.0,"{""min_distance_from_world_origin"":250,""salt"":976656987,""separation"":36,""spacing"":124,""type"":""moogs_structures:advanced_random_spread""}",mss:small_deepslate_house (weight 1),40,biomesoplenty:is_savanna,True,False
mss:small_oak_house,moogs_structures:advanced_random_spread,105,35,226898754,0.6,3.0,"{""frequency"":0.6,""min_distance_from_world_origin"":250,""salt"":226898754,""separation"":35,""spacing"":105,""type"":""moogs_structures:advanced_random_spread""}",mss:small_oak_house (weight 1),40,biomesoplenty:is_savanna,True,False
mss:small_pond,moogs_structures:advanced_random_spread,92,18,889574325,0.6,3.0,"{""frequency"":0.6,""min_distance_from_world_origin"":250,""salt"":889574325,""separation"":18,""spacing"":92,""type"":""moogs_structures:advanced_random_spread""}",mss:small_pond (weight 1),40,biomesoplenty:is_savanna,True,False
mss:small_tower,moogs_structures:advanced_random_spread,108,46,266989875,0.6,3.0,"{""frequency"":0.6,""min_distance_from_world_origin"":250,""salt"":266989875,""separation"":46,""spacing"":108,""type"":""moogs_structures:advanced_random_spread""}",mss:small_tower (weight 1),40,biomesoplenty:is_savanna,True,False
mss:spruce_huts,moogs_structures:advanced_random_spread,134,48,225114645,1,3.0,"{""min_distance_from_world_origin"":250,""salt"":225114645,""separation"":48,""spacing"":134,""type"":""moogs_structures:advanced_random_spread""}",mss:spruce_huts (weight 1),21,,True,False
mss:taiga,moogs_structures:advanced_random_spread,95,42,336556874,1,3.0,"{""min_distance_from_world_origin"":250,""salt"":336556874,""separation"":42,""spacing"":95,""type"":""moogs_structures:advanced_random_spread""}",mss:taiga (weight 1),21,,True,False
mss:trees,moogs_structures:advanced_random_spread,58,29,731846205,0.6,3.0,"{""frequency"":0.6,""min_distance_from_world_origin"":250,""salt"":731846205,""separation"":29,""spacing"":58,""type"":""moogs_structures:advanced_random_spread""}",mss:tree_1 (weight 1) | mss:tree_2 (weight 1) | mss:tree_3 (weight 1) | mss:tree_4 (weight 1) | mss:tree_5 (weight 1) | mss:tree_6 (weight 1) | mss:tree_7 (weight 1) | mss:tree_8 (weight 1),40,biomesoplenty:is_savanna,True,False
mss:volcano,moogs_structures:advanced_random_spread,158,78,689865874,1,3.0,"{""min_distance_from_world_origin"":250,""salt"":689865874,""separation"":78,""spacing"":158,""type"":""moogs_structures:advanced_random_spread""}",mss:volcano (weight 1),40,biomesoplenty:is_savanna,True,False
mss:white_house,moogs_structures:advanced_random_spread,145,92,665411587,1,3.0,"{""min_distance_from_world_origin"":250,""salt"":665411587,""separation"":92,""spacing"":145,""type"":""moogs_structures:advanced_random_spread""}",mss:white_house (weight 1),40,biomesoplenty:is_savanna,True,False
mtr:badlands_temple,moogs_structures:advanced_random_spread,32,8,8859687364,1,2.0,"{""salt"":8859687364,""separation"":8,""spacing"":32,""type"":""moogs_structures:advanced_random_spread""}",mtr:badlands_temple (weight 1),0,c:is_badlands,False,False
mtr:desert_temple,moogs_structures:advanced_random_spread,36,8,225874987,0.8,2.0,"{""frequency"":0.8,""salt"":225874987,""separation"":8,""spacing"":36,""type"":""moogs_structures:advanced_random_spread""}",mtr:desert_temple (weight 1),0,,False,False
mtr:jungle_temple,moogs_structures:advanced_random_spread,31,12,154471789,0.6,2.0,"{""frequency"":0.6,""salt"":154471789,""separation"":12,""spacing"":31,""type"":""moogs_structures:advanced_random_spread""}",mtr:jungle_temple (weight 1),3,,False,False
mtr:nether_temple,moogs_structures:advanced_random_spread,150,40,887364097,1,,"{""salt"":887364097,""separation"":40,""spacing"":150,""type"":""moogs_structures:advanced_random_spread""}",mtr:nether_temple (weight 1),0,c:is_nether,False,False
mtr:ocean_temple,moogs_structures:advanced_random_spread,12,4,231230495,0.5,,"{""frequency"":0.5,""salt"":231230495,""separation"":4,""spacing"":12,""type"":""moogs_structures:advanced_random_spread""}",mtr:ocean_temple (weight 1),3,,False,False
mtr:stronghold,moogs_structures:conditional_concentric_rings,,,170159968,1,,"{""disabled_count"":26,""distance"":42,""enabled_count"":128,""modid"":""mtr"",""preferred_biomes"":""#minecraft:stronghold_biased_to"",""salt"":170159968,""spread"":3,""structure_id"":""mtr:stronghold"",""type"":""moogs_structures:conditional_concentric_rings"",""vanilla_key"":""stronghold""}",mtr:stronghold (weight 1),29,biomesoplenty:is_savanna,False,False
mvs:acacia_log_pile,moogs_structures:advanced_random_spread,26,16,503002547,1,,"{""min_distance_from_world_origin"":150,""salt"":503002547,""separation"":16,""spacing"":26,""type"":""moogs_structures:advanced_random_spread""}",mvs:acacia_log_pile (weight 1),0,,True,False
mvs:acacia_tree,moogs_structures:advanced_random_spread,18,13,433547658,1,,"{""min_distance_from_world_origin"":150,""salt"":433547658,""separation"":13,""spacing"":18,""type"":""moogs_structures:advanced_random_spread""}",mvs:acacia_tree (weight 1),0,,True,False
mvs:azelea_house,moogs_structures:advanced_random_spread,35,31,433252558,1,3.0,"{""min_distance_from_world_origin"":150,""salt"":433252558,""separation"":31,""spacing"":35,""type"":""moogs_structures:advanced_random_spread""}",mvs:azelea_house (weight 1),40,,True,False
mvs:barn,moogs_structures:advanced_random_spread,31,26,766544243,1,3.0,"{""min_distance_from_world_origin"":150,""salt"":766544243,""separation"":26,""spacing"":31,""type"":""moogs_structures:advanced_random_spread""}",mvs:barn (weight 1),40,,True,False
mvs:beach_bar,moogs_structures:advanced_random_spread,48,20,435440687,1,2.5,"{""min_distance_from_world_origin"":150,""salt"":435440687,""separation"":20,""spacing"":48,""type"":""moogs_structures:advanced_random_spread""}",mvs:beach_bar (weight 1),1,,True,False
mvs:bee_dome,moogs_structures:advanced_random_spread,34,12,749523165,1,2.5,"{""min_distance_from_world_origin"":150,""salt"":749523165,""separation"":12,""spacing"":34,""type"":""moogs_structures:advanced_random_spread""}",mvs:bee_dome (weight 1),4,,True,False
mvs:bench,moogs_structures:advanced_random_spread,18,14,192844750,1,2.5,"{""min_distance_from_world_origin"":150,""salt"":192844750,""separation"":14,""spacing"":18,""type"":""moogs_structures:advanced_random_spread""}",mvs:bench (weight 1),40,,True,False
mvs:big_oak_tree,moogs_structures:advanced_random_spread,39,26,269965421,1,,"{""min_distance_from_world_origin"":150,""salt"":269965421,""separation"":26,""spacing"":39,""type"":""moogs_structures:advanced_random_spread""}",mvs:big_oak_tree (weight 1),10,,True,False
mvs:birch_log_pile,moogs_structures:advanced_random_spread,26,16,464423251,1,,"{""min_distance_from_world_origin"":150,""salt"":464423251,""separation"":16,""spacing"":26,""type"":""moogs_structures:advanced_random_spread""}",mvs:birch_log_pile (weight 1),4,,True,False
mvs:birch_tree,moogs_structures:advanced_random_spread,18,13,198277385,1,,"{""min_distance_from_world_origin"":150,""salt"":198277385,""separation"":13,""spacing"":18,""type"":""moogs_structures:advanced_random_spread""}",mvs:birch_tree (weight 1),4,,True,False
mvs:boulder,moogs_structures:advanced_random_spread,35,12,269542374,1,,"{""min_distance_from_world_origin"":150,""salt"":269542374,""separation"":12,""spacing"":35,""type"":""moogs_structures:advanced_random_spread""}",mvs:boulder (weight 1),10,,True,False
mvs:campsite,moogs_structures:advanced_random_spread,37,30,818985846,1,2.5,"{""min_distance_from_world_origin"":150,""salt"":818985846,""separation"":30,""spacing"":37,""type"":""moogs_structures:advanced_random_spread""}",mvs:campsite (weight 1),40,,True,False
mvs:cart,moogs_structures:advanced_random_spread,34,26,203698201,1,2.5,"{""min_distance_from_world_origin"":150,""salt"":203698201,""separation"":26,""spacing"":34,""type"":""moogs_structures:advanced_random_spread""}",mvs:cart (weight 1),40,,True,False
mvs:cartographer_tower,moogs_structures:advanced_random_spread,83,46,333685433,1,3.0,"{""min_distance_from_world_origin"":150,""salt"":333685433,""separation"":46,""spacing"":83,""type"":""moogs_structures:advanced_random_spread""}",mvs:cartographer_tower (weight 1),40,,True,False
mvs:castle_ruins,moogs_structures:advanced_random_spread,45,30,547485265,1,3.0,"{""min_distance_from_world_origin"":150,""salt"":547485265,""separation"":30,""spacing"":45,""type"":""moogs_structures:advanced_random_spread""}",mvs:castle_ruins (weight 1),40,,True,False
mvs:cathedral,moogs_structures:advanced_random_spread,105,98,303685798,1,3.0,"{""min_distance_from_world_origin"":1000,""salt"":303685798,""separation"":98,""spacing"":105,""type"":""moogs_structures:advanced_random_spread""}",mvs:cathedral (weight 1),40,,True,False
mvs:cherry_tree,moogs_structures:advanced_random_spread,18,13,287449098,1,,"{""min_distance_from_world_origin"":150,""salt"":287449098,""separation"":13,""spacing"":18,""type"":""moogs_structures:advanced_random_spread""}",mvs:cherry_tree (weight 1),2,,True,False
mvs:crimson_enchanting_table,moogs_structures:advanced_random_spread,77,58,836845261,1,,"{""min_distance_from_world_origin"":150,""salt"":836845261,""separation"":58,""spacing"":77,""type"":""moogs_structures:advanced_random_spread""}",mvs:crimson_enchanting_table (weight 1),0,,True,False
mvs:crystal,moogs_structures:advanced_random_spread,112,62,469982354,1,,"{""min_distance_from_world_origin"":800,""salt"":469982354,""separation"":62,""spacing"":112,""type"":""moogs_structures:advanced_random_spread""}",mvs:crystal (weight 1),40,,True,False
mvs:dark_oak_log_pile,moogs_structures:advanced_random_spread,26,16,496565487,1,,"{""min_distance_from_world_origin"":150,""salt"":496565487,""separation"":16,""spacing"":26,""type"":""moogs_structures:advanced_random_spread""}",mvs:dark_oak_log_pile (weight 1),3,,True,False
mvs:dark_oak_tree,moogs_structures:advanced_random_spread,18,13,109878734,1,,"{""min_distance_from_world_origin"":150,""salt"":109878734,""separation"":13,""spacing"":18,""type"":""moogs_structures:advanced_random_spread""}",mvs:dark_oak_tree (weight 1),3,,True,False
mvs:dead_tree_acacia,moogs_structures:advanced_random_spread,28,24,749388475,1,,"{""min_distance_from_world_origin"":150,""salt"":749388475,""separation"":24,""spacing"":28,""type"":""moogs_structures:advanced_random_spread""}",mvs:dead_tree_acacia (weight 1),0,,True,False
mvs:dead_tree_birch,moogs_structures:advanced_random_spread,28,24,100928374,1,,"{""min_distance_from_world_origin"":150,""salt"":100928374,""separation"":24,""spacing"":28,""type"":""moogs_structures:advanced_random_spread""}",mvs:dead_tree_birch (weight 1),4,,True,False
mvs:dead_tree_cherry,moogs_structures:advanced_random_spread,28,24,994872654,1,,"{""min_distance_from_world_origin"":150,""salt"":994872654,""separation"":24,""spacing"":28,""type"":""moogs_structures:advanced_random_spread""}",mvs:dead_tree_cherry (weight 1),2,,True,False
mvs:dead_tree_dark_oak,moogs_structures:advanced_random_spread,28,24,727090884,1,,"{""min_distance_from_world_origin"":150,""salt"":727090884,""separation"":24,""spacing"":28,""type"":""moogs_structures:advanced_random_spread""}",mvs:dead_tree_dark_oak (weight 1),3,,True,False
mvs:dead_tree_jungle,moogs_structures:advanced_random_spread,28,24,399487564,1,,"{""min_distance_from_world_origin"":150,""salt"":399487564,""separation"":24,""spacing"":28,""type"":""moogs_structures:advanced_random_spread""}",mvs:dead_tree_jungle (weight 1),3,,True,False
mvs:dead_tree_mangrove,moogs_structures:advanced_random_spread,28,24,846333749,1,,"{""min_distance_from_world_origin"":150,""salt"":846333749,""separation"":24,""spacing"":28,""type"":""moogs_structures:advanced_random_spread""}",mvs:dead_tree_mangrove (weight 1),2,,True,False
mvs:dead_tree_oak,moogs_structures:advanced_random_spread,28,24,982736454,1,,"{""min_distance_from_world_origin"":150,""salt"":982736454,""separation"":24,""spacing"":28,""type"":""moogs_structures:advanced_random_spread""}",mvs:dead_tree_oak (weight 1),40,,True,False
mvs:dead_tree_spruce,moogs_structures:advanced_random_spread,28,24,111093847,1,,"{""min_distance_from_world_origin"":150,""salt"":111093847,""separation"":24,""spacing"":28,""type"":""moogs_structures:advanced_random_spread""}",mvs:dead_tree_spruce (weight 1),10,,True,False
mvs:deepslate_house,moogs_structures:advanced_random_spread,42,34,769698421,1,2.5,"{""min_distance_from_world_origin"":150,""salt"":769698421,""separation"":34,""spacing"":42,""type"":""moogs_structures:advanced_random_spread""}",mvs:deepslate_house (weight 1),40,,True,False
mvs:desert_house,moogs_structures:advanced_random_spread,48,22,832598745,1,2.5,"{""min_distance_from_world_origin"":150,""salt"":832598745,""separation"":22,""spacing"":48,""type"":""moogs_structures:advanced_random_spread""}",mvs:desert_house (weight 1),0,,True,False
mvs:desert_pump,moogs_structures:advanced_random_spread,32,8,236987451,1,2.5,"{""min_distance_from_world_origin"":150,""salt"":236987451,""separation"":8,""spacing"":32,""type"":""moogs_structures:advanced_random_spread""}",mvs:desert_pump (weight 1),0,,True,False
mvs:diorite_and_deepslate_house,moogs_structures:advanced_random_spread,44,34,472918356,1,2.5,"{""min_distance_from_world_origin"":150,""salt"":472918356,""separation"":34,""spacing"":44,""type"":""moogs_structures:advanced_random_spread""}",mvs:diorite_and_deepslate_house (weight 1),40,,True,False
mvs:diorite_tower,moogs_structures:advanced_random_spread,50,38,583692147,1,3.0,"{""min_distance_from_world_origin"":150,""salt"":583692147,""separation"":38,""spacing"":50,""type"":""moogs_structures:advanced_random_spread""}",mvs:diorite_tower (weight 1),40,,True,False
mvs:duck,moogs_structures:advanced_random_spread,94,46,335587463,1,,"{""min_distance_from_world_origin"":600,""salt"":335587463,""separation"":46,""spacing"":94,""type"":""moogs_structures:advanced_random_spread""}",mvs:duck (weight 1),40,,True,False
mvs:fire_camp,moogs_structures:advanced_random_spread,32,17,533255487,1,2.5,"{""min_distance_from_world_origin"":150,""salt"":533255487,""separation"":17,""spacing"":32,""type"":""moogs_structures:advanced_random_spread""}",mvs:fire_camp (weight 1),40,,True,False
mvs:floating_islands,moogs_structures:advanced_random_spread,76,38,495878745,1,2.5,"{""min_distance_from_world_origin"":400,""salt"":495878745,""separation"":38,""spacing"":76,""type"":""moogs_structures:advanced_random_spread""}",mvs:floating_islands (weight 1),40,,True,False
mvs:flower_hole,moogs_structures:advanced_random_spread,46,28,865741203,1,,"{""min_distance_from_world_origin"":150,""salt"":865741203,""separation"":28,""spacing"":46,""type"":""moogs_structures:advanced_random_spread""}",mvs:flower_hole (weight 1),5,,True,False
mvs:fox_hut,moogs_structures:advanced_random_spread,48,8,614787498,1,2.5,"{""min_distance_from_world_origin"":150,""salt"":614787498,""separation"":8,""spacing"":48,""type"":""moogs_structures:advanced_random_spread""}",mvs:fox_hut (weight 1),10,,True,False
mvs:gallows,moogs_structures:advanced_random_spread,36,28,248956103,1,2.5,"{""min_distance_from_world_origin"":150,""salt"":248956103,""separation"":28,""spacing"":36,""type"":""moogs_structures:advanced_random_spread""}",mvs:gallows (weight 1),40,,True,False
mvs:haystack,moogs_structures:advanced_random_spread,16,7,287746539,1,2.5,"{""min_distance_from_world_origin"":150,""salt"":287746539,""separation"":7,""spacing"":16,""type"":""moogs_structures:advanced_random_spread""}",mvs:haystack (weight 1),40,,True,False
mvs:horse_campsite,moogs_structures:advanced_random_spread,19,17,299909574,1,2.5,"{""min_distance_from_world_origin"":150,""salt"":299909574,""separation"":17,""spacing"":19,""type"":""moogs_structures:advanced_random_spread""}",mvs:horse_campsite (weight 1),40,,True,False
mvs:horse_pen,moogs_structures:advanced_random_spread,38,26,347871256,1,2.5,"{""min_distance_from_world_origin"":150,""salt"":347871256,""separation"":26,""spacing"":38,""type"":""moogs_structures:advanced_random_spread""}",mvs:horse_pen (weight 1),40,,True,False
mvs:house,moogs_structures:advanced_random_spread,38,31,866369854,1,3.0,"{""min_distance_from_world_origin"":150,""salt"":866369854,""separation"":31,""spacing"":38,""type"":""moogs_structures:advanced_random_spread""}",mvs:house (weight 1),40,,True,False
mvs:jungle_log_pile,moogs_structures:advanced_random_spread,26,16,388549865,1,,"{""min_distance_from_world_origin"":150,""salt"":388549865,""separation"":16,""spacing"":26,""type"":""moogs_structures:advanced_random_spread""}",mvs:jungle_log_pile (weight 1),3,,True,False
mvs:jungle_palm_tree,moogs_structures:advanced_random_spread,18,13,687545574,1,,"{""min_distance_from_world_origin"":150,""salt"":687545574,""separation"":13,""spacing"":18,""type"":""moogs_structures:advanced_random_spread""}",mvs:jungle_palm_tree (weight 1),3,,True,False
mvs:jungle_tower,moogs_structures:advanced_random_spread,96,80,533652584,1,3.0,"{""min_distance_from_world_origin"":700,""salt"":533652584,""separation"":80,""spacing"":96,""type"":""moogs_structures:advanced_random_spread""}",mvs:jungle_tower (weight 1),3,,True,False
mvs:jungle_tree,moogs_structures:advanced_random_spread,18,13,987873484,1,,"{""min_distance_from_world_origin"":150,""salt"":987873484,""separation"":13,""spacing"":18,""type"":""moogs_structures:advanced_random_spread""}",mvs:jungle_tree (weight 1),3,,True,False
mvs:lamp_chest,moogs_structures:advanced_random_spread,45,14,643656895,1,2.5,"{""min_distance_from_world_origin"":150,""salt"":643656895,""separation"":14,""spacing"":45,""type"":""moogs_structures:advanced_random_spread""}",mvs:lamp_chest (weight 1),40,,True,False
mvs:large_cart_1,moogs_structures:advanced_random_spread,56,20,214120245,1,2.5,"{""min_distance_from_world_origin"":150,""salt"":214120245,""separation"":20,""spacing"":56,""type"":""moogs_structures:advanced_random_spread""}",mvs:large_cart_1 (weight 1),40,,True,False
mvs:large_cart_2,moogs_structures:advanced_random_spread,56,20,736585741,1,2.5,"{""min_distance_from_world_origin"":150,""salt"":736585741,""separation"":20,""spacing"":56,""type"":""moogs_structures:advanced_random_spread""}",mvs:large_cart_2 (weight 1),40,,True,False
mvs:large_floating_island,moogs_structures:advanced_random_spread,65,49,754754652,1,2.5,"{""min_distance_from_world_origin"":400,""salt"":754754652,""separation"":49,""spacing"":65,""type"":""moogs_structures:advanced_random_spread""}",mvs:large_floating_island (weight 1),40,,True,False
mvs:large_mushroom,moogs_structures:advanced_random_spread,98,36,569543265,1,,"{""min_distance_from_world_origin"":150,""salt"":569543265,""separation"":36,""spacing"":98,""type"":""moogs_structures:advanced_random_spread""}",mvs:large_mushroom (weight 1),0,,True,False
mvs:large_warped_tower,moogs_structures:advanced_random_spread,51,28,446837409,1,,"{""min_distance_from_world_origin"":150,""salt"":446837409,""separation"":28,""spacing"":51,""type"":""moogs_structures:advanced_random_spread""}",mvs:large_warped_tower (weight 1),40,,True,False
mvs:lecturn_garden,moogs_structures:advanced_random_spread,36,16,632365874,1,2.5,"{""min_distance_from_world_origin"":150,""salt"":632365874,""separation"":16,""spacing"":36,""type"":""moogs_structures:advanced_random_spread""}",mvs:lecturn_garden (weight 1),10,,True,False
mvs:lil_house,moogs_structures:advanced_random_spread,34,20,418273905,1,2.5,"{""min_distance_from_world_origin"":150,""salt"":418273905,""separation"":20,""spacing"":34,""type"":""moogs_structures:advanced_random_spread""}",mvs:lil_house (weight 1),40,,True,False
mvs:log_ruin,moogs_structures:advanced_random_spread,55,30,566588121,1,2.5,"{""min_distance_from_world_origin"":150,""salt"":566588121,""separation"":30,""spacing"":55,""type"":""moogs_structures:advanced_random_spread""}",mvs:log_ruin (weight 1),40,,True,False
mvs:medium_bamboo_cart,moogs_structures:advanced_random_spread,12,8,873648576,1,2.5,"{""min_distance_from_world_origin"":150,""salt"":873648576,""separation"":8,""spacing"":12,""type"":""moogs_structures:advanced_random_spread""}",mvs:medium_bamboo_cart (weight 1),3,,True,False
mvs:medium_igloo_1,moogs_structures:advanced_random_spread,27,21,746536475,1,2.5,"{""min_distance_from_world_origin"":150,""salt"":746536475,""separation"":21,""spacing"":27,""type"":""moogs_structures:advanced_random_spread""}",mvs:medium_igloo_1 (weight 1),8,,True,False
mvs:medium_igloo_2,moogs_structures:advanced_random_spread,31,26,665458765,1,2.5,"{""min_distance_from_world_origin"":150,""salt"":665458765,""separation"":26,""spacing"":31,""type"":""moogs_structures:advanced_random_spread""}",mvs:medium_igloo_2 (weight 1),8,,True,False
mvs:medium_oak_lantern,moogs_structures:advanced_random_spread,28,24,283394585,1,2.5,"{""min_distance_from_world_origin"":150,""salt"":283394585,""separation"":24,""spacing"":28,""type"":""moogs_structures:advanced_random_spread""}",mvs:medium_oak_lantern (weight 1),10,,True,False
mvs:mine_with_campsite,moogs_structures:advanced_random_spread,48,31,638820199,1,,"{""min_distance_from_world_origin"":150,""salt"":638820199,""separation"":31,""spacing"":48,""type"":""moogs_structures:advanced_random_spread""}",mvs:mine_with_campsite (weight 1),40,,True,False
mvs:mud_brick_house_1,moogs_structures:advanced_random_spread,46,32,691457823,1,2.5,"{""min_distance_from_world_origin"":150,""salt"":691457823,""separation"":32,""spacing"":46,""type"":""moogs_structures:advanced_random_spread""}",mvs:mud_brick_house_1 (weight 1),4,,True,False
mvs:mushroom_pond,moogs_structures:advanced_random_spread,48,12,636984325,1,,"{""min_distance_from_world_origin"":150,""salt"":636984325,""separation"":12,""spacing"":48,""type"":""moogs_structures:advanced_random_spread""}",mvs:mushroom_pond (weight 1),40,,True,False
mvs:mushroom_statue,moogs_structures:advanced_random_spread,92,16,513356854,1,,"{""min_distance_from_world_origin"":150,""salt"":513356854,""separation"":16,""spacing"":92,""type"":""moogs_structures:advanced_random_spread""}",mvs:mushroom_statue (weight 1),0,,True,False
mvs:mushroom_well,moogs_structures:advanced_random_spread,84,18,299254325,1,2.5,"{""min_distance_from_world_origin"":150,""salt"":299254325,""separation"":18,""spacing"":84,""type"":""moogs_structures:advanced_random_spread""}",mvs:mushroom_well (weight 1),0,,True,False
mvs:nether_devil,moogs_structures:advanced_random_spread,64,16,513238798,1,,"{""min_distance_from_world_origin"":150,""salt"":513238798,""separation"":16,""spacing"":64,""type"":""moogs_structures:advanced_random_spread""}",mvs:nether_devil (weight 1),0,c:is_nether,True,False
mvs:nether_well,moogs_structures:advanced_random_spread,48,30,298952413,1,,"{""min_distance_from_world_origin"":150,""salt"":298952413,""separation"":30,""spacing"":48,""type"":""moogs_structures:advanced_random_spread""}",mvs:nether_well (weight 1),0,c:is_nether,True,False
mvs:oak_log_pile,moogs_structures:advanced_random_spread,26,16,398653245,1,,"{""min_distance_from_world_origin"":150,""salt"":398653245,""separation"":16,""spacing"":26,""type"":""moogs_structures:advanced_random_spread""}",mvs:oak_log_pile (weight 1),16,,True,False
mvs:oak_tree,moogs_structures:advanced_random_spread,18,13,509676834,1,,"{""min_distance_from_world_origin"":150,""salt"":509676834,""separation"":13,""spacing"":18,""type"":""moogs_structures:advanced_random_spread""}",mvs:oak_tree (weight 1),10,,True,False
mvs:ocean_tower,moogs_structures:advanced_random_spread,35,20,184484940,1,,"{""min_distance_from_world_origin"":150,""salt"":184484940,""separation"":20,""spacing"":35,""type"":""moogs_structures:advanced_random_spread""}",mvs:ocean_tower (weight 1),3,,True,False
mvs:other_wells,moogs_structures:advanced_random_spread,24,18,336692254,1,2.5,"{""min_distance_from_world_origin"":150,""salt"":336692254,""separation"":18,""spacing"":24,""type"":""moogs_structures:advanced_random_spread""}",mvs:small_well (weight 1) | mvs:small_copper_well (weight 1) | mvs:small_tower_well (weight 1) | mvs:well (weight 1) | mvs:rare_well (weight 1) | mvs:rocky_well (weight 1) | mvs:oak_well (weight 1) | mvs:birch_well (weight 1) | mvs:dark_oak_well (weight 1) | mvs:spruce_well (weight 1) | mvs:jungle_well (weight 1) | mvs:acacia_well (weight 1) | mvs:desert_well (weight 1) | mvs:snowy_well (weight 1),40,,True,False
mvs:out_house,moogs_structures:advanced_random_spread,48,30,887854652,1,2.5,"{""min_distance_from_world_origin"":150,""salt"":887854652,""separation"":30,""spacing"":48,""type"":""moogs_structures:advanced_random_spread""}",mvs:out_house (weight 1),4,,True,False
mvs:paths,moogs_structures:advanced_random_spread,35,12,274893027,1,2.5,"{""min_distance_from_world_origin"":150,""salt"":274893027,""separation"":12,""spacing"":35,""type"":""moogs_structures:advanced_random_spread""}",mvs:paths (weight 1),40,,True,False
mvs:pile,moogs_structures:advanced_random_spread,13,7,377640917,1,2.5,"{""min_distance_from_world_origin"":150,""salt"":377640917,""separation"":7,""spacing"":13,""type"":""moogs_structures:advanced_random_spread""}",mvs:pile (weight 1),40,,True,False
mvs:prismarine_house_1,moogs_structures:advanced_random_spread,44,32,718294635,1,,"{""min_distance_from_world_origin"":150,""salt"":718294635,""separation"":32,""spacing"":44,""type"":""moogs_structures:advanced_random_spread""}",mvs:prismarine_house_1 (weight 1),1,,True,False
mvs:prismarine_house_2,moogs_structures:advanced_random_spread,44,32,935284716,1,,"{""min_distance_from_world_origin"":150,""salt"":935284716,""separation"":32,""spacing"":44,""type"":""moogs_structures:advanced_random_spread""}",mvs:prismarine_house_2 (weight 1),1,,True,False
mvs:railway,moogs_structures:advanced_random_spread,46,27,414069697,1,2.5,"{""min_distance_from_world_origin"":150,""salt"":414069697,""separation"":27,""spacing"":46,""type"":""moogs_structures:advanced_random_spread""}",mvs:railway (weight 1),40,,True,False
mvs:rare_well,moogs_structures:advanced_random_spread,68,38,299865321,1,2.5,"{""min_distance_from_world_origin"":150,""salt"":299865321,""separation"":38,""spacing"":68,""type"":""moogs_structures:advanced_random_spread""}",mvs:rare_well (weight 1),40,,True,False
mvs:red_tower,moogs_structures:advanced_random_spread,76,14,158353092,1,3.0,"{""min_distance_from_world_origin"":150,""salt"":158353092,""separation"":14,""spacing"":76,""type"":""moogs_structures:advanced_random_spread""}",mvs:red_tower (weight 1),10,,True,False
mvs:ruined_beacon,moogs_structures:advanced_random_spread,75,60,699587454,1,2.5,"{""min_distance_from_world_origin"":150,""salt"":699587454,""separation"":60,""spacing"":75,""type"":""moogs_structures:advanced_random_spread""}",mvs:ruined_beacon (weight 1),40,,True,False
mvs:shed,moogs_structures:advanced_random_spread,38,23,532363685,1,2.5,"{""min_distance_from_world_origin"":150,""salt"":532363685,""separation"":23,""spacing"":38,""type"":""moogs_structures:advanced_random_spread""}",mvs:shed (weight 1),40,,True,False
mvs:small_acacia_lantern,moogs_structures:advanced_random_spread,24,12,100928383,1,2.5,"{""min_distance_from_world_origin"":150,""salt"":100928383,""separation"":12,""spacing"":24,""type"":""moogs_structures:advanced_random_spread""}",mvs:small_acacia_lantern (weight 1),0,,True,False
mvs:small_bamboo_lantern,moogs_structures:advanced_random_spread,24,12,884392014,1,2.5,"{""min_distance_from_world_origin"":150,""salt"":884392014,""separation"":12,""spacing"":24,""type"":""moogs_structures:advanced_random_spread""}",mvs:small_bamboo_lantern (weight 1),3,,True,False
mvs:small_birch_lantern,moogs_structures:advanced_random_spread,24,12,289983564,1,2.5,"{""min_distance_from_world_origin"":150,""salt"":289983564,""separation"":12,""spacing"":24,""type"":""moogs_structures:advanced_random_spread""}",mvs:small_birch_lantern (weight 1),4,,True,False
mvs:small_campfire_lantern,moogs_structures:advanced_random_spread,24,12,187772773,1,2.5,"{""min_distance_from_world_origin"":150,""salt"":187772773,""separation"":12,""spacing"":24,""type"":""moogs_structures:advanced_random_spread""}",mvs:small_campfire_lantern (weight 1),10,,True,False
mvs:small_cherry_lantern,moogs_structures:advanced_random_spread,24,12,117264438,1,2.5,"{""min_distance_from_world_origin"":150,""salt"":117264438,""separation"":12,""spacing"":24,""type"":""moogs_structures:advanced_random_spread""}",mvs:small_cherry_lantern (weight 1),2,,True,False
mvs:small_dark_oak_lantern,moogs_structures:advanced_random_spread,24,12,100932854,1,2.5,"{""min_distance_from_world_origin"":150,""salt"":100932854,""separation"":12,""spacing"":24,""type"":""moogs_structures:advanced_random_spread""}",mvs:small_dark_oak_lantern (weight 1),3,,True,False
mvs:small_igloo,moogs_structures:advanced_random_spread,31,26,772288376,1,2.5,"{""min_distance_from_world_origin"":150,""salt"":772288376,""separation"":26,""spacing"":31,""type"":""moogs_structures:advanced_random_spread""}",mvs:small_igloo (weight 1),8,,True,False
mvs:small_jungle_lantern,moogs_structures:advanced_random_spread,24,12,100938475,1,2.5,"{""min_distance_from_world_origin"":150,""salt"":100938475,""separation"":12,""spacing"":24,""type"":""moogs_structures:advanced_random_spread""}",mvs:small_jungle_lantern (weight 1),3,,True,False
mvs:small_mangrove_lantern,moogs_structures:advanced_random_spread,24,12,772839918,1,2.5,"{""min_distance_from_world_origin"":150,""salt"":772839918,""separation"":12,""spacing"":24,""type"":""moogs_structures:advanced_random_spread""}",mvs:small_mangrove_lantern (weight 1),2,,True,False
mvs:small_oak_lantern,moogs_structures:advanced_random_spread,24,12,110989883,1,2.5,"{""min_distance_from_world_origin"":150,""salt"":110989883,""separation"":12,""spacing"":24,""type"":""moogs_structures:advanced_random_spread""}",mvs:small_oak_lantern (weight 1),40,,True,False
mvs:small_oak_pond,moogs_structures:advanced_random_spread,35,12,663549872,1,,"{""min_distance_from_world_origin"":150,""salt"":663549872,""separation"":12,""spacing"":35,""type"":""moogs_structures:advanced_random_spread""}",mvs:small_oak_pond (weight 1),40,,True,False
mvs:small_pillager_tower,moogs_structures:advanced_random_spread,34,28,847637490,1,2.5,"{""min_distance_from_world_origin"":150,""salt"":847637490,""separation"":28,""spacing"":34,""type"":""moogs_structures:advanced_random_spread""}",mvs:small_pillager_tower (weight 1),10,,True,False
mvs:small_ruin,moogs_structures:advanced_random_spread,38,26,690254035,1,2.5,"{""min_distance_from_world_origin"":150,""salt"":690254035,""separation"":26,""spacing"":38,""type"":""moogs_structures:advanced_random_spread""}",mvs:small_ruin (weight 1),40,,True,False
mvs:small_ship,moogs_structures:advanced_random_spread,34,28,465693214,1,,"{""min_distance_from_world_origin"":150,""salt"":465693214,""separation"":28,""spacing"":34,""type"":""moogs_structures:advanced_random_spread""}",mvs:small_ship (weight 1),3,,True,False
mvs:small_spruce_lantern,moogs_structures:advanced_random_spread,24,12,193986423,1,2.5,"{""min_distance_from_world_origin"":150,""salt"":193986423,""separation"":12,""spacing"":24,""type"":""moogs_structures:advanced_random_spread""}",mvs:small_spruce_lantern (weight 1),10,,True,False
mvs:small_swamp_house,moogs_structures:advanced_random_spread,78,20,622547878,1,2.5,"{""min_distance_from_world_origin"":150,""salt"":622547878,""separation"":20,""spacing"":78,""type"":""moogs_structures:advanced_random_spread""}",mvs:small_swamp_house (weight 1),4,,True,False
mvs:small_tower_well,moogs_structures:advanced_random_spread,23,15,466628370,1,2.5,"{""min_distance_from_world_origin"":150,""salt"":466628370,""separation"":15,""spacing"":23,""type"":""moogs_structures:advanced_random_spread""}",mvs:small_tower_well (weight 1),40,,True,False
mvs:snowy_dog_hut,moogs_structures:advanced_random_spread,28,24,599873625,1,2.5,"{""min_distance_from_world_origin"":150,""salt"":599873625,""separation"":24,""spacing"":28,""type"":""moogs_structures:advanced_random_spread""}",mvs:snowy_dog_hut (weight 1),8,,True,False
mvs:snowy_fossil,moogs_structures:advanced_random_spread,26,13,882971107,1,,"{""min_distance_from_world_origin"":150,""salt"":882971107,""separation"":13,""spacing"":26,""type"":""moogs_structures:advanced_random_spread""}",mvs:snowy_fossil (weight 1),8,,True,False
mvs:spruce_log_pile,moogs_structures:advanced_random_spread,26,16,389653201,1,,"{""min_distance_from_world_origin"":150,""salt"":389653201,""separation"":16,""spacing"":26,""type"":""moogs_structures:advanced_random_spread""}",mvs:spruce_log_pile (weight 1),10,,True,False
mvs:spruce_tree,moogs_structures:advanced_random_spread,18,13,100588374,1,,"{""min_distance_from_world_origin"":150,""salt"":100588374,""separation"":13,""spacing"":18,""type"":""moogs_structures:advanced_random_spread""}",mvs:spruce_tree (weight 1),10,,True,False
mvs:stalls,moogs_structures:advanced_random_spread,32,16,298643200,1,2.5,"{""min_distance_from_world_origin"":150,""salt"":298643200,""separation"":16,""spacing"":32,""type"":""moogs_structures:advanced_random_spread""}",mvs:red_stall (weight 1) | mvs:orange_stall (weight 1) | mvs:pink_stall (weight 1) | mvs:blue_stall (weight 1),40,,True,False
mvs:statue_ruins,moogs_structures:advanced_random_spread,38,30,696985421,1,2.5,"{""min_distance_from_world_origin"":150,""salt"":696985421,""separation"":30,""spacing"":38,""type"":""moogs_structures:advanced_random_spread""}",mvs:statue_ruins (weight 1),40,,True,False
mvs:stone_fountain,moogs_structures:advanced_random_spread,36,12,636698754,1,2.5,"{""min_distance_from_world_origin"":150,""salt"":636698754,""separation"":12,""spacing"":36,""type"":""moogs_structures:advanced_random_spread""}",mvs:stone_fountain (weight 1),40,,True,False
mvs:stone_pillars,moogs_structures:advanced_random_spread,42,36,730087540,1,2.5,"{""min_distance_from_world_origin"":150,""salt"":730087540,""separation"":36,""spacing"":42,""type"":""moogs_structures:advanced_random_spread""}",mvs:stone_pillars (weight 1),40,,True,False
mvs:stone_rock,moogs_structures:advanced_random_spread,18,13,485549328,1,,"{""min_distance_from_world_origin"":150,""salt"":485549328,""separation"":13,""spacing"":18,""type"":""moogs_structures:advanced_random_spread""}",mvs:stone_rock (weight 1),10,,True,False
mvs:sunzi_gate,moogs_structures:advanced_random_spread,54,20,436368521,1,2.5,"{""min_distance_from_world_origin"":150,""salt"":436368521,""separation"":20,""spacing"":54,""type"":""moogs_structures:advanced_random_spread""}",mvs:sunzi_gate (weight 1),40,,True,False
mvs:tall_house,moogs_structures:advanced_random_spread,42,34,665569523,1,3.0,"{""min_distance_from_world_origin"":150,""salt"":665569523,""separation"":34,""spacing"":42,""type"":""moogs_structures:advanced_random_spread""}",mvs:tall_house (weight 1),40,,True,False
mvs:tree_monument,moogs_structures:advanced_random_spread,76,65,699754652,1,,"{""min_distance_from_world_origin"":650,""salt"":699754652,""separation"":65,""spacing"":76,""type"":""moogs_structures:advanced_random_spread""}",mvs:tree_monument (weight 1),40,,True,False
mvs:villager_statue,moogs_structures:advanced_random_spread,56,40,766987854,1,2.5,"{""min_distance_from_world_origin"":150,""salt"":766987854,""separation"":40,""spacing"":56,""type"":""moogs_structures:advanced_random_spread""}",mvs:villager_statue (weight 1),40,,True,False
mvs:warped_house,moogs_structures:advanced_random_spread,48,30,3252558,1,,"{""min_distance_from_world_origin"":150,""salt"":3252558,""separation"":30,""spacing"":48,""type"":""moogs_structures:advanced_random_spread""}",mvs:warped_house (weight 1),40,,True,False
mvs:wheat_grain_bin,moogs_structures:advanced_random_spread,26,14,266483984,1,2.5,"{""min_distance_from_world_origin"":150,""salt"":266483984,""separation"":14,""spacing"":26,""type"":""moogs_structures:advanced_random_spread""}",mvs:wheat_grain_bin (weight 1),40,,True,False
mvs:windmill,moogs_structures:advanced_random_spread,26,14,774638947,1,3.0,"{""min_distance_from_world_origin"":150,""salt"":774638947,""separation"":14,""spacing"":26,""type"":""moogs_structures:advanced_random_spread""}",mvs:windmill (weight 1),40,,True,False
mvs:wooden_wheat_farm,moogs_structures:advanced_random_spread,26,14,882001928,1,2.5,"{""min_distance_from_world_origin"":150,""salt"":882001928,""separation"":14,""spacing"":26,""type"":""moogs_structures:advanced_random_spread""}",mvs:wooden_wheat_farm (weight 1),40,,True,False
nova_structures:badlands_miner_outpost,minecraft:random_spread,60,12,783,1,,"{""exclusion_zone"":{""chunk_count"":10,""other_set"":""minecraft:villages""},""salt"":783,""separation"":12,""spacing"":60,""type"":""minecraft:random_spread""}",nova_structures:badlands_miner_outpost (weight 1),0,c:badlands | c:in_mesa | forge:is_badlands | forge:is_mesa,False,False
nova_structures:badlands_miner_outpost_mineshafts,minecraft:random_spread,60,12,783,1,,"{""salt"":783,""separation"":12,""spacing"":60,""type"":""minecraft:random_spread""}",minecraft:mineshaft_mesa (weight 1),0,,False,False
nova_structures:bunker,minecraft:random_spread,50,10,6798544,1,,"{""exclusion_zone"":{""chunk_count"":10,""other_set"":""minecraft:villages""},""salt"":6798544,""separation"":10,""spacing"":50,""type"":""minecraft:random_spread""}",nova_structures:bunker (weight 1),32,byg:is_floral | byg:is_icy | c:badlands | c:caves | c:desert | c:floral | c:in_jungle | c:in_mesa | c:mushroom | c:plains | c:savanna | c:snowy_plains | c:underground | clifftree:all_caves | clifftree:birch_forests | forge:is_badlands | forge:is_desert | forge:is_mesa | forge:is_mushroom | forge:is_savanna | forge:is_underground,False,False
nova_structures:conduit_ruin,minecraft:random_spread,140,90,394,1,,"{""salt"":394,""separation"":90,""spacing"":140,""type"":""minecraft:random_spread""}",nova_structures:conduit_ruin (weight 1),3,c:deep_ocean,False,False
nova_structures:creeping_crypt,minecraft:random_spread,100,10,7498398,1,,"{""salt"":7498398,""separation"":10,""spacing"":100,""type"":""minecraft:random_spread""}",nova_structures:creeping_crypt (weight 1),0,,False,False
nova_structures:deepslate_camp,minecraft:random_spread,15,7,87069654,1,,"{""salt"":87069654,""separation"":7,""spacing"":15,""type"":""minecraft:random_spread""}",nova_structures:deepslate_camp (weight 1),24,c:dead | c:plains | forge:is_dead | forge:is_spooky,False,False
nova_structures:desert_ruins,minecraft:random_spread,80,12,239021,1,,"{""exclusion_zone"":{""chunk_count"":10,""other_set"":""minecraft:villages""},""salt"":239021,""separation"":12,""spacing"":80,""type"":""minecraft:random_spread""}",nova_structures:desert_ruins (weight 1),0,c:desert | forge:is_desert,False,False
nova_structures:end_castle,minecraft:concentric_rings,,,0,1,,"{""count"":219,""distance"":32,""preferred_biomes"":""#nova_structures:collections/end_voids"",""salt"":0,""spread"":3,""type"":""minecraft:concentric_rings""}",nova_structures:end_castle (weight 1),0,c:end_islands | c:in_the_end | forge:is_end,False,False
nova_structures:end_lighthouses,minecraft:random_spread,40,22,435656543,1,,"{""salt"":435656543,""separation"":22,""spacing"":40,""spread_type"":""triangular"",""type"":""minecraft:random_spread""}",nova_structures:end_lighthouse (weight 1),0,,False,False
nova_structures:end_ship,minecraft:random_spread,40,10,79584390,0.25,,"{""frequency"":0.25,""salt"":79584390,""separation"":10,""spacing"":40,""spread_type"":""triangular"",""type"":""minecraft:random_spread""}",nova_structures:end_ship (weight 1),0,c:end_islands,False,False
nova_structures:firewatch_towers,minecraft:random_spread,50,15,123,1,,"{""exclusion_zone"":{""chunk_count"":10,""other_set"":""minecraft:villages""},""salt"":123,""separation"":15,""spacing"":50,""type"":""minecraft:random_spread""}",nova_structures:firewatch_tower_birch (weight 1) | nova_structures:firewatch_tower_cherry (weight 1) | nova_structures:firewatch_tower_dark_oak (weight 1) | nova_structures:firewatch_tower_forest (weight 1) | nova_structures:firewatch_tower_jungle (weight 1) | nova_structures:firewatch_tower_savanna (weight 1) | nova_structures:firewatch_tower_mangrove (weight 1) | nova_structures:firewatch_tower_swamp (weight 1) | nova_structures:firewatch_tower_taiga (weight 1),6,c:dead | c:in_jungle | c:savanna | clifftree:birch_forests | forge:is_dead | forge:is_savanna | forge:is_spooky,False,False
nova_structures:illager_camp,minecraft:random_spread,50,32,4533232,1,,"{""exclusion_zone"":{""chunk_count"":10,""other_set"":""minecraft:villages""},""salt"":4533232,""separation"":32,""spacing"":50,""type"":""minecraft:random_spread""}",nova_structures:illager_camp (weight 1),32,,False,False
nova_structures:illager_hideout,minecraft:random_spread,200,12,3094032,1,,"{""salt"":3094032,""separation"":12,""spacing"":200,""type"":""minecraft:random_spread""}",nova_structures:illager_hideout (weight 1),32,,False,False
nova_structures:jungle_ruins,minecraft:random_spread,80,12,239021,1,,"{""exclusion_zone"":{""chunk_count"":10,""other_set"":""minecraft:villages""},""salt"":239021,""separation"":12,""spacing"":80,""type"":""minecraft:random_spread""}",nova_structures:jungle_ruins (weight 1),3,c:in_jungle,False,False
nova_structures:mangrove_witch_hut,minecraft:random_spread,32,8,594,1,,"{""salt"":594,""separation"":8,""spacing"":32,""type"":""minecraft:random_spread""}",nova_structures:mangrove_witch_hut (weight 1),0,,False,False
nova_structures:nether_camps,minecraft:random_spread,20,10,4533232,1,,"{""salt"":4533232,""separation"":10,""spacing"":20,""type"":""minecraft:random_spread""}",nova_structures:skeleton_camp_crimson (weight 2) | nova_structures:skeleton_camp_waste (weight 2) | nova_structures:skeleton_camp_warped (weight 2) | nova_structures:skeleton_camp_soul (weight 2) | nova_structures:piglin_camp (weight 3),0,,False,False
nova_structures:nether_skeleton_towers,minecraft:random_spread,40,20,940354935,1,,"{""exclusion_zone"":{""chunk_count"":16,""other_set"":""minecraft:nether_complexes""},""salt"":940354935,""separation"":20,""spacing"":40,""type"":""minecraft:random_spread""}",nova_structures:nether_skeleton_tower_waste (weight 1) | nova_structures:nether_skeleton_tower_warped (weight 1) | nova_structures:nether_skeleton_tower_crimson (weight 1) | nova_structures:nether_skeleton_tower_soul (weight 1),0,,False,False
nova_structures:nether_structures,minecraft:random_spread,85,40,5894302,1,,"{""salt"":5894302,""separation"":40,""spacing"":85,""type"":""minecraft:random_spread""}",nova_structures:nether_port (weight 20) | nova_structures:nether_keep (weight 10) | nova_structures:hamlet (weight 40) | nova_structures:piglin_outstation (weight 20) | nova_structures:piglin_donjon (weight 5),0,,False,False
nova_structures:remnants,minecraft:random_spread,120,30,9785737382,1,,"{""exclusion_zone"":{""chunk_count"":10,""other_set"":""minecraft:villages""},""salt"":9785737382,""separation"":30,""spacing"":120,""type"":""minecraft:random_spread""}",nova_structures:remnant_bee_keeper (weight 1) | nova_structures:remnant_big_remnant (weight 1) | nova_structures:remnant_big_remnant_2 (weight 1) | nova_structures:remnant_big_remnant_3 (weight 1) | nova_structures:remnant_bridge_remnant (weight 1) | nova_structures:remnant_birch_graveyard (weight 1) | nova_structures:remnant_bunny_base (weight 1) | nova_structures:remnant_desert_remnant (weight 1) | nova_structures:remnant_forest_smith (weight 1) | nova_structures:remnant_frog_ranch (weight 1) | nova_structures:remnant_graveyard (weight 1) | nova_structures:remnant_medium_remnant (weight 1) | nova_structures:remnant_medium_remnant_2 (weight 1) | nova_structures:remnant_miner_hut (weight 1) | nova_structures:remnant_mud_brick_constructor (weight 1) | nova_structures:remnant_ominous_shop (weight 1) | nova_structures:remnant_ruin_farmer (weight 1) | nova_structures:remnant_ruin_smith (weight 1) | nova_structures:remnant_sawmill (weight 1) | nova_structures:remnant_school_remnant (weight 1) | nova_structures:remnant_taiga_castle (weight 1) | nova_structures:remnant_woodland_hud (weight 1) | nova_structures:remnant_zombie_horse_ranch (weight 1) | nova_structures:remnant_classic_village (weight 1),33,byg:is_floral | byg:is_icy | c:badlands | c:caves | c:dead | c:desert | c:floral | c:in_jungle | c:in_mesa | c:mushroom | c:plains | c:savanna | c:snowy_plains | c:underground | clifftree:all_caves | clifftree:birch_forests | forge:is_badlands | forge:is_dead | forge:is_desert | forge:is_mesa | forge:is_mushroom | forge:is_savanna | forge:is_spooky | forge:is_underground,False,False
nova_structures:ruin_town,minecraft:random_spread,72,30,39043,1,,"{""exclusion_zone"":{""chunk_count"":10,""other_set"":""minecraft:villages""},""salt"":39043,""separation"":30,""spacing"":72,""type"":""minecraft:random_spread""}",nova_structures:ruin_town (weight 1),32,byg:is_floral | byg:is_icy | c:badlands | c:caves | c:desert | c:floral | c:in_jungle | c:in_mesa | c:mushroom | c:plains | c:savanna | c:snowy_plains | c:underground | clifftree:all_caves | clifftree:birch_forests | forge:is_badlands | forge:is_desert | forge:is_mesa | forge:is_mushroom | forge:is_savanna | forge:is_underground,False,False
nova_structures:shrine_tower,minecraft:random_spread,600,312,78409300,1,,"{""exclusion_zone"":{""chunk_count"":15,""other_set"":""minecraft:strongholds""},""salt"":78409300,""separation"":312,""spacing"":600,""type"":""minecraft:random_spread""}",nova_structures:shrine_tower (weight 1),32,byg:is_floral | byg:is_icy | c:badlands | c:caves | c:desert | c:floral | c:in_jungle | c:in_mesa | c:mushroom | c:plains | c:savanna | c:snowy_plains | c:underground | clifftree:all_caves | clifftree:birch_forests | forge:is_badlands | forge:is_desert | forge:is_mesa | forge:is_mushroom | forge:is_savanna | forge:is_underground,False,False
nova_structures:shrines,minecraft:random_spread,50,26,78409300,1,,"{""exclusion_zone"":{""chunk_count"":15,""other_set"":""minecraft:strongholds""},""salt"":78409300,""separation"":26,""spacing"":50,""type"":""minecraft:random_spread""}",nova_structures:shrine_combat_tier_1 (weight 20) | nova_structures:shrine_combat_tier_2 (weight 20) | nova_structures:shrine_combat_tier_3 (weight 50) | nova_structures:shrine_combat_tier_4 (weight 40) | nova_structures:shrine_combat_tier_5 (weight 30),32,byg:is_floral | byg:is_icy | c:badlands | c:caves | c:desert | c:floral | c:in_jungle | c:in_mesa | c:mushroom | c:plains | c:savanna | c:snowy_plains | c:underground | clifftree:all_caves | clifftree:birch_forests | forge:is_badlands | forge:is_desert | forge:is_mesa | forge:is_mushroom | forge:is_savanna | forge:is_underground,False,False
nova_structures:stray_fort,minecraft:random_spread,100,16,5004938900,1,,"{""exclusion_zone"":{""chunk_count"":10,""other_set"":""minecraft:villages""},""salt"":5004938900,""separation"":16,""spacing"":100,""type"":""minecraft:random_spread""}",nova_structures:stray_fort (weight 9) | nova_structures:lone_citadel (weight 1),3,c:snowy_plains,False,False
nova_structures:swamp_structure,minecraft:random_spread,80,20,3042970,1,,"{""salt"":3042970,""separation"":20,""spacing"":80,""spread_type"":""triangular"",""type"":""minecraft:random_spread""}",nova_structures:witch_villa (weight 3) | nova_structures:toxic_lair (weight 1),4,,False,False
nova_structures:taverns,minecraft:random_spread,40,15,783,1,,"{""exclusion_zone"":{""chunk_count"":10,""other_set"":""minecraft:villages""},""salt"":783,""separation"":15,""spacing"":40,""type"":""minecraft:random_spread""}",nova_structures:tavern_acacia (weight 1) | nova_structures:tavern_birch (weight 1) | nova_structures:tavern_cherry (weight 1) | nova_structures:tavern_dark_oak (weight 1) | nova_structures:tavern_desert (weight 1) | nova_structures:tavern_jungle (weight 1) | nova_structures:tavern_mangrove (weight 1) | nova_structures:tavern_oak (weight 1) | nova_structures:tavern_snowy (weight 1) | nova_structures:tavern_spruce (weight 1) | nova_structures:tavern_swamp (weight 1),24,c:dead | c:desert | c:in_jungle | c:plains | c:savanna | c:snowy_plains | clifftree:birch_forests | forge:is_dead | forge:is_desert | forge:is_savanna | forge:is_spooky,False,False
nova_structures:trident_trial_monument,minecraft:random_spread,200,190,69846574,1,,"{""salt"":69846574,""separation"":190,""spacing"":200,""type"":""minecraft:random_spread""}",nova_structures:trident_trial_monument (weight 1),0,minecraft:has_structure/ocean_monument,False,False
nova_structures:undead_crypt,minecraft:random_spread,100,20,96586859,1,,"{""salt"":96586859,""separation"":20,""spacing"":100,""type"":""minecraft:random_spread""}",nova_structures:undead_crypt (weight 1),24,c:dead | c:plains | forge:is_dead | forge:is_spooky,False,False
nova_structures:underground_house,minecraft:random_spread,20,10,23094,1,,"{""salt"":23094,""separation"":10,""spacing"":20,""type"":""minecraft:random_spread""}",nova_structures:underground_house (weight 1),24,c:dead | c:plains | forge:is_dead | forge:is_spooky,False,False
nova_structures:villages_birch,minecraft:random_spread,34,8,10387312,1,,"{""salt"":10387312,""separation"":8,""spacing"":34,""type"":""minecraft:random_spread""}",nova_structures:village_birch (weight 1),0,clifftree:birch_forests,False,False
nova_structures:villages_jungle,minecraft:random_spread,34,8,10387312,1,,"{""salt"":10387312,""separation"":8,""spacing"":34,""type"":""minecraft:random_spread""}",nova_structures:village_jungle (weight 1),0,,False,False
nova_structures:villages_swamp,minecraft:random_spread,34,8,10387312,1,,"{""salt"":10387312,""separation"":8,""spacing"":34,""type"":""minecraft:random_spread""}",nova_structures:village_swamp (weight 1),4,,False,False
nova_structures:wells,minecraft:random_spread,40,15,430930,1,,"{""exclusion_zone"":{""chunk_count"":10,""other_set"":""minecraft:villages""},""salt"":430930,""separation"":15,""spacing"":40,""type"":""minecraft:random_spread""}",nova_structures:well_spruce (weight 1) | nova_structures:well_birch (weight 1) | nova_structures:well_dark_oak (weight 1) | nova_structures:well_jungle (weight 1) | nova_structures:well_oak (weight 1) | nova_structures:well_savana (weight 1),19,c:dead | c:in_jungle | c:plains | c:savanna | clifftree:birch_forests | forge:is_dead | forge:is_savanna | forge:is_spooky,False,False
nova_structures:wild_ruin,minecraft:random_spread,27,18,75489234,1,,"{""exclusion_zone"":{""chunk_count"":10,""other_set"":""minecraft:villages""},""salt"":75489234,""separation"":18,""spacing"":27,""type"":""minecraft:random_spread""}",nova_structures:wild_ruin (weight 1),32,byg:is_floral | byg:is_icy | c:badlands | c:caves | c:desert | c:floral | c:in_jungle | c:in_mesa | c:mushroom | c:plains | c:savanna | c:snowy_plains | c:underground | clifftree:all_caves | clifftree:birch_forests | forge:is_badlands | forge:is_desert | forge:is_mesa | forge:is_mushroom | forge:is_savanna | forge:is_underground,False,False
pasterdream:aaroncos_arena_portal,minecraft:random_spread,31,16,1674438385,1,,"{""salt"":1674438385,""separation"":16,""spacing"":31,""type"":""minecraft:random_spread""}",pasterdream:aaroncos_arena_portal (weight 1),0,,True,False
pasterdream:aaroncos_arena_portals_set,minecraft:random_spread,256,128,901277331,1,,"{""salt"":901277331,""separation"":128,""spacing"":256,""type"":""minecraft:random_spread""}",pasterdream:aaroncos_arena_portals (weight 1),40,,True,False
pasterdream:big_bubbles_0,minecraft:random_spread,8,3,5740443,1,,"{""salt"":5740443,""separation"":3,""spacing"":8,""type"":""minecraft:random_spread""}",pasterdream:big_bubbles_0 (weight 1),0,,True,False
pasterdream:big_bubbles_1,minecraft:random_spread,7,3,6317566,1,,"{""salt"":6317566,""separation"":3,""spacing"":7,""type"":""minecraft:random_spread""}",pasterdream:big_bubbles_1 (weight 1),0,,True,False
pasterdream:big_bubbles_2,minecraft:random_spread,8,4,6125192,1,,"{""salt"":6125192,""separation"":4,""spacing"":8,""type"":""minecraft:random_spread""}",pasterdream:big_bubbles_2 (weight 1),0,,True,False
pasterdream:big_bubbles_3,minecraft:random_spread,13,7,5163320,1,,"{""salt"":5163320,""separation"":7,""spacing"":13,""type"":""minecraft:random_spread""}",pasterdream:big_bubbles_3 (weight 1),0,,True,False
pasterdream:big_bubbles_4,minecraft:random_spread,16,8,4970945,1,,"{""salt"":4970945,""separation"":8,""spacing"":16,""type"":""minecraft:random_spread""}",pasterdream:big_bubbles_4 (weight 1),0,,True,False
pasterdream:big_bubbles_5,minecraft:random_spread,32,15,5548069,1,,"{""salt"":5548069,""separation"":15,""spacing"":32,""type"":""minecraft:random_spread""}",pasterdream:big_bubbles_5 (weight 1),0,,True,False
pasterdream:big_bubbles_6,minecraft:random_spread,4,2,5355694,1,,"{""salt"":5355694,""separation"":2,""spacing"":4,""type"":""minecraft:random_spread""}",pasterdream:big_bubbles_6 (weight 1),0,,True,False
pasterdream:big_bubbles_7,minecraft:random_spread,5,3,2145721488,1,,"{""salt"":2145721488,""separation"":3,""spacing"":5,""type"":""minecraft:random_spread""}",pasterdream:big_bubbles_7 (weight 1),0,,True,False
pasterdream:bocchi_0,minecraft:random_spread,32,19,2125868828,1,,"{""salt"":2125868828,""separation"":19,""spacing"":32,""type"":""minecraft:random_spread""}",pasterdream:bocchi_0 (weight 1),0,,True,False
pasterdream:bocchi_1,minecraft:random_spread,120,34,2118750973,1,,"{""salt"":2118750973,""separation"":34,""spacing"":120,""type"":""minecraft:random_spread""}",pasterdream:bocchi_1 (weight 1),0,,True,False
pasterdream:breakwind_curtain_0,minecraft:random_spread,8,4,133099465,1,,"{""salt"":133099465,""separation"":4,""spacing"":8,""type"":""minecraft:random_spread""}",pasterdream:breakwind_curtain_0 (weight 1),0,,True,False
pasterdream:crystal_ball_0,minecraft:random_spread,96,56,2089172683,1,,"{""salt"":2089172683,""separation"":56,""spacing"":96,""type"":""minecraft:random_spread""}",pasterdream:crystal_ball_0 (weight 1),0,,True,False
pasterdream:crystal_ball_1,minecraft:random_spread,43,21,2089749806,1,,"{""salt"":2089749806,""separation"":21,""spacing"":43,""type"":""minecraft:random_spread""}",pasterdream:crystal_ball_1 (weight 1),0,,True,False
pasterdream:desert_cottage_0_set,minecraft:random_spread,60,48,1131718516,1,,"{""salt"":1131718516,""separation"":48,""spacing"":60,""type"":""minecraft:random_spread""}",pasterdream:desert_cottage_0 (weight 1),0,,True,False
pasterdream:desert_fortress_0_set,minecraft:random_spread,39,27,707152074,1,,"{""salt"":707152074,""separation"":27,""spacing"":39,""type"":""minecraft:random_spread""}",pasterdream:desert_fortress_0 (weight 1),0,,True,False
pasterdream:dream_church_0_set,minecraft:random_spread,134,60,1163538860,1,,"{""salt"":1163538860,""separation"":60,""spacing"":134,""type"":""minecraft:random_spread""}",pasterdream:dream_church_0 (weight 1),0,,True,False
pasterdream:dream_church_10,minecraft:random_spread,172,95,1178135507,1,,"{""salt"":1178135507,""separation"":95,""spacing"":172,""type"":""minecraft:random_spread""}",pasterdream:dream_church_10 (weight 1),0,,True,False
pasterdream:dream_church_1_set,minecraft:random_spread,134,60,1163346486,1,,"{""salt"":1163346486,""separation"":60,""spacing"":134,""type"":""minecraft:random_spread""}",pasterdream:dream_church_1 (weight 1),0,,True,False
pasterdream:dream_church_2_set,minecraft:random_spread,134,60,1163923609,1,,"{""salt"":1163923609,""separation"":60,""spacing"":134,""type"":""minecraft:random_spread""}",pasterdream:dream_church_2 (weight 1),0,,True,False
pasterdream:dream_church_3_set,minecraft:random_spread,134,60,1163731235,1,,"{""salt"":1163731235,""separation"":60,""spacing"":134,""type"":""minecraft:random_spread""}",pasterdream:dream_church_3 (weight 1),0,,True,False
pasterdream:dream_church_4_set,minecraft:random_spread,137,61,1162769362,1,,"{""salt"":1162769362,""separation"":61,""spacing"":137,""type"":""minecraft:random_spread""}",pasterdream:dream_church_4 (weight 1),0,,True,False
pasterdream:dream_church_5_set,minecraft:random_spread,137,61,1162576988,1,,"{""salt"":1162576988,""separation"":61,""spacing"":137,""type"":""minecraft:random_spread""}",pasterdream:dream_church_5 (weight 1),0,,True,False
pasterdream:dream_church_6_set,minecraft:random_spread,137,61,1163154111,1,,"{""salt"":1163154111,""separation"":61,""spacing"":137,""type"":""minecraft:random_spread""}",pasterdream:dream_church_6 (weight 1),0,,True,False
pasterdream:dream_church_7_set,minecraft:random_spread,137,61,1162961737,1,,"{""salt"":1162961737,""separation"":61,""spacing"":137,""type"":""minecraft:random_spread""}",pasterdream:dream_church_7 (weight 1),0,,True,False
pasterdream:dream_church_8,minecraft:random_spread,164,81,1161999865,1,,"{""salt"":1161999865,""separation"":81,""spacing"":164,""type"":""minecraft:random_spread""}",pasterdream:dream_church_8 (weight 1),0,,True,False
pasterdream:dream_church_9,minecraft:random_spread,164,81,1161807490,1,,"{""salt"":1161807490,""separation"":81,""spacing"":164,""type"":""minecraft:random_spread""}",pasterdream:dream_church_9 (weight 1),0,,True,False
pasterdream:dream_train_set,minecraft:random_spread,258,179,109243324,1,,"{""salt"":109243324,""separation"":179,""spacing"":258,""type"":""minecraft:random_spread""}",pasterdream:dream_train (weight 1),0,,True,False
pasterdream:dream_wishingtree_0_set,minecraft:random_spread,150,72,1932971913,1,,"{""salt"":1932971913,""separation"":72,""spacing"":150,""type"":""minecraft:random_spread""}",pasterdream:dream_wishingtree_0 (weight 1),0,,True,False
pasterdream:dream_wishingtree_1_set,minecraft:random_spread,89,72,1932779539,1,,"{""salt"":1932779539,""separation"":72,""spacing"":89,""type"":""minecraft:random_spread""}",pasterdream:dream_wishingtree_1 (weight 1),0,,True,False
pasterdream:dyedream_campsite_0_set,minecraft:random_spread,25,12,54397954,1,,"{""salt"":54397954,""separation"":12,""spacing"":25,""type"":""minecraft:random_spread""}",pasterdream:dyedream_campsite_0 (weight 1),0,,True,False
pasterdream:dyedream_floating_temple_set,minecraft:random_spread,187,121,1576871481,1,,"{""salt"":1576871481,""separation"":121,""spacing"":187,""type"":""minecraft:random_spread""}",pasterdream:dyedream_floating_temple (weight 1),0,,True,False
pasterdream:dyedream_laboratory_0_set,minecraft:random_spread,37,18,946202329,1,,"{""salt"":946202329,""separation"":18,""spacing"":37,""type"":""minecraft:random_spread""}",pasterdream:dyedream_laboratory_0 (weight 1),0,,True,False
pasterdream:dyedream_pavilion_0_set,minecraft:random_spread,17,7,1818613810,1,,"{""salt"":1818613810,""separation"":7,""spacing"":17,""type"":""minecraft:random_spread""}",pasterdream:dyedream_pavilion_0 (weight 1),0,,True,False
pasterdream:dyedream_pavilion_1_set,minecraft:random_spread,45,21,1819190933,1,,"{""salt"":1819190933,""separation"":21,""spacing"":45,""type"":""minecraft:random_spread""}",pasterdream:dyedream_pavilion_1 (weight 1),0,,True,False
pasterdream:dyedream_pavilion_2_set,minecraft:random_spread,43,24,1818998559,1,,"{""salt"":1818998559,""separation"":24,""spacing"":43,""type"":""minecraft:random_spread""}",pasterdream:dyedream_pavilion_2 (weight 1),0,,True,False
pasterdream:dyedream_tavern_set,minecraft:random_spread,34,16,1516864983,1,,"{""salt"":1516864983,""separation"":16,""spacing"":34,""type"":""minecraft:random_spread""}",pasterdream:dyedream_tavern (weight 1),0,,True,False
pasterdream:dyedream_tower_0_set,minecraft:random_spread,96,45,524960775,1,,"{""salt"":524960775,""separation"":45,""spacing"":96,""type"":""minecraft:random_spread""}",pasterdream:dyedream_tower_0 (weight 1),0,,True,False
pasterdream:dyedream_tower_1_set,minecraft:random_spread,98,48,524768400,1,,"{""salt"":524768400,""separation"":48,""spacing"":98,""type"":""minecraft:random_spread""}",pasterdream:dyedream_tower_1 (weight 1),0,,True,False
pasterdream:dyedream_worldtree_0_set,minecraft:random_spread,156,87,1208134265,1,,"{""salt"":1208134265,""separation"":87,""spacing"":156,""type"":""minecraft:random_spread""}",pasterdream:dyedream_worldtree_0 (weight 1),0,,True,False
pasterdream:dyedream_worldtree_1_set,minecraft:random_spread,289,165,1208711388,1,,"{""salt"":1208711388,""separation"":165,""spacing"":289,""type"":""minecraft:random_spread""}",pasterdream:dyedream_worldtree_1 (weight 1),0,,True,False
pasterdream:fisherman_hut_0,minecraft:random_spread,11,7,2137250884,1,,"{""salt"":2137250884,""separation"":7,""spacing"":11,""type"":""minecraft:random_spread""}",pasterdream:fisherman_hut_0 (weight 1),0,,True,False
pasterdream:fisherman_hut_1,minecraft:random_spread,12,8,2137058510,1,,"{""salt"":2137058510,""separation"":8,""spacing"":12,""type"":""minecraft:random_spread""}",pasterdream:fisherman_hut_1 (weight 1),0,,True,False
pasterdream:fourleaf_clover_plant,minecraft:random_spread,44,32,88878628,1,,"{""salt"":88878628,""separation"":32,""spacing"":44,""type"":""minecraft:random_spread""}",pasterdream:fourleaf_clover_plant (weight 1),0,,True,False
pasterdream:garden_decryption_0_set,minecraft:random_spread,26,13,1889587396,1,,"{""salt"":1889587396,""separation"":13,""spacing"":26,""type"":""minecraft:random_spread""}",pasterdream:garden_decryption_0 (weight 1),0,,True,False
pasterdream:garden_decryption_1_set,minecraft:random_spread,18,7,1889395022,1,,"{""salt"":1889395022,""separation"":7,""spacing"":18,""type"":""minecraft:random_spread""}",pasterdream:garden_decryption_1 (weight 1),0,,True,False
pasterdream:garden_decryption_2_set,minecraft:random_spread,136,85,1888433149,1,,"{""salt"":1888433149,""separation"":85,""spacing"":136,""type"":""minecraft:random_spread""}",pasterdream:garden_decryption_2 (weight 1),0,,True,False
pasterdream:hakurei_reimu,minecraft:random_spread,33,20,611019746,1,,"{""salt"":611019746,""separation"":20,""spacing"":33,""type"":""minecraft:random_spread""}",pasterdream:hakurei_reimu (weight 1),0,,True,False
pasterdream:hot_air_balloon_0,minecraft:random_spread,24,10,652828939,1,,"{""salt"":652828939,""separation"":10,""spacing"":24,""type"":""minecraft:random_spread""}",pasterdream:hot_air_balloon_0 (weight 1),0,,True,False
pasterdream:hot_air_balloon_1,minecraft:random_spread,24,10,653406063,1,,"{""salt"":653406063,""separation"":10,""spacing"":24,""type"":""minecraft:random_spread""}",pasterdream:hot_air_balloon_1 (weight 1),0,,True,False
pasterdream:hot_air_balloon_2,minecraft:random_spread,24,10,653213688,1,,"{""salt"":653213688,""separation"":10,""spacing"":24,""type"":""minecraft:random_spread""}",pasterdream:hot_air_balloon_2 (weight 1),0,,True,False
pasterdream:hot_air_balloon_3,minecraft:random_spread,23,11,652251816,1,,"{""salt"":652251816,""separation"":11,""spacing"":23,""type"":""minecraft:random_spread""}",pasterdream:hot_air_balloon_3 (weight 1),0,,True,False
pasterdream:hot_air_balloon_4,minecraft:random_spread,23,13,652059442,1,,"{""salt"":652059442,""separation"":13,""spacing"":23,""type"":""minecraft:random_spread""}",pasterdream:hot_air_balloon_4 (weight 1),0,,True,False
pasterdream:hot_air_balloon_5,minecraft:random_spread,43,25,652636565,1,,"{""salt"":652636565,""separation"":25,""spacing"":43,""type"":""minecraft:random_spread""}",pasterdream:hot_air_balloon_5 (weight 1),0,,True,False
pasterdream:hot_air_balloon_6,minecraft:random_spread,37,21,652444191,1,,"{""salt"":652444191,""separation"":21,""spacing"":37,""type"":""minecraft:random_spread""}",pasterdream:hot_air_balloon_6 (weight 1),0,,True,False
pasterdream:hot_air_balloon_7,minecraft:random_spread,49,31,694574195,1,,"{""salt"":694574195,""separation"":31,""spacing"":49,""type"":""minecraft:random_spread""}",pasterdream:hot_air_balloon_7 (weight 1),0,,True,False
pasterdream:lifecrystal_cave_0,minecraft:random_spread,51,25,833118091,1,,"{""salt"":833118091,""separation"":25,""spacing"":51,""type"":""minecraft:random_spread""}",pasterdream:lifecrystal_cave_0 (weight 1),0,,True,False
pasterdream:lost_sword_0,minecraft:random_spread,47,25,1144677531,1,,"{""salt"":1144677531,""separation"":25,""spacing"":47,""type"":""minecraft:random_spread""}",pasterdream:lost_sword_0 (weight 1),3,,True,False
pasterdream:lost_windknight_ruins,minecraft:random_spread,21,12,1344649511,1,,"{""salt"":1344649511,""separation"":12,""spacing"":21,""type"":""minecraft:random_spread""}",pasterdream:lost_windknight_ruins (weight 1),0,,True,False
pasterdream:meltdream_liquid_well_0_set,minecraft:random_spread,57,24,1153570020,1,,"{""salt"":1153570020,""separation"":24,""spacing"":57,""type"":""minecraft:random_spread""}",pasterdream:meltdream_liquid_well_0 (weight 1),0,,True,False
pasterdream:meltdream_liquid_well_1_set,minecraft:random_spread,56,25,1153377646,1,,"{""salt"":1153377646,""separation"":25,""spacing"":56,""type"":""minecraft:random_spread""}",pasterdream:meltdream_liquid_well_1 (weight 1),0,,True,False
pasterdream:picnic_basket_structure_set,minecraft:random_spread,20,10,1295591192,1,,"{""salt"":1295591192,""separation"":10,""spacing"":20,""type"":""minecraft:random_spread""}",pasterdream:picnic_basket_structure (weight 1),0,,True,False
pasterdream:pinkagaric_house_0_set,minecraft:random_spread,78,42,148801135,1,,"{""salt"":148801135,""separation"":42,""spacing"":78,""type"":""minecraft:random_spread""}",pasterdream:pinkagaric_house_0 (weight 1),0,,True,False
pasterdream:pinkagaric_house_1_set,minecraft:random_spread,78,43,149378258,1,,"{""salt"":149378258,""separation"":43,""spacing"":78,""type"":""minecraft:random_spread""}",pasterdream:pinkagaric_house_1 (weight 1),0,,True,False
pasterdream:pinkagaric_house_2_set,minecraft:random_spread,79,42,149185884,1,,"{""salt"":149185884,""separation"":42,""spacing"":79,""type"":""minecraft:random_spread""}",pasterdream:pinkagaric_house_2 (weight 1),0,,True,False
pasterdream:pinkagaric_house_3_set,minecraft:random_spread,77,41,148224012,1,,"{""salt"":148224012,""separation"":41,""spacing"":77,""type"":""minecraft:random_spread""}",pasterdream:pinkagaric_house_3 (weight 1),0,,True,False
pasterdream:shadow_chain_0,minecraft:random_spread,4,2,1833587763,1,,"{""salt"":1833587763,""separation"":2,""spacing"":4,""type"":""minecraft:random_spread""}",pasterdream:shadow_chain_0 (weight 1),0,,True,False
pasterdream:shadow_chain_1,minecraft:random_spread,8,4,1832625891,1,,"{""salt"":1832625891,""separation"":4,""spacing"":8,""type"":""minecraft:random_spread""}",pasterdream:shadow_chain_1 (weight 1),0,,True,False
pasterdream:shadow_chain_2,minecraft:random_spread,10,3,1832433517,1,,"{""salt"":1832433517,""separation"":3,""spacing"":10,""type"":""minecraft:random_spread""}",pasterdream:shadow_chain_2 (weight 1),0,,True,False
pasterdream:shadow_chain_3,minecraft:random_spread,13,5,1833010640,1,,"{""salt"":1833010640,""separation"":5,""spacing"":13,""type"":""minecraft:random_spread""}",pasterdream:shadow_chain_3 (weight 1),0,,True,False
pasterdream:shadow_chain_4,minecraft:random_spread,10,5,1832818266,1,,"{""salt"":1832818266,""separation"":5,""spacing"":10,""type"":""minecraft:random_spread""}",pasterdream:shadow_chain_4 (weight 1),0,,True,False
pasterdream:shadow_dungeon,minecraft:random_spread,25,12,1705958343,1,,"{""salt"":1705958343,""separation"":12,""spacing"":25,""type"":""minecraft:random_spread""}",pasterdream:shadow_dungeon (weight 1),0,,True,False
pasterdream:shadow_foundry_0,minecraft:random_spread,58,32,768368124,1,,"{""salt"":768368124,""separation"":32,""spacing"":58,""type"":""minecraft:random_spread""}",pasterdream:shadow_foundry_0 (weight 1),0,,True,False
pasterdream:shadow_foundry_1,minecraft:random_spread,58,33,767406252,1,,"{""salt"":767406252,""separation"":33,""spacing"":58,""type"":""minecraft:random_spread""}",pasterdream:shadow_foundry_1 (weight 1),0,,True,False
pasterdream:shadow_foundry_2,minecraft:random_spread,58,33,767213877,1,,"{""salt"":767213877,""separation"":33,""spacing"":58,""type"":""minecraft:random_spread""}",pasterdream:shadow_foundry_2 (weight 1),0,,True,False
pasterdream:shadow_fungus_house_0,minecraft:random_spread,42,25,486700517,1,,"{""salt"":486700517,""separation"":25,""spacing"":42,""type"":""minecraft:random_spread""}",pasterdream:shadow_fungus_house_0 (weight 1),0,,True,False
pasterdream:shadow_fungus_house_1,minecraft:random_spread,41,26,485738645,1,,"{""salt"":485738645,""separation"":26,""spacing"":41,""type"":""minecraft:random_spread""}",pasterdream:shadow_fungus_house_1 (weight 1),0,,True,False
pasterdream:shadow_fungus_nest_0,minecraft:random_spread,35,15,1811985292,1,,"{""salt"":1811985292,""separation"":15,""spacing"":35,""type"":""minecraft:random_spread""}",pasterdream:shadow_fungus_nest_0 (weight 1),0,,True,False
pasterdream:shadow_fungus_nest_1,minecraft:random_spread,36,16,1811023420,1,,"{""salt"":1811023420,""separation"":16,""spacing"":36,""type"":""minecraft:random_spread""}",pasterdream:shadow_fungus_nest_1 (weight 1),0,,True,False
pasterdream:shadow_fungus_nest_2,minecraft:random_spread,37,17,1810831046,1,,"{""salt"":1810831046,""separation"":17,""spacing"":37,""type"":""minecraft:random_spread""}",pasterdream:shadow_fungus_nest_2 (weight 1),0,,True,False
pasterdream:shadow_hand_0,minecraft:random_spread,7,3,944953134,1,,"{""salt"":944953134,""separation"":3,""spacing"":7,""type"":""minecraft:random_spread""}",pasterdream:shadow_hand_0 (weight 1),0,,True,False
pasterdream:shadow_shelter_0,minecraft:random_spread,45,23,1429029018,1,,"{""salt"":1429029018,""separation"":23,""spacing"":45,""type"":""minecraft:random_spread""}",pasterdream:shadow_shelter_0 (weight 1),0,,True,False
pasterdream:shadow_shelter_1,minecraft:random_spread,46,24,1428067145,1,,"{""salt"":1428067145,""separation"":24,""spacing"":46,""type"":""minecraft:random_spread""}",pasterdream:shadow_shelter_1 (weight 1),0,,True,False
pasterdream:shadow_underground_workroom_0,minecraft:random_spread,45,23,1635567230,1,,"{""salt"":1635567230,""separation"":23,""spacing"":45,""type"":""minecraft:random_spread""}",pasterdream:shadow_underground_workroom_0 (weight 1),0,,True,False
pasterdream:shadow_underground_workroom_1,minecraft:random_spread,32,18,1635374856,1,,"{""salt"":1635374856,""separation"":18,""spacing"":32,""type"":""minecraft:random_spread""}",pasterdream:shadow_underground_workroom_1 (weight 1),0,,True,False
pasterdream:shadow_world_doors,minecraft:concentric_rings,,,26072801,1,,"{""count"":64,""distance"":32,""preferred_biomes"":""#minecraft:is_overworld"",""salt"":26072801,""spread"":3,""type"":""minecraft:concentric_rings""}",pasterdream:shadow_world_door (weight 1),40,,True,False
pasterdream:small_ballon_0,minecraft:random_spread,10,2,303245205,1,,"{""salt"":303245205,""separation"":2,""spacing"":10,""type"":""minecraft:random_spread""}",pasterdream:small_ballon_0 (weight 1),0,,True,False
pasterdream:small_ballon_1,minecraft:random_spread,10,2,302283333,1,,"{""salt"":302283333,""separation"":2,""spacing"":10,""type"":""minecraft:random_spread""}",pasterdream:small_ballon_1 (weight 1),0,,True,False
pasterdream:small_ballon_10,minecraft:random_spread,10,2,1855702116,1,,"{""salt"":1855702116,""separation"":2,""spacing"":10,""type"":""minecraft:random_spread""}",pasterdream:small_ballon_10 (weight 1),0,,True,False
pasterdream:small_ballon_2,minecraft:random_spread,10,2,302090959,1,,"{""salt"":302090959,""separation"":2,""spacing"":10,""type"":""minecraft:random_spread""}",pasterdream:small_ballon_2 (weight 1),0,,True,False
pasterdream:small_ballon_3,minecraft:random_spread,10,2,302668082,1,,"{""salt"":302668082,""separation"":2,""spacing"":10,""type"":""minecraft:random_spread""}",pasterdream:small_ballon_3 (weight 1),0,,True,False
pasterdream:small_ballon_4,minecraft:random_spread,10,2,302475708,1,,"{""salt"":302475708,""separation"":2,""spacing"":10,""type"":""minecraft:random_spread""}",pasterdream:small_ballon_4 (weight 1),0,,True,False
pasterdream:small_ballon_5,minecraft:random_spread,10,2,301513835,1,,"{""salt"":301513835,""separation"":2,""spacing"":10,""type"":""minecraft:random_spread""}",pasterdream:small_ballon_5 (weight 1),0,,True,False
pasterdream:small_ballon_6,minecraft:random_spread,10,2,301321461,1,,"{""salt"":301321461,""separation"":2,""spacing"":10,""type"":""minecraft:random_spread""}",pasterdream:small_ballon_6 (weight 1),0,,True,False
pasterdream:small_ballon_7,minecraft:random_spread,10,2,301898584,1,,"{""salt"":301898584,""separation"":2,""spacing"":10,""type"":""minecraft:random_spread""}",pasterdream:small_ballon_7 (weight 1),0,,True,False
pasterdream:small_ballon_8,minecraft:random_spread,10,2,301706210,1,,"{""salt"":301706210,""separation"":2,""spacing"":10,""type"":""minecraft:random_spread""}",pasterdream:small_ballon_8 (weight 1),0,,True,False
pasterdream:small_ballon_9,minecraft:random_spread,10,2,306900320,1,,"{""salt"":306900320,""separation"":2,""spacing"":10,""type"":""minecraft:random_spread""}",pasterdream:small_ballon_9 (weight 1),0,,True,False
pasterdream:stone_pillar_0,minecraft:random_spread,5,2,235874907,1,,"{""salt"":235874907,""separation"":2,""spacing"":5,""type"":""minecraft:random_spread""}",pasterdream:stone_pillar_0 (weight 1),0,,True,False
pasterdream:stone_pillar_1,minecraft:random_spread,8,4,236452031,1,,"{""salt"":236452031,""separation"":4,""spacing"":8,""type"":""minecraft:random_spread""}",pasterdream:stone_pillar_1 (weight 1),0,,True,False
pasterdream:stone_pillar_sky_0,minecraft:random_spread,180,95,784407926,1,,"{""salt"":784407926,""separation"":95,""spacing"":180,""type"":""minecraft:random_spread""}",pasterdream:stone_pillar_sky_0 (weight 1),0,,True,False
pasterdream:stone_pillar_sky_1,minecraft:random_spread,96,45,783446054,1,,"{""salt"":783446054,""separation"":45,""spacing"":96,""type"":""minecraft:random_spread""}",pasterdream:stone_pillar_sky_1 (weight 1),0,,True,False
pasterdream:stone_pillar_sky_2,minecraft:random_spread,97,51,783253679,1,,"{""salt"":783253679,""separation"":51,""spacing"":97,""type"":""minecraft:random_spread""}",pasterdream:stone_pillar_sky_2 (weight 1),0,,True,False
pasterdream:struct_dyedream_crack_0,minecraft:random_spread,37,20,2075829609,1,,"{""salt"":2075829609,""separation"":20,""spacing"":37,""type"":""minecraft:random_spread""}",pasterdream:struct_dyedream_crack_0 (weight 1),0,,True,False
pasterdream:struct_dyedream_crack_1_set,pasterdream:dyedream_crack_spread,37,20,2076406732,1,,"{""salt"":2076406732,""separation"":20,""spacing"":37,""type"":""pasterdream:dyedream_crack_spread""}",pasterdream:struct_dyedream_crack_1 (weight 1),40,,True,False
pasterdream:traveler_house_0_set,minecraft:random_spread,99,45,52031349,1,,"{""salt"":52031349,""separation"":45,""spacing"":99,""type"":""minecraft:random_spread""}",pasterdream:traveler_house_0 (weight 1),0,,True,False
pasterdream:traveler_house_1_set,minecraft:random_spread,79,42,52608472,1,,"{""salt"":52608472,""separation"":42,""spacing"":79,""type"":""minecraft:random_spread""}",pasterdream:traveler_house_1 (weight 1),0,,True,False
pasterdream:traveler_house_2_set,minecraft:random_spread,78,43,52416098,1,,"{""salt"":52416098,""separation"":43,""spacing"":78,""type"":""minecraft:random_spread""}",pasterdream:traveler_house_2 (weight 1),0,,True,False
pasterdream:warped_relic_0,minecraft:random_spread,15,8,282611823,1,,"{""salt"":282611823,""separation"":8,""spacing"":15,""type"":""minecraft:random_spread""}",pasterdream:warped_relic_0 (weight 1),0,,True,False
pasterdream:wind_infested_stone_0,minecraft:random_spread,2,1,114139522,1,,"{""salt"":114139522,""separation"":1,""spacing"":2,""type"":""minecraft:random_spread""}",pasterdream:wind_infested_stone_0 (weight 1),0,,True,False
pasterdream:wind_infested_stone_1,minecraft:random_spread,2,1,113947148,1,,"{""salt"":113947148,""separation"":1,""spacing"":2,""type"":""minecraft:random_spread""}",pasterdream:wind_infested_stone_1 (weight 1),0,,True,False
pasterdream:wind_island_0,minecraft:random_spread,7,4,610650667,1,,"{""salt"":610650667,""separation"":4,""spacing"":7,""type"":""minecraft:random_spread""}",pasterdream:wind_island_0 (weight 1),0,,True,False
pasterdream:wind_pond_0,minecraft:random_spread,3,2,737290576,1,,"{""salt"":737290576,""separation"":2,""spacing"":3,""type"":""minecraft:random_spread""}",pasterdream:wind_pond_0 (weight 1),0,,True,False
pasterdream:windmill_lodge,minecraft:random_spread,73,36,270611341,1,,"{""salt"":270611341,""separation"":36,""spacing"":73,""type"":""minecraft:random_spread""}",pasterdream:windmill_lodge (weight 1),0,,True,False
pasterdream:windmoor_tree_0,minecraft:random_spread,3,2,707951846,1,,"{""salt"":707951846,""separation"":2,""spacing"":3,""type"":""minecraft:random_spread""}",pasterdream:windmoor_tree_0 (weight 1),0,,True,False
philipsruins:ancient_crypt,minecraft:random_spread,80,50,265792644,1,,"{""salt"":265792644,""separation"":50,""spacing"":80,""type"":""minecraft:random_spread""}",philipsruins:ancient_crypt (weight 1),15,,True,False
philipsruins:ancient_dungeon,minecraft:random_spread,10,3,512345192,1,,"{""salt"":512345192,""separation"":3,""spacing"":10,""type"":""minecraft:random_spread""}",philipsruins:ancient_dungeon (weight 1),40,,True,False
philipsruins:ancient_ruins,minecraft:random_spread,39,20,165916912,1,,"{""salt"":165916912,""separation"":20,""spacing"":39,""type"":""minecraft:random_spread""}",philipsruins:ancient_ruins (weight 1),35,,True,False
philipsruins:ancient_towers,minecraft:random_spread,32,26,283426912,1,,"{""salt"":283426912,""separation"":26,""spacing"":32,""type"":""minecraft:random_spread""}",philipsruins:ancient_towers (weight 1),35,,True,False
philipsruins:field_stone_ruins,minecraft:random_spread,49,23,558158731,1,,"{""salt"":558158731,""separation"":23,""spacing"":49,""type"":""minecraft:random_spread""}",philipsruins:field_stone_ruins (weight 1),21,,True,False
philipsruins:field_stone_ruins_rocks,minecraft:random_spread,26,18,144788412,1,,"{""exclusion_zone"":{""chunk_count"":10,""other_set"":""minecraft:villages""},""salt"":144788412,""separation"":18,""spacing"":26,""type"":""minecraft:random_spread""}",philipsruins:field_stone_ruins_rocks (weight 1),32,,True,False
philipsruins:level_one_ruins,minecraft:random_spread,49,26,328134491,1,,"{""salt"":328134491,""separation"":26,""spacing"":49,""type"":""minecraft:random_spread""}",philipsruins:level_one_ruins (weight 1),21,,True,False
philipsruins:level_three_ruins,minecraft:random_spread,55,29,198312145,1,,"{""salt"":198312145,""separation"":29,""spacing"":55,""type"":""minecraft:random_spread""}",philipsruins:level_three_ruins (weight 1),21,,True,False
philipsruins:level_two_ruins,minecraft:random_spread,52,32,697518742,1,,"{""salt"":697518742,""separation"":32,""spacing"":52,""type"":""minecraft:random_spread""}",philipsruins:level_two_ruins (weight 1) | philipsruins:level_two_ruins_pool (weight 1),21,,True,False
philipsruins:lost_soul_city,minecraft:random_spread,80,65,121229911,1,,"{""salt"":121229911,""separation"":65,""spacing"":80,""type"":""minecraft:random_spread""}",philipsruins:lost_soul_city (weight 1),35,,True,False
philipsruins:ocean_fortress_main,minecraft:random_spread,70,50,765385625,1,,"{""salt"":765385625,""separation"":50,""spacing"":70,""type"":""minecraft:random_spread""}",philipsruins:ocean_fortress (weight 1),0,,True,False
philipsruins:ocean_ruins,minecraft:random_spread,50,40,937485621,1,,"{""salt"":937485621,""separation"":40,""spacing"":50,""type"":""minecraft:random_spread""}",philipsruins:ocean_ruins (weight 1),0,,True,False
philipsruins:pumpkin_ruins,minecraft:random_spread,32,26,248791439,1,,"{""salt"":248791439,""separation"":26,""spacing"":32,""type"":""minecraft:random_spread""}",philipsruins:pumpkin_ruins (weight 1),24,,True,False
philipsruins:rare_ruin,minecraft:random_spread,234,84,341891341,1,,"{""salt"":341891341,""separation"":84,""spacing"":234,""type"":""minecraft:random_spread""}",philipsruins:rare_ruin (weight 1),4,,True,False
philipsruins:underground_structures,minecraft:random_spread,60,35,641781942,1,,"{""salt"":641781942,""separation"":35,""spacing"":60,""type"":""minecraft:random_spread""}",philipsruins:lost_soul_dungeon (weight 1) | philipsruins:underground_structures (weight 1),0,,True,False
repurposed_structures:ancient_cities_end,repurposed_structures:advanced_random_spread,88,46,112448534,1,,"{""min_distance_from_world_origin"":1000,""salt"":112448534,""separation"":46,""spacing"":88,""type"":""repurposed_structures:advanced_random_spread""}",repurposed_structures:ancient_city_end (weight 1),0,c:is_end | c:is_outer_end_island,True,False
repurposed_structures:ancient_cities_nether,repurposed_structures:advanced_random_spread,400,250,211231599,1,,"{""salt"":211231599,""separation"":250,""spacing"":400,""type"":""repurposed_structures:advanced_random_spread""}",repurposed_structures:ancient_city_nether (weight 1),0,c:is_nether,True,False
repurposed_structures:ancient_cities_overworld,repurposed_structures:advanced_random_spread,170,100,210999111,1,,"{""salt"":210999111,""separation"":100,""spacing"":170,""super_exclusion_zone"":{""chunk_count"":3,""other_set"":""#repurposed_structures:overworld_ancient_city_avoid""},""type"":""repurposed_structures:advanced_random_spread""}",repurposed_structures:ancient_city_ocean (weight 1),1,,True,False
repurposed_structures:bastions_overworld,repurposed_structures:advanced_random_spread,135,75,618127296,1,,"{""salt"":618127296,""separation"":75,""spacing"":135,""super_exclusion_zone"":{""chunk_count"":7,""other_set"":""#repurposed_structures:underground_bastion_avoid""},""type"":""repurposed_structures:advanced_random_spread""}",repurposed_structures:bastion_underground (weight 1),35,byg:is_icy | c:badlands | c:in_badlands | c:is_caves | forge:is_badlands,True,False
repurposed_structures:cities_nether,repurposed_structures:advanced_random_spread,100,50,314217945,1,,"{""salt"":314217945,""separation"":50,""spacing"":100,""super_exclusion_zone"":{""chunk_count"":4,""other_set"":""#repurposed_structures:nether_city_avoid""},""type"":""repurposed_structures:advanced_random_spread""}",repurposed_structures:city_nether (weight 1),0,c:is_nether,True,False
repurposed_structures:cities_overworld,repurposed_structures:advanced_random_spread,140,80,346349343,1,,"{""salt"":346349343,""separation"":80,""spacing"":140,""super_exclusion_zone"":{""chunk_count"":3,""other_set"":""#repurposed_structures:overworld_city_avoid""},""type"":""repurposed_structures:advanced_random_spread""}",repurposed_structures:city_overworld (weight 1),8,,True,False
repurposed_structures:fortresses_overworld,repurposed_structures:advanced_random_spread,32,16,1694767080,1,,"{""salt"":1694767080,""separation"":16,""spacing"":32,""type"":""repurposed_structures:advanced_random_spread""}",repurposed_structures:fortress_jungle (weight 1),3,,True,False
repurposed_structures:igloos_overworld,repurposed_structures:advanced_random_spread,23,12,626760262,1,,"{""salt"":626760262,""separation"":12,""spacing"":23,""type"":""repurposed_structures:advanced_random_spread""}",repurposed_structures:igloo_grassy (weight 1) | repurposed_structures:igloo_stone (weight 1) | repurposed_structures:igloo_mangrove (weight 1) | repurposed_structures:igloo_mushroom (weight 1),21,,True,False
repurposed_structures:mansions_mangrove,repurposed_structures:advanced_random_spread,78,32,512456965,1,,"{""salt"":512456965,""separation"":32,""spacing"":78,""spread_type"":""triangular"",""super_exclusion_zone"":{""chunk_count"":4,""other_set"":""#repurposed_structures:mansion_avoid""},""type"":""repurposed_structures:advanced_random_spread""}",repurposed_structures:mansion_mangrove (weight 1),2,,True,False
repurposed_structures:mansions_overworld,repurposed_structures:advanced_random_spread,146,72,507461062,1,,"{""salt"":507461062,""separation"":72,""spacing"":146,""spread_type"":""triangular"",""super_exclusion_zone"":{""chunk_count"":4,""other_set"":""#repurposed_structures:mansion_avoid""},""type"":""repurposed_structures:advanced_random_spread""}",repurposed_structures:mansion_birch (weight 1) | repurposed_structures:mansion_oak (weight 1) | repurposed_structures:mansion_taiga (weight 1) | repurposed_structures:mansion_jungle (weight 1) | repurposed_structures:mansion_savanna (weight 1) | repurposed_structures:mansion_snowy (weight 1) | repurposed_structures:mansion_desert (weight 1),16,,True,False
repurposed_structures:mineshafts_end,repurposed_structures:advanced_random_spread,1,0,123635040,0.006,,"{""frequency"":0.006,""frequency_reduction_method"":""legacy_type_3"",""min_distance_from_world_origin"":1000,""salt"":123635040,""separation"":0,""spacing"":1,""super_exclusion_zone"":{""chunk_count"":6,""other_set"":""#repurposed_structures:end_mineshaft_avoid""},""type"":""repurposed_structures:advanced_random_spread""}",repurposed_structures:mineshaft_end (weight 1),0,c:is_end | c:is_outer_end_island,True,False
repurposed_structures:mineshafts_nether,repurposed_structures:advanced_random_spread,1,0,129435040,0.00275,,"{""frequency"":0.00275,""frequency_reduction_method"":""legacy_type_3"",""salt"":129435040,""separation"":0,""spacing"":1,""type"":""repurposed_structures:advanced_random_spread""}",repurposed_structures:mineshaft_basalt (weight 100) | repurposed_structures:mineshaft_crimson (weight 100) | repurposed_structures:mineshaft_nether (weight 1) | repurposed_structures:mineshaft_soul (weight 100) | repurposed_structures:mineshaft_warped (weight 100),0,c:is_nether | c:primary_wood_type/crimson | c:primary_wood_type/warped,True,False
repurposed_structures:mineshafts_ocean,repurposed_structures:advanced_random_spread,1,0,129417444,0.0008,,"{""frequency"":0.0008,""frequency_reduction_method"":""legacy_type_3"",""salt"":129417444,""separation"":0,""spacing"":1,""type"":""repurposed_structures:advanced_random_spread""}",repurposed_structures:mineshaft_ocean (weight 1),3,,True,False
repurposed_structures:mineshafts_overworld,repurposed_structures:advanced_random_spread,1,0,129417040,0.00115,,"{""frequency"":0.00115,""frequency_reduction_method"":""legacy_type_3"",""salt"":129417040,""separation"":0,""spacing"":1,""type"":""repurposed_structures:advanced_random_spread""}",repurposed_structures:mineshaft_birch (weight 1) | repurposed_structures:mineshaft_dark_forest (weight 1) | repurposed_structures:mineshaft_desert (weight 1) | repurposed_structures:mineshaft_icy (weight 1) | repurposed_structures:mineshaft_jungle (weight 1) | repurposed_structures:mineshaft_savanna (weight 1) | repurposed_structures:mineshaft_stone (weight 1) | repurposed_structures:mineshaft_swamp (weight 1) | repurposed_structures:mineshaft_taiga (weight 1),34,byg:is_icy,True,False
repurposed_structures:monuments_nether,repurposed_structures:advanced_random_spread,320,140,322115398,1,,"{""salt"":322115398,""separation"":140,""spacing"":320,""super_exclusion_zone"":{""chunk_count"":3,""other_set"":""#repurposed_structures:nether_monument_avoid""},""type"":""repurposed_structures:advanced_random_spread""}",repurposed_structures:monument_nether (weight 1),0,c:is_nether,True,False
repurposed_structures:monuments_overworld,repurposed_structures:advanced_random_spread,91,41,412325774,1,,"{""salt"":412325774,""separation"":41,""spacing"":91,""super_exclusion_zone"":{""chunk_count"":3,""other_set"":""#repurposed_structures:overworld_monument_avoid""},""type"":""repurposed_structures:advanced_random_spread""}",repurposed_structures:monument_jungle (weight 1) | repurposed_structures:monument_icy (weight 1) | repurposed_structures:monument_desert (weight 1),8,byg:is_icy,True,False
repurposed_structures:outposts_end,repurposed_structures:advanced_random_spread,61,30,1047041233,1,,"{""min_distance_from_world_origin"":1000,""salt"":1047041233,""separation"":30,""spacing"":61,""super_exclusion_zone"":{""chunk_count"":5,""other_set"":""#repurposed_structures:end_outpost_avoid""},""type"":""repurposed_structures:advanced_random_spread""}",repurposed_structures:outpost_end (weight 1),0,c:is_end | c:is_outer_end_island,True,False
repurposed_structures:outposts_nether,repurposed_structures:advanced_random_spread,65,25,1104219583,1,,"{""salt"":1104219583,""separation"":25,""spacing"":65,""type"":""repurposed_structures:advanced_random_spread""}",repurposed_structures:outpost_basalt (weight 100) | repurposed_structures:outpost_crimson (weight 100) | repurposed_structures:outpost_nether_brick (weight 1) | repurposed_structures:outpost_soul (weight 100) | repurposed_structures:outpost_warped (weight 100),0,c:is_nether | c:primary_wood_type/crimson | c:primary_wood_type/warped,True,False
repurposed_structures:outposts_ocean,repurposed_structures:advanced_random_spread,67,32,411702122,1,,"{""salt"":411702122,""separation"":32,""spacing"":67,""super_exclusion_zone"":{""chunk_count"":5,""other_set"":""#repurposed_structures:ocean_outpost_avoid""},""type"":""repurposed_structures:advanced_random_spread""}",repurposed_structures:outpost_ocean (weight 1),1,,True,False
repurposed_structures:outposts_overworld,repurposed_structures:advanced_random_spread,32,16,411702122,1,,"{""salt"":411702122,""separation"":16,""spacing"":32,""super_exclusion_zone"":{""chunk_count"":5,""other_set"":""#repurposed_structures:overworld_outpost_avoid""},""type"":""repurposed_structures:advanced_random_spread""}",repurposed_structures:outpost_badlands (weight 1) | repurposed_structures:outpost_birch (weight 1) | repurposed_structures:outpost_desert (weight 1) | repurposed_structures:outpost_giant_tree_taiga (weight 1) | repurposed_structures:outpost_icy (weight 1) | repurposed_structures:outpost_jungle (weight 1) | repurposed_structures:outpost_mangrove (weight 1) | repurposed_structures:outpost_oak (weight 1) | repurposed_structures:outpost_savanna (weight 1) | repurposed_structures:outpost_snowy (weight 1) | repurposed_structures:outpost_taiga (weight 1),23,byg:is_icy | c:badlands | c:in_badlands | forge:is_badlands,True,False
repurposed_structures:pyramids_end,repurposed_structures:advanced_random_spread,68,34,1651947933,1,,"{""min_distance_from_world_origin"":1000,""salt"":1651947933,""separation"":34,""spacing"":68,""type"":""repurposed_structures:advanced_random_spread""}",repurposed_structures:pyramid_end (weight 1),0,c:is_end | c:is_outer_end_island,True,False
repurposed_structures:pyramids_mushroom,repurposed_structures:advanced_random_spread,23,10,1253128977,1,,"{""salt"":1253128977,""separation"":10,""spacing"":23,""type"":""repurposed_structures:advanced_random_spread""}",repurposed_structures:pyramid_mushroom (weight 1),0,,True,False
repurposed_structures:pyramids_nether,repurposed_structures:advanced_random_spread,45,23,1834904924,1,,"{""salt"":1834904924,""separation"":23,""spacing"":45,""type"":""repurposed_structures:advanced_random_spread""}",repurposed_structures:pyramid_nether (weight 1),0,c:is_nether,True,False
repurposed_structures:pyramids_overworld,repurposed_structures:advanced_random_spread,34,19,1755529804,1,,"{""salt"":1755529804,""separation"":19,""spacing"":34,""type"":""repurposed_structures:advanced_random_spread""}",repurposed_structures:pyramid_badlands (weight 1) | repurposed_structures:pyramid_dark_forest (weight 1) | repurposed_structures:pyramid_snowy (weight 1) | repurposed_structures:pyramid_icy (weight 1) | repurposed_structures:pyramid_jungle (weight 1) | repurposed_structures:pyramid_ocean (weight 1) | repurposed_structures:pyramid_giant_tree_taiga (weight 1) | repurposed_structures:pyramid_flower_forest (weight 1),25,biomeswevegone:is_floral | byg:is_floral | byg:is_icy | c:badlands | c:in_badlands | forge:is_badlands,True,False
repurposed_structures:ruined_portals_end,repurposed_structures:advanced_random_spread,57,23,1048250904,1,,"{""min_distance_from_world_origin"":1000,""salt"":1048250904,""separation"":23,""spacing"":57,""type"":""repurposed_structures:advanced_random_spread""}",repurposed_structures:ruined_portal_end (weight 1),0,c:is_end | c:is_outer_end_island,True,False
repurposed_structures:ruins_nether,repurposed_structures:advanced_random_spread,36,3,1933599015,1,,"{""salt"":1933599015,""separation"":3,""spacing"":36,""type"":""repurposed_structures:advanced_random_spread""}",repurposed_structures:ruins_nether (weight 1),0,c:is_nether,True,False
repurposed_structures:ruins_overworld,repurposed_structures:advanced_random_spread,68,30,1612645903,1,,"{""salt"":1612645903,""separation"":30,""spacing"":68,""type"":""repurposed_structures:advanced_random_spread""}",repurposed_structures:ruins_land_warm (weight 1) | repurposed_structures:ruins_land_hot (weight 1) | repurposed_structures:ruins_land_cold (weight 1) | repurposed_structures:ruins_land_icy (weight 1),29,byg:is_icy,True,False
repurposed_structures:shipwrecks_end,repurposed_structures:advanced_random_spread,24,12,185161978,1,,"{""min_distance_from_world_origin"":1000,""salt"":185161978,""separation"":12,""spacing"":24,""type"":""repurposed_structures:advanced_random_spread""}",repurposed_structures:shipwreck_end (weight 1),0,c:is_end | c:is_outer_end_island,True,False
repurposed_structures:shipwrecks_nether,repurposed_structures:advanced_random_spread,21,11,1224747205,1,,"{""salt"":1224747205,""separation"":11,""spacing"":21,""super_exclusion_zone"":{""chunk_count"":2,""other_set"":""#repurposed_structures:nether_shipwreck_avoid""},""type"":""repurposed_structures:advanced_random_spread""}",repurposed_structures:shipwreck_nether_bricks (weight 1) | repurposed_structures:shipwreck_crimson (weight 100) | repurposed_structures:shipwreck_warped (weight 100),0,c:is_nether | c:primary_wood_type/crimson | c:primary_wood_type/warped,True,False
repurposed_structures:strongholds_end,repurposed_structures:advanced_random_spread,100,55,461009219,1,,"{""min_distance_from_world_origin"":8000,""salt"":461009219,""separation"":55,""spacing"":100,""type"":""repurposed_structures:advanced_random_spread""}",repurposed_structures:stronghold_end (weight 1),0,c:is_end | c:is_outer_end_island,True,False
repurposed_structures:strongholds_nether,repurposed_structures:advanced_random_spread,135,60,319889469,1,,"{""min_distance_from_world_origin"":2817,""salt"":319889469,""separation"":60,""spacing"":135,""type"":""repurposed_structures:advanced_random_spread""}",repurposed_structures:stronghold_nether (weight 1),0,c:is_nether,True,False
repurposed_structures:temples_nether,repurposed_structures:advanced_random_spread,33,16,449097286,1,,"{""salt"":449097286,""separation"":16,""spacing"":33,""type"":""repurposed_structures:advanced_random_spread""}",repurposed_structures:temple_nether_wasteland (weight 1) | repurposed_structures:temple_nether_basalt (weight 1) | repurposed_structures:temple_nether_warped (weight 1) | repurposed_structures:temple_nether_crimson (weight 1) | repurposed_structures:temple_nether_soul (weight 1),0,c:is_nether | c:primary_wood_type/crimson | c:primary_wood_type/warped,True,False
repurposed_structures:temples_overworld,repurposed_structures:advanced_random_spread,33,19,1590755324,1,,"{""salt"":1590755324,""separation"":19,""spacing"":33,""type"":""repurposed_structures:advanced_random_spread""}",repurposed_structures:temple_taiga (weight 1) | repurposed_structures:temple_ocean (weight 1),13,,True,False
repurposed_structures:villages_mushroom,repurposed_structures:advanced_random_spread,23,10,408231499,1,,"{""salt"":408231499,""separation"":10,""spacing"":23,""super_exclusion_zone"":{""chunk_count"":6,""other_set"":""#repurposed_structures:mushroom_village_avoid""},""type"":""repurposed_structures:advanced_random_spread""}",repurposed_structures:village_mushroom (weight 1),0,,True,False
repurposed_structures:villages_nether,repurposed_structures:advanced_random_spread,53,27,2010691245,1,,"{""salt"":2010691245,""separation"":27,""spacing"":53,""super_exclusion_zone"":{""chunk_count"":6,""other_set"":""#repurposed_structures:nether_village_avoid""},""type"":""repurposed_structures:advanced_random_spread""}",repurposed_structures:village_crimson (weight 1) | repurposed_structures:village_warped (weight 1),0,c:primary_wood_type/crimson | c:primary_wood_type/warped,True,False
repurposed_structures:villages_overworld,repurposed_structures:advanced_random_spread,32,16,608450500,1,,"{""salt"":608450500,""separation"":16,""spacing"":32,""super_exclusion_zone"":{""chunk_count"":6,""other_set"":""#repurposed_structures:overworld_village_avoid""},""type"":""repurposed_structures:advanced_random_spread""}",repurposed_structures:village_badlands (weight 1) | repurposed_structures:village_bamboo (weight 4) | repurposed_structures:village_birch (weight 4) | repurposed_structures:village_cherry (weight 4) | repurposed_structures:village_dark_forest (weight 4) | repurposed_structures:village_giant_taiga (weight 1) | repurposed_structures:village_jungle (weight 1) | repurposed_structures:village_mountains (weight 1) | repurposed_structures:village_oak (weight 1) | repurposed_structures:village_swamp (weight 1) | repurposed_structures:village_ocean (weight 1),30,biomeswevegone:is_floral | byg:is_floral | c:badlands | c:in_badlands | forge:is_badlands,True,False
repurposed_structures:witch_huts_overworld,repurposed_structures:advanced_random_spread,34,17,2043830143,1,,"{""salt"":2043830143,""separation"":17,""spacing"":34,""type"":""repurposed_structures:advanced_random_spread""}",repurposed_structures:witch_hut_oak (weight 1) | repurposed_structures:witch_hut_taiga (weight 1) | repurposed_structures:witch_hut_birch (weight 1) | repurposed_structures:witch_hut_dark_forest (weight 1) | repurposed_structures:witch_hut_giant_tree_taiga (weight 1) | repurposed_structures:witch_hut_mangrove (weight 1),16,,True,False
sky_whale_ship:frozen_whale,minecraft:random_spread,132,24,1132952700,1,,"{""salt"":1132952700,""separation"":24,""spacing"":132,""type"":""minecraft:random_spread""}",sky_whale_ship:frozen_whale (weight 1),6,,True,False
sky_whale_ship:whale,minecraft:random_spread,114,21,1387282294,1,,"{""salt"":1387282294,""separation"":21,""spacing"":114,""type"":""minecraft:random_spread""}",sky_whale_ship:whale (weight 1),31,,True,False
sky_whale_ship:whalearena,minecraft:random_spread,110,21,285035897,1,,"{""salt"":285035897,""separation"":21,""spacing"":110,""type"":""minecraft:random_spread""}",sky_whale_ship:whalearena (weight 1),31,,True,False
sky_whale_ship:whalelight,minecraft:random_spread,103,21,730522536,1,,"{""salt"":730522536,""separation"":21,""spacing"":103,""type"":""minecraft:random_spread""}",sky_whale_ship:whalelight (weight 1),31,,True,False
sky_whale_ship:whaleship,minecraft:random_spread,107,21,1027865011,1,,"{""salt"":1027865011,""separation"":21,""spacing"":107,""type"":""minecraft:random_spread""}",sky_whale_ship:whaleship (weight 1),31,,True,False
skyarena:ice_arena,minecraft:random_spread,49,32,985976643,1,,"{""salt"":985976643,""separation"":32,""spacing"":49,""type"":""minecraft:random_spread""}",skyarena:ice_arena (weight 1),8,,True,False
skyarena:sky_arena,minecraft:random_spread,49,32,1644986321,1,,"{""salt"":1644986321,""separation"":32,""spacing"":49,""type"":""minecraft:random_spread""}",skyarena:sky_arena (weight 1),0,,True,False
skyvillages:skyvillage,minecraft:random_spread,44,32,23734816,1,,"{""salt"":23734816,""separation"":32,""spacing"":44,""type"":""minecraft:random_spread""}",skyvillages:skyvillage (weight 1),32,,True,False
structory:mid_rare_ruin,minecraft:random_spread,21,11,42069420,0.7,,"{""frequency"":0.7,""frequency_reduction_method"":""default"",""salt"":42069420,""separation"":11,""spacing"":21,""spread_type"":""triangular"",""type"":""minecraft:random_spread""}",structory:taiga_ruin_surface (weight 1) | structory:taiga_ruin_underground (weight 1) | structory:northern_ruin (weight 1),21,,True,False
structory:old_manor,minecraft:random_spread,29,11,22427392,1,,"{""salt"":22427392,""separation"":11,""spacing"":29,""type"":""minecraft:random_spread""}",structory:old_manor (weight 3) | structory:dense_forest_ruin (weight 1),3,,True,False
structory:outcast_villager,minecraft:random_spread,31,10,420,1,,"{""salt"":420,""separation"":10,""spacing"":31,""type"":""minecraft:random_spread""}",structory:abandoned_chapel (weight 5) | structory:graveyard (weight 2) | structory:abandoned_camp (weight 3) | structory:outcast_villager_grassy (weight 8) | structory:ruin_grassy (weight 8) | structory:firetower (weight 4) | structory:outcast_villager_desert (weight 4) | structory:boat (weight 4),23,terralith:has_structure/fortified_village,True,False
structory:ruin,minecraft:random_spread,21,7,992963,1,,"{""salt"":992963,""separation"":7,""spacing"":21,""type"":""minecraft:random_spread""}",structory:jungle_ruin (weight 1),3,,True,False
structory:ruin_quiet,minecraft:random_spread,16,7,6942069,1,,"{""salt"":6942069,""separation"":7,""spacing"":16,""type"":""minecraft:random_spread""}",structory:swamp_ruin (weight 1),0,,True,False
supplementaries:galleons,supplementaries:random_spread_with_exclusion,31,19,121047156,1,,"{""exclusion_zones"":[{""chunk_count"":16,""other_set"":""minecraft:villages""},{""chunk_count"":5,""other_set"":""minecraft:ocean_monuments""}],""salt"":121047156,""separation"":19,""spacing"":31,""type"":""supplementaries:random_spread_with_exclusion""}",supplementaries:galleon (weight 1),0,supplementaries:has_galleons,True,False
supplementaries:road_signs,minecraft:random_spread,19,10,431041526,1,,"{""exclusion_zone"":{""chunk_count"":10,""other_set"":""minecraft:villages""},""salt"":431041526,""separation"":10,""spacing"":19,""type"":""minecraft:random_spread""}",supplementaries:road_sign (weight 1),0,supplementaries:has_road_signs,True,False
totw_modded:aether,minecraft:random_spread,45,25,1686983,1,,"{""salt"":1686983,""separation"":25,""spacing"":45,""type"":""minecraft:random_spread""}",totw_modded:aether (weight 1),0,,True,False
totw_modded:end,minecraft:random_spread,45,25,1685779,1,,"{""salt"":1685779,""separation"":25,""spacing"":45,""type"":""minecraft:random_spread""}",totw_modded:end (weight 1),0,c:is_end,True,False
totw_modded:everbright,minecraft:random_spread,45,25,1689771,1,,"{""salt"":1689771,""separation"":25,""spacing"":45,""type"":""minecraft:random_spread""}",totw_modded:everbright (weight 1),0,,True,False
totw_modded:everdawn,minecraft:random_spread,45,25,1680782,1,,"{""salt"":1680782,""separation"":25,""spacing"":45,""type"":""minecraft:random_spread""}",totw_modded:everdawn (weight 1),0,,True,False
totw_modded:nether,minecraft:random_spread,45,25,1683778,1,,"{""salt"":1683778,""separation"":25,""spacing"":45,""type"":""minecraft:random_spread""}",totw_modded:nether (weight 1),0,c:is_nether,True,False
totw_modded:overworld,minecraft:random_spread,26,14,1685777,1,,"{""salt"":1685777,""separation"":14,""spacing"":26,""type"":""minecraft:random_spread""}",totw_modded:regular (weight 1) | totw_modded:desert (weight 1) | totw_modded:ice (weight 1) | totw_modded:derelict (weight 1) | totw_modded:derelict_grass (weight 1) | totw_modded:jungle (weight 1) | totw_modded:badlands (weight 1) | totw_modded:ocean_warm (weight 1) | totw_modded:ocean (weight 1),31,c:is_badlands,True,False
totw_modded:planets,minecraft:random_spread,45,25,1649784,1,,"{""salt"":1649784,""separation"":25,""spacing"":45,""type"":""minecraft:random_spread""}",totw_modded:moon (weight 1) | totw_modded:mars (weight 1) | totw_modded:venus (weight 1) | totw_modded:mercury (weight 1) | totw_modded:glacio (weight 1),0,,True,False
totw_modded:ratlantis,minecraft:random_spread,45,25,1686783,1,,"{""salt"":1686783,""separation"":25,""spacing"":45,""type"":""minecraft:random_spread""}",totw_modded:ratlantis (weight 1),0,,True,False
totw_modded:twilightforest,minecraft:random_spread,45,25,1689785,1,,"{""salt"":1689785,""separation"":25,""spacing"":45,""type"":""minecraft:random_spread""}",totw_modded:tw_mangrove (weight 1) | totw_modded:tw_canopy (weight 1),0,,True,False
towns_and_towers:other,minecraft:random_spread,32,16,213742069,1,,"{""salt"":213742069,""separation"":16,""spacing"":32,""type"":""minecraft:random_spread""}",towns_and_towers:mimic_desert (weight 1) | towns_and_towers:wreckage_ocean (weight 1),0,,False,False
towns_and_towers:towers,minecraft:random_spread,48,12,213742069,0.2,,"{""exclusion_zone"":{""chunk_count"":10,""other_set"":""towns_and_towers:towns""},""frequency"":0.2,""frequency_reduction_method"":""legacy_type_1"",""salt"":213742069,""separation"":12,""spacing"":48,""type"":""minecraft:random_spread""}",towns_and_towers:pillager_outpost_badlands (weight 5) | towns_and_towers:pillager_outpost_beach (weight 5) | towns_and_towers:pillager_outpost_birch_forest (weight 5) | towns_and_towers:pillager_outpost_desert (weight 5) | towns_and_towers:pillager_outpost_flower_forest (weight 5) | towns_and_towers:pillager_outpost_forest (weight 5) | towns_and_towers:pillager_outpost_grove (weight 5) | towns_and_towers:pillager_outpost_jungle (weight 5) | towns_and_towers:pillager_outpost_meadow (weight 5) | towns_and_towers:pillager_outpost_mushroom_fields (weight 5) | towns_and_towers:pillager_outpost_ocean (weight 2) | towns_and_towers:pillager_outpost_old_growth_taiga (weight 5) | towns_and_towers:pillager_outpost_savanna (weight 5) | towns_and_towers:pillager_outpost_savanna_plateau (weight 5) | towns_and_towers:pillager_outpost_snowy_beach (weight 5) | towns_and_towers:pillager_outpost_snowy_plains (weight 5) | towns_and_towers:pillager_outpost_snowy_slopes (weight 5) | towns_and_towers:pillager_outpost_sparse_jungle (weight 5) | towns_and_towers:pillager_outpost_sunflower_plains (weight 5) | towns_and_towers:pillager_outpost_swamp (weight 5) | towns_and_towers:pillager_outpost_taiga (weight 5) | towns_and_towers:pillager_outpost_snowy_taiga (weight 5) | towns_and_towers:pillager_outpost_wooded_badlands (weight 5) | towns_and_towers:exclusives/pillager_outpost_mediterranean (weight 5) | towns_and_towers:exclusives/pillager_outpost_tudor (weight 5) | towns_and_towers:exclusives/pillager_outpost_classic (weight 5) | towns_and_towers:exclusives/pillager_outpost_oriental (weight 5) | towns_and_towers:exclusives/pillager_outpost_swedish (weight 5) | towns_and_towers:exclusives/pillager_outpost_iberian (weight 5) | towns_and_towers:exclusives/pillager_outpost_rustic (weight 5) | towns_and_towers:exclusives/pillager_outpost_nilotic (weight 5),14,,False,False
towns_and_towers:towns,minecraft:random_spread,51,12,213742069,1,,"{""exclusion_zone"":{""chunk_count"":5,""other_set"":""minecraft:villages""},""salt"":213742069,""separation"":12,""spacing"":51,""type"":""minecraft:random_spread""}",towns_and_towers:village_badlands (weight 5) | towns_and_towers:village_beach (weight 5) | towns_and_towers:village_birch_forest (weight 5) | towns_and_towers:village_flower_forest (weight 5) | towns_and_towers:village_forest (weight 5) | towns_and_towers:village_snowy_slopes (weight 5) | towns_and_towers:village_jungle (weight 5) | towns_and_towers:village_meadow (weight 5) | towns_and_towers:village_mushroom_fields (weight 5) | towns_and_towers:village_ocean (weight 2) | towns_and_towers:village_old_growth_taiga (weight 5) | towns_and_towers:village_grove (weight 5) | towns_and_towers:village_savanna_plateau (weight 5) | towns_and_towers:village_sunflower_plains (weight 5) | towns_and_towers:village_snowy_taiga (weight 5) | towns_and_towers:village_sparse_jungle (weight 5) | towns_and_towers:village_swamp (weight 5) | towns_and_towers:village_wooded_badlands (weight 5) | towns_and_towers:exclusives/village_mediterranean (weight 5) | towns_and_towers:exclusives/village_swedish (weight 5) | towns_and_towers:exclusives/village_tudor (weight 5) | towns_and_towers:exclusives/village_wandering_trader_camp (weight 5) | towns_and_towers:exclusives/village_classic (weight 5) | towns_and_towers:exclusives/village_rustic (weight 5) | towns_and_towers:exclusives/village_iberian (weight 5) | towns_and_towers:exclusives/village_nilotic (weight 5) | towns_and_towers:exclusives/village_piglin (weight 5),12,,False,False
underwater_village:cold_big_gate,minecraft:random_spread,50,20,2102427332,1,,"{""salt"":2102427332,""separation"":20,""spacing"":50,""type"":""minecraft:random_spread""}",underwater_village:cold_big_gate (weight 1),0,,True,False
underwater_village:cold_broken_house,minecraft:random_spread,50,20,1657588445,1,,"{""salt"":1657588445,""separation"":20,""spacing"":50,""type"":""minecraft:random_spread""}",underwater_village:cold_broken_house (weight 1),0,,True,False
underwater_village:cold_fountain,minecraft:random_spread,40,20,430765125,1,,"{""salt"":430765125,""separation"":20,""spacing"":40,""type"":""minecraft:random_spread""}",underwater_village:cold_fountain (weight 1),0,,True,False
underwater_village:cold_gate,minecraft:random_spread,40,20,408747109,1,,"{""salt"":408747109,""separation"":20,""spacing"":40,""type"":""minecraft:random_spread""}",underwater_village:cold_gate (weight 1),0,,True,False
underwater_village:dungeon,minecraft:random_spread,80,45,903129781,1,,"{""salt"":903129781,""separation"":45,""spacing"":80,""type"":""minecraft:random_spread""}",underwater_village:dungeon (weight 1),0,,True,False
underwater_village:library,minecraft:random_spread,50,20,241009325,1,,"{""salt"":241009325,""separation"":20,""spacing"":50,""type"":""minecraft:random_spread""}",underwater_village:library (weight 1),0,,True,False
underwater_village:ruins,minecraft:random_spread,50,20,1330705891,1,,"{""salt"":1330705891,""separation"":20,""spacing"":50,""type"":""minecraft:random_spread""}",underwater_village:ruins (weight 1),0,,True,False
underwater_village:shrine,minecraft:random_spread,40,20,1892947911,1,,"{""salt"":1892947911,""separation"":20,""spacing"":40,""type"":""minecraft:random_spread""}",underwater_village:shrine (weight 1),0,,True,False
underwater_village:small_gate,minecraft:random_spread,50,20,1055651710,1,,"{""salt"":1055651710,""separation"":20,""spacing"":50,""type"":""minecraft:random_spread""}",underwater_village:small_gate (weight 1),0,,True,False
underwater_village:temple,minecraft:random_spread,40,20,567394136,1,,"{""salt"":567394136,""separation"":20,""spacing"":40,""type"":""minecraft:random_spread""}",underwater_village:temple (weight 1),0,,True,False
underwater_village:temple_broken,minecraft:random_spread,40,20,317067579,1,,"{""salt"":317067579,""separation"":20,""spacing"":40,""type"":""minecraft:random_spread""}",underwater_village:temple_broken (weight 1),0,,True,False
underwater_village:temple_ruins,minecraft:random_spread,40,20,1471524314,1,,"{""salt"":1471524314,""separation"":20,""spacing"":40,""type"":""minecraft:random_spread""}",underwater_village:temple_ruins (weight 1),0,,True,False
underwater_village:tower,minecraft:random_spread,50,20,1406035121,1,,"{""salt"":1406035121,""separation"":20,""spacing"":50,""type"":""minecraft:random_spread""}",underwater_village:tower (weight 1),0,,True,False
underwater_village:warm_big_gate,minecraft:random_spread,50,20,579212476,1,,"{""salt"":579212476,""separation"":20,""spacing"":50,""type"":""minecraft:random_spread""}",underwater_village:warm_big_gate (weight 1),0,,True,False
underwater_village:warm_broken_house,minecraft:random_spread,40,20,502258881,1,,"{""salt"":502258881,""separation"":20,""spacing"":40,""type"":""minecraft:random_spread""}",underwater_village:warm_broken_house (weight 1),0,,True,False
underwater_village:warm_fountain,minecraft:random_spread,50,20,1679146509,1,,"{""salt"":1679146509,""separation"":20,""spacing"":50,""type"":""minecraft:random_spread""}",underwater_village:warm_fountain (weight 1),0,,True,False
underwater_village:warm_gate,minecraft:random_spread,40,20,1684271873,1,,"{""salt"":1684271873,""separation"":20,""spacing"":40,""type"":""minecraft:random_spread""}",underwater_village:warm_gate (weight 1),0,,True,False
minecraft:pillager_outposts,Base-game definition not captured; code augments existing set,,,,,,,"ctov:pillager_outpost_beach (weight 1, code route) | ctov:pillager_outpost_dark_forest (weight 1, code route) | ctov:pillager_outpost_desert (weight 1, code route) | ctov:pillager_outpost_jungle (weight 1, code route) | ctov:pillager_outpost_badlands (weight 1, code route) | ctov:pillager_outpost_mountain (weight 1, code route) | ctov:pillager_outpost_plains (weight 1, code route) | ctov:pillager_outpost_savanna (weight 1, code route) | ctov:pillager_outpost_snowy (weight 1, code route) | ctov:pillager_outpost_swamp (weight 1, code route) | ctov:pillager_outpost_taiga (weight 1, code route)",,,,False
