mod_name,initial_priority,provisional_inventory_evidence,audit_lane,existing_related_chapters,original_seed_beats_in_shared_chapters,supplemental_candidates_in_shared_chapters,mod_scope_quest_target_range,content_depth_result,content_taxonomy_recommendation,unverified_content_or_triggers,evidence_status,next_validation
Alex's Caves,A,Test5 resource audit,"Six distinct ecosystems with independent mechanics, cave tablets, creatures, materials and one or two important encounters each",alex_caves,15 shared chapter seeds — NOT exclusively this mod,15 supplementary beats — ideas only,30–50,Exact-content verification blocker,Alex's Caves 2.0.3 cave IDs and enabled biome set,,Historical mod/JAR audit only (runtime confirmation pending),
Apotheosis,A,Test5 resource audit,"Eterna/Quanta/Arcana, gem/socket/affix, spawners, enchanting, reforging, build caps",apotheosis | trial_steel,24 shared chapter seeds — NOT exclusively this mod,14 supplementary beats — ideas only,24–40,Exact-content verification blocker,"8.9.0 configs, affix tiers, patch recipes",,Historical mod/JAR audit only (runtime confirmation pending),
Ars Nouveau,A,Test5 resource audit,"Spell glyph syntax, utility vs combat, Source collection, rituals, helpers, spellbook upgrades, automation",ars,12 shared chapter seeds — NOT exclusively this mod,14 supplementary beats — ideas only,23–40,Exact-content verification blocker,5.13.3 real glyphs and Patchouli content,,Historical mod/JAR audit only (runtime confirmation pending),
Bosses of Mass Destruction,A,Test5 resource audit; Test8.2/8.3 source addition or repin,"Four boss families get discovery, fight and distinct reward; integrated arenas not separate boss mods",bomd,9 shared chapter seeds — NOT exclusively this mod,0 supplementary beats — ideas only,12–25,Exact-content verification blocker,native mod 1.3.3 / integrator IDs and AO tiers,,Pinned/repinned active source (runtime confirmation pending),
End Remastered,A,Test5 client-log uninspected JAR,16 eye variants / 12 required; create independent source-family quests and accessible collect-from-different-place paths,end_eyes,11 shared chapter seeds — NOT exclusively this mod,10 supplementary beats — ideas only,20–34,Exact-content verification blocker,End Remastered 6.3.0 exact config and loot integrations,,Historical mod/JAR audit only (runtime confirmation pending),
Enigmatic Legacy Plus,A,Test5 resource audit,Separate standard and deliberate cursed branches; many version 1.1.2 relics and unique gating; careful Curios slots,enigmatic_normal | enigmatic_cursed,23 shared chapter seeds — NOT exclusively this mod,16 supplementary beats — ideas only,35–60,Exact-content verification blocker,"1.1.2 ring-state predicate, item registry, permanent effects",,Historical mod/JAR audit only (runtime confirmation pending),
Eternal Starlight,A,Test5 resource audit,"Glimmering Tablet, native boss ladder, Stranghoul/Gatekeepers, Alloy Furnace, mid/late gear and significant realm structures",starlight,14 shared chapter seeds — NOT exclusively this mod,15 supplementary beats — ideas only,32–60,Exact-content verification blocker,"0.9.1 confirmed source notes, but full 0.9.1 registry must be checked",,Historical mod/JAR audit only (runtime confirmation pending),
Ice and Fire: CE,A,Test5 resource audit,Dragons at different stages/biomes; dangerous mythic non-dragons; egg/dragon gear and cave rarity,dragon_hunter,11 shared chapter seeds — NOT exclusively this mod,0 supplementary beats — ideas only,22–42,Exact-content verification blocker,2.1.3 worldgen/encounter ID checks,,Historical mod/JAR audit only (runtime confirmation pending),
Iron's Spells 'n Spellbooks,A,Test5 resource audit,"Scroll crafting/looting, spell schools, towers, boss encounters, magic gear, boss spell addons",iron_magic,14 shared chapter seeds — NOT exclusively this mod,14 supplementary beats — ideas only,23–42,Exact-content verification blocker,3.16.3 spells/bosses and compatible Traveloptics IDs,,Historical mod/JAR audit only (runtime confirmation pending),
L_Ender's Cataclysm,A,Test5 resource audit,"Each actual boss deserves discovery, hazards, kill, unique reward and optional mastery; keep lore spoilers minimal",cataclysm,15 shared chapter seeds — NOT exclusively this mod,12 supplementary beats — ideas only,25–50,Exact-content verification blocker,"3.33 real boss roster, AO tier and boss reward balance",,Historical mod/JAR audit only (runtime confirmation pending),
Mowzie's Mobs,A,Test5 resource audit; Test8.2/8.3 source addition or repin,"Distinct minibosses/bosses, Barakoa, Frostmaw, Umvuthi; drops and combat tells",mowzie,9 shared chapter seeds — NOT exclusively this mod,0 supplementary beats — ideas only,14–27,Exact-content verification blocker,1.8.2 and integrated overworld arena generation,,Pinned/repinned active source (runtime confirmation pending),
NeoPasterDream,A,Test5 resource audit,"Garden Decryption, golem+Allay flower puzzle, 0.9.6 Cold Domain, Aaroncos twin-boss mechanics, real Dreamseeker notes",dream,20 shared chapter seeds — NOT exclusively this mod,0 supplementary beats — ideas only,35–65,Exact-content verification blocker,v0.9.6 feature/portal/advancement IDs,,Historical mod/JAR audit only (runtime confirmation pending),
The Aether,A,Test5 resource audit; Test5 client-log uninspected JAR,"Bronze/Silver/Gold dungeon and bosses, parachute/sky survival, natural loot and Deep Aether split",aether,14 shared chapter seeds — NOT exclusively this mod,12 supplementary beats — ideas only,25–45,Exact-content verification blocker,Aether 1.5.10 native dungeon and bosses,,Historical mod/JAR audit only (runtime confirmation pending),
The Undergarden,A,Test5 client-log uninspected JAR,"Realm survival, terrain, important materials, unique mobs, reachable structures; don't invent boss",undergarden,11 shared chapter seeds — NOT exclusively this mod,8 supplementary beats — ideas only,18–32,Exact-content verification blocker,0.9.6 reachability of boss/dungeon,,Historical mod/JAR audit only (runtime confirmation pending),
Twilight Forest,A,Test5 client-log uninspected JAR,"Boss chain and varied dungeon segments; gated biomes, player map tools, optional Hollow Hills / crafting",twilight,19 shared chapter seeds — NOT exclusively this mod,12 supplementary beats — ideas only,32–55,Exact-content verification blocker,current 1.21.1 fork availability for late plateau,,Historical mod/JAR audit only (runtime confirmation pending),
Adventure Dungeons,B,Test5 resource audit,Representative genuine dungeon archetypes with repeatable safety notes,overworld_atlas,12 shared chapter seeds — NOT exclusively this mod,10 supplementary beats — ideas only,3–7,Exact-content verification blocker,structure IDs and accessible variants,,Historical mod/JAR audit only (runtime confirmation pending),
Alex's Mobs,B,Test5 resource audit,"Ecology and selected meaningful utility/hostile interactions, no mass animal kills",creatures,7 shared chapter seeds — NOT exclusively this mod,0 supplementary beats — ideas only,5–12,Exact-content verification blocker,1.22.9 registry and enabled mobs,,Historical mod/JAR audit only (runtime confirmation pending),
Ambient Odyssey TO Magic Registry Fix 1.0.0,I,Test5 resource audit,FOLD_IN,,No direct per-mod count established,No linked supplement,0 standalone,Technical/integration only,"Parent system integration, technical dependency or compatibility",Depth adjusted after full roster second pass; exact mechanics remain version-gated,Historical mod/JAR audit only (runtime confirmation pending),Verify exact active binary and gameplay registry before quest authoring
Aquamirae,B,Test8.2/8.3 source addition or repin,"Deep Frozen sea exploration + ice maze, graveyard, Eel, Mother, Cornelia; anti-water gear and loot",aquamirae | oceanographer,24 shared chapter seeds — NOT exclusively this mod,8 supplementary beats — ideas only,15–28,Exact-content verification blocker,"7.2.10, no duplicate ocean-guide rewards",,Pinned/repinned active source (runtime confirmation pending),
archaion,B,Test8.2/8.3 source addition or repin,Named ruins and real boss/loot interaction; not trivial scenic wallpaper,archaion | overworld_atlas,18 shared chapter seeds — NOT exclusively this mod,10 supplementary beats — ideas only,6–14,Exact-content verification blocker,v1.4.4 active structure pool/encounters,,Pinned/repinned active source (runtime confirmation pending),
Artifacts,B,Test5 resource audit,Choose 2–3 archetypal accessory effects/slots; don't force collecting 42 Artifacts,supports,11 shared chapter seeds — NOT exclusively this mod,0 supplementary beats — ideas only,4–10,Exact-content verification blocker,13.2.5 slot and specific item behavior,,Historical mod/JAR audit only (runtime confirmation pending),
Astrological,B,Test5 resource audit,Potential magic/celestial progression; existing source scope uncertain,forbidden,9 shared chapter seeds — NOT exclusively this mod,13 supplementary beats — ideas only,5–12,Exact-content verification blocker,1.7.1 content features; don't fabricate boss or portal,,Historical mod/JAR audit only (runtime confirmation pending),
benssharks 1.2.6 neoforge,B,Test5 resource audit,VERIFY_OR_GROUP,,No direct per-mod count established,No linked supplement,2–12 editorial estimate,Not enough evidence yet for an independent full chapter,"Significant optional mod, but chapter may be combined with another provider",Validate relevant registry and source-version data,Historical mod/JAR audit only (runtime confirmation pending),Verify exact active binary and gameplay registry before quest authoring
Better End: New Dawn,B,Test5 resource audit,"End biomes/resources/mobs/optional sites, compatible with Echoes and End Phantasm if included",end_atlas,8 shared chapter seeds — NOT exclusively this mod,0 supplementary beats — ideas only,8–18,Exact-content verification blocker,21.0.35 actual addon status,,Historical mod/JAR audit only (runtime confirmation pending),
Block Factory's Bosses,B,Test5 resource audit,Short boss-hunt path if installed distinct from Bosses Rise,other_bosses,9 shared chapter seeds — NOT exclusively this mod,0 supplementary beats — ideas only,3–8,Exact-content verification blocker,names and collision with other boss mods,,Historical mod/JAR audit only (runtime confirmation pending),
Brutal Bosses,B,Test5 resource audit,VERIFY_OR_GROUP,,No direct per-mod count established,No linked supplement,2–12 editorial estimate,Not enough evidence yet for an independent full chapter,"Significant optional mod, but chapter may be combined with another provider",Avoid generic grinding,Historical mod/JAR audit only (runtime confirmation pending),Verify exact active binary and gameplay registry before quest authoring
Cataclysm Spellbooks,B,Test5 resource audit,"Cataclysm-linked scrolls, spellbook upgrades and gated boss drops",iron_magic,14 shared chapter seeds — NOT exclusively this mod,14 supplementary beats — ideas only,4–8,Exact-content verification blocker,TO magic registry patch and recipes,,Historical mod/JAR audit only (runtime confirmation pending),
ChoiceTheorem's Overhauled Village,C,Test5 resource audit,LIGHT_TOUCH,,No direct per-mod count established,No linked supplement,0–3 per mod within anthology,Intentionally shallow,"Small world/utility feature, sampled in multi-mod anthology",Depth adjusted after full roster second pass; exact mechanics remain version-gated,Historical mod/JAR audit only (runtime confirmation pending),Verify exact active binary and gameplay registry before quest authoring
Cult of Azazel,B,Test5 client-log uninspected JAR,Ritual/occult structure/encounter possibilities; no invented structure,other_bosses,9 shared chapter seeds — NOT exclusively this mod,0 supplementary beats — ideas only,4–10,Exact-content verification blocker,exact runtime entities/rites,,Historical mod/JAR audit only (runtime confirmation pending),
Deep Aether,B,Test5 resource audit; Test5 client-log uninspected JAR,Multiple biome and ruin discoveries; distinct materials and optional achievements,aether,14 shared chapter seeds — NOT exclusively this mod,12 supplementary beats — ideas only,7–16,Exact-content verification blocker,Deep Aether 1.1.5.1 actual add-on content,,Historical mod/JAR audit only (runtime confirmation pending),
Deeper and Darker,B,Test5 client-log uninspected JAR,"Otherside four biomes, Ancient Temple/miniboss, Ancient Compass, Resonarium gear, transmitter mechanics",deeper_darker,9 shared chapter seeds — NOT exclusively this mod,13 supplementary beats — ideas only,17–30,Exact-content verification blocker,1.4.1 exact portal and boss/mini entity IDs,,Historical mod/JAR audit only (runtime confirmation pending),
Demi's Sky Arena,B,Test5 resource audit,VERIFY_OR_GROUP,,No direct per-mod count established,No linked supplement,2–12 editorial estimate,Not enough evidence yet for an independent full chapter,"Significant optional mod, but chapter may be combined with another provider",Confirm access and tier,Historical mod/JAR audit only (runtime confirmation pending),Verify exact active binary and gameplay registry before quest authoring
dummmmmmy 1.21 2.1.2,D,Test5 client-log uninspected JAR,FTB_MANUAL,,No direct per-mod count established,No linked supplement,0 Questlog; 1–6 educational pages depending on complexity,Intentionally non-linear,"Complex explanation or player-facing UI, not an adventure campaign",Depth adjusted after full roster second pass; exact mechanics remain version-gated,Historical mod/JAR audit only (runtime confirmation pending),Verify exact active binary and gameplay registry before quest authoring
Dungeon Crawl,B,Test5 resource audit,Multi-floor underground progression; no invented final boss,overworld_atlas,12 shared chapter seeds — NOT exclusively this mod,10 supplementary beats — ideas only,3–7,Exact-content verification blocker,1.21.1 generation and loot,,Historical mod/JAR audit only (runtime confirmation pending),
dungeons and taverns,B,Test5 resource audit,VERIFY_OR_GROUP,,No direct per-mod count established,No linked supplement,2–12 editorial estimate,Not enough evidence yet for an independent full chapter,"Significant optional mod, but chapter may be combined with another provider",Validate relevant registry and source-version data,Historical mod/JAR audit only (runtime confirmation pending),Verify exact active binary and gameplay registry before quest authoring
enchdesc neoforge 1.21.1 21.1.11,D,Test5 client-log uninspected JAR,FTB_MANUAL,,No direct per-mod count established,No linked supplement,0 Questlog; 1–6 educational pages depending on complexity,Intentionally non-linear,"Complex explanation or player-facing UI, not an adventure campaign",Depth adjusted after full roster second pass; exact mechanics remain version-gated,Historical mod/JAR audit only (runtime confirmation pending),Verify exact active binary and gameplay registry before quest authoring
FD Bosses,B,Test5 resource audit,"Curated real bosses, not every minor spawn",other_bosses,9 shared chapter seeds — NOT exclusively this mod,0 supplementary beats — ideas only,3–9,Exact-content verification blocker,registered entity IDs,,Historical mod/JAR audit only (runtime confirmation pending),
Forbidden & Arcanus,B,Test5 resource audit,"Hephaestus Forge tier/ritual path, Aureal, Clibano and upgrades, relevant Hephaestus recipe tests",forbidden,9 shared chapter seeds — NOT exclusively this mod,13 supplementary beats — ideas only,20–36,Exact-content verification blocker,2.6.1 and KubeJS/Paxi recipe restrictions,,Historical mod/JAR audit only (runtime confirmation pending),
friendsandfoes neoforge 4.0.27+mc1.21.1,C,Test5 resource audit,LIGHT_TOUCH,,No direct per-mod count established,No linked supplement,0–3 per mod within anthology,Intentionally shallow,"Small world/utility feature, sampled in multi-mod anthology",Depth adjusted after full roster second pass; exact mechanics remain version-gated,Historical mod/JAR audit only (runtime confirmation pending),Verify exact active binary and gameplay registry before quest authoring
FTB Ocean Mobs,B,Test8.2/8.3 source addition or repin,"One/two distinctive marine hazards and encounters, group with Oceanographer",oceanographer,11 shared chapter seeds — NOT exclusively this mod,0 supplementary beats — ideas only,2–6,Exact-content verification blocker,21.1.4 real mobs,,Pinned/repinned active source (runtime confirmation pending),
Gateways to Eternity,B,Test5 resource audit,"Optional wave tier and reward, not 20 near-identical wave tasks",other_bosses,9 shared chapter seeds — NOT exclusively this mod,0 supplementary beats — ideas only,3–8,Exact-content verification blocker,config gateway sources,,Historical mod/JAR audit only (runtime confirmation pending),
Hominid,C,Test5 resource audit,Biome-specific hostile undead variants; field-guide cameos not mandatory mass kills,creatures,7 shared chapter seeds — NOT exclusively this mod,0 supplementary beats — ideas only,2–5,Exact-content verification blocker,1.3.4 zombie species,,Historical mod/JAR audit only (runtime confirmation pending),
Hybrid Aquatic,B,Test8.2/8.3 source addition or repin,"Diverse marine mobs and ecology, limited selective combat",oceanographer | creatures,18 shared chapter seeds — NOT exclusively this mod,0 supplementary beats — ideas only,6–14,Exact-content verification blocker,1.7.4 active animal species,,Pinned/repinned active source (runtime confirmation pending),
Incendium,B,Test5 resource audit,"Distinct Nether hazards/dungeons, grouped in Nether Atlas",nether_atlas,7 shared chapter seeds — NOT exclusively this mod,0 supplementary beats — ideas only,4–9,Exact-content verification blocker,runtime Paxi Incendium compat and resource pack,,Historical mod/JAR audit only (runtime confirmation pending),
Integrated Dungeons & Structures,B,Test5 resource audit,"Strong boss-bearing integrated structures and distinct dungeon kinds, not all variants",overworld_atlas,12 shared chapter seeds — NOT exclusively this mod,10 supplementary beats — ideas only,5–11,Exact-content verification blocker,structure ownership and rarity,,Historical mod/JAR audit only (runtime confirmation pending),
Integrated Stronghold,B,Test5 resource audit,"End portal expedition and room navigation, End Remastered is the progression system",end_eyes,11 shared chapter seeds — NOT exclusively this mod,10 supplementary beats — ideas only,4–8,Exact-content verification blocker,1.21 stronghold key and End eye integration,,Historical mod/JAR audit only (runtime confirmation pending),
Iron's Gems 'n Jewelry,B,Test8.2/8.3 source addition or repin,"Gem and jewelry crafting, source and gear-slot compat, higher tier upgrades",apotheosis,12 shared chapter seeds — NOT exclusively this mod,14 supplementary beats — ideas only,6–13,Exact-content verification blocker,2.0.2 actual item list and current loot balance,,Pinned/repinned active source (runtime confirmation pending),
Luki's Ancient Cities,B,Test5 resource audit,Curated Deep Dark scene without demanding Warden slaughter,overworld_atlas,12 shared chapter seeds — NOT exclusively this mod,10 supplementary beats — ideas only,2–5,Exact-content verification blocker,1.21 active worldgen,,Historical mod/JAR audit only (runtime confirmation pending),
MobLassos,C,Test5 resource audit,LIGHT_TOUCH,,No direct per-mod count established,No linked supplement,0–3 per mod within anthology,Intentionally shallow,"Small world/utility feature, sampled in multi-mod anthology",Depth adjusted after full roster second pass; exact mechanics remain version-gated,Historical mod/JAR audit only (runtime confirmation pending),Verify exact active binary and gameplay registry before quest authoring
More Relics,B,Test5 resource audit,Representative specialty relics and build synergy; no every-item collection,supports,11 shared chapter seeds — NOT exclusively this mod,0 supplementary beats — ideas only,4–9,Exact-content verification blocker,1.7.7 tooltips and Curios,,Historical mod/JAR audit only (runtime confirmation pending),
Opposing Force,B,Test5 resource audit,"Distinct challenging mobs, per-world post-Nether and post-Dragon spawn gates, Skyvern/Tart",creatures,7 shared chapter seeds — NOT exclusively this mod,0 supplementary beats — ideas only,9–20,Exact-content verification blocker,3.0.0-beta6 current enemy subset vs older 1.20.1; gated spawns can alter multiplayer pacing,,Historical mod/JAR audit only (runtime confirmation pending),
Relics,B,Test5 resource audit,"Attunement/level/rank mechanics, a few meaningful relics with different roles, not completion of whole roster",supports,11 shared chapter seeds — NOT exclusively this mod,0 supplementary beats — ideas only,6–14,Exact-content verification blocker,Relics 0.10.7.8 vs More Relics,,Historical mod/JAR audit only (runtime confirmation pending),
Remnant Bosses,B,Test5 resource audit,Distinct boss encounters only where registered and spawnable,other_bosses,9 shared chapter seeds — NOT exclusively this mod,0 supplementary beats — ideas only,4–10,Exact-content verification blocker,exact supported bosses and summon items,,Historical mod/JAR audit only (runtime confirmation pending),
Simply More,B,Test5 resource audit,"Distinctive weapon addons, unique mechanics, source-author fixes",equipment,9 shared chapter seeds — NOT exclusively this mod,10 supplementary beats — ideas only,3–7,Exact-content verification blocker,Matterbane and version-specific recipes,,Historical mod/JAR audit only (runtime confirmation pending),
Simply Swords,B,Test5 resource audit,"Weapon-family combat mechanics, special variants, upgrade and one encounter",equipment,9 shared chapter seeds — NOT exclusively this mod,10 supplementary beats — ideas only,5–10,Exact-content verification blocker,1.70.2 exact weapon IDs and rare drops,,Historical mod/JAR audit only (runtime confirmation pending),
SimplyTooltips neoforge 0.1.5,D,Test5 resource audit,FTB_MANUAL,,No direct per-mod count established,No linked supplement,0 Questlog; 1–6 educational pages depending on complexity,Intentionally non-linear,"Complex explanation or player-facing UI, not an adventure campaign",Depth adjusted after full roster second pass; exact mechanics remain version-gated,Historical mod/JAR audit only (runtime confirmation pending),Verify exact active binary and gameplay registry before quest authoring
strongerfireboss 2.0.0,C,Test5 resource audit,LIGHT_TOUCH,,No direct per-mod count established,No linked supplement,0–3 per mod within anthology,Intentionally shallow,"Small world/utility feature, sampled in multi-mod anthology",Depth adjusted after full roster second pass; exact mechanics remain version-gated,Historical mod/JAR audit only (runtime confirmation pending),Verify exact active binary and gameplay registry before quest authoring
The Bumblezone,B,Test5 client-log uninspected JAR,"Bee Queen is trade/NPC not boss; Hive Wrath/Protection; Honey Compass; Cell Maze, Beehemoth; Crystalline Flower, Queen's Desire",bumblezone,9 shared chapter seeds — NOT exclusively this mod,14 supplementary beats — ideas only,20–38,Exact-content verification blocker,"7.16.1 JAR, advancement availability/loot",,Historical mod/JAR audit only (runtime confirmation pending),
The Graveyard,B,Test5 resource audit,"Crypts, hauntings, real dangerous mobs/structures; shared undead field guide",archaion,6 shared chapter seeds — NOT exclusively this mod,0 supplementary beats — ideas only,5–12,Exact-content verification blocker,current 1.21 port structure/entity registry,,Historical mod/JAR audit only (runtime confirmation pending),
totw modded neoforge 1.21 1.0.9,C,Test5 resource audit,LIGHT_TOUCH,,No direct per-mod count established,No linked supplement,0–3 per mod within anthology,Intentionally shallow,"Small world/utility feature, sampled in multi-mod anthology",Depth adjusted after full roster second pass; exact mechanics remain version-gated,Historical mod/JAR audit only (runtime confirmation pending),Verify exact active binary and gameplay registry before quest authoring
Traveloptics,B,Test5 resource audit,"Showcase addon spells and boss-sourced scrolls, without duplicating Iron's entire curriculum",iron_magic,14 shared chapter seeds — NOT exclusively this mod,14 supplementary beats — ideas only,5–12,Exact-content verification blocker,exact add-on version/active spells,,Historical mod/JAR audit only (runtime confirmation pending),
underwater village 1.0.2 neoforge,C,Test5 resource audit,LIGHT_TOUCH,,No direct per-mod count established,No linked supplement,0–3 per mod within anthology,Intentionally shallow,"Small world/utility feature, sampled in multi-mod anthology",Depth adjusted after full roster second pass; exact mechanics remain version-gated,Historical mod/JAR audit only (runtime confirmation pending),Verify exact active binary and gameplay registry before quest authoring
When Dungeons Arise,B,Test5 resource audit,Large representative dungeons and Seven Seas; coliseum not required and minor variants excluded,overworld_atlas,12 shared chapter seeds — NOT exclusively this mod,10 supplementary beats — ideas only,6–13,Exact-content verification blocker,effective WDA enabled sets and biome rules,,Historical mod/JAR audit only (runtime confirmation pending),
YUNG's Better Witch Huts,C,Test8.2/8.3 source addition or repin; Test5 resource audit,LIGHT_TOUCH,,No direct per-mod count established,No linked supplement,0–3 per mod within anthology,Intentionally shallow,"Small world/utility feature, sampled in multi-mod anthology",Depth adjusted after full roster second pass; exact mechanics remain version-gated,Pinned/repinned active source (runtime confirmation pending),Verify exact active binary and gameplay registry before quest authoring
additional structures,C,Test8.2/8.3 source addition or repin,LIGHT_TOUCH,,No direct per-mod count established,No linked supplement,0–3 per mod within anthology,Intentionally shallow,"Small world/utility feature, sampled in multi-mod anthology",Validate relevant registry and source-version data,Pinned/repinned active source (runtime confirmation pending),Verify exact active binary and gameplay registry before quest authoring
Aether Villages,C,Test5 resource audit; Test5 client-log uninspected JAR,LIGHT_TOUCH,,No direct per-mod count established,No linked supplement,0–3 per mod within anthology,Intentionally shallow,"Small world/utility feature, sampled in multi-mod anthology",Port and progression gates need check,Historical mod/JAR audit only (runtime confirmation pending),Verify exact active binary and gameplay registry before quest authoring
Amendments,C,Test8.2/8.3 source addition or repin; Test5 resource audit,LIGHT_TOUCH,,No direct per-mod count established,No linked supplement,0–3 per mod within anthology,Intentionally shallow,"Small world/utility feature, sampled in multi-mod anthology",Validate relevant registry and source-version data,Pinned/repinned active source (runtime confirmation pending),Verify exact active binary and gameplay registry before quest authoring
Antique Trading Ship,C,Test8.2/8.3 source addition or repin; Test5 resource audit,LIGHT_TOUCH,,No direct per-mod count established,No linked supplement,0–3 per mod within anthology,Intentionally shallow,"Small world/utility feature, sampled in multi-mod anthology",Validate relevant registry and source-version data,Pinned/repinned active source (runtime confirmation pending),Verify exact active binary and gameplay registry before quest authoring
Aquaculture 2,C,Test5 resource audit,LIGHT_TOUCH,,No direct per-mod count established,No linked supplement,0–3 per mod within anthology,Intentionally shallow,"Small world/utility feature, sampled in multi-mod anthology",Optional life skills,Historical mod/JAR audit only (runtime confirmation pending),Verify exact active binary and gameplay registry before quest authoring
Aquatic Creepers,C,Test8.2/8.3 source addition or repin,LIGHT_TOUCH,,No direct per-mod count established,No linked supplement,0–3 per mod within anthology,Intentionally shallow,"Small world/utility feature, sampled in multi-mod anthology",Do not invent gameplay mechanics,Pinned/repinned active source (runtime confirmation pending),Verify exact active binary and gameplay registry before quest authoring
archaeology ruins 1.0.0 neoforge,C,Test5 resource audit,LIGHT_TOUCH,,No direct per-mod count established,No linked supplement,0–3 per mod within anthology,Intentionally shallow,"Small world/utility feature, sampled in multi-mod anthology",Validate relevant registry and source-version data,Historical mod/JAR audit only (runtime confirmation pending),Verify exact active binary and gameplay registry before quest authoring
better shipwrecks,C,Test8.2/8.3 source addition or repin,LIGHT_TOUCH,,No direct per-mod count established,No linked supplement,0–3 per mod within anthology,Intentionally shallow,"Small world/utility feature, sampled in multi-mod anthology",Validate relevant registry and source-version data,Pinned/repinned active source (runtime confirmation pending),Verify exact active binary and gameplay registry before quest authoring
Bigger Better End Cities,C,Test5 resource audit,LIGHT_TOUCH,,No direct per-mod count established,No linked supplement,0–3 per mod within anthology,Intentionally shallow,"Small world/utility feature, sampled in multi-mod anthology",Check effective port and biome registry,Historical mod/JAR audit only (runtime confirmation pending),Verify exact active binary and gameplay registry before quest authoring
Bountiful,C,Test5 resource audit,LIGHT_TOUCH,,No direct per-mod count established,No linked supplement,0–3 per mod within anthology,Intentionally shallow,"Small world/utility feature, sampled in multi-mod anthology",Don't introduce guild system,Historical mod/JAR audit only (runtime confirmation pending),Verify exact active binary and gameplay registry before quest authoring
cataclysmfortresses 1.21.1,C,Test5 resource audit,LIGHT_TOUCH,,No direct per-mod count established,No linked supplement,0–3 per mod within anthology,Intentionally shallow,"Small world/utility feature, sampled in multi-mod anthology",Validate relevant registry and source-version data,Historical mod/JAR audit only (runtime confirmation pending),Verify exact active binary and gameplay registry before quest authoring
comforts neoforge 9.0.5+1.21.1,C,Test5 client-log uninspected JAR,LIGHT_TOUCH,,No direct per-mod count established,No linked supplement,0–3 per mod within anthology,Intentionally shallow,"Small world/utility feature, sampled in multi-mod anthology",Validate relevant registry and source-version data,Historical mod/JAR audit only (runtime confirmation pending),Verify exact active binary and gameplay registry before quest authoring
cookscollection 0.6.1,C,Test5 client-log uninspected JAR,LIGHT_TOUCH,,No direct per-mod count established,No linked supplement,0–3 per mod within anthology,Intentionally shallow,"Small world/utility feature, sampled in multi-mod anthology",Validate relevant registry and source-version data,Historical mod/JAR audit only (runtime confirmation pending),Verify exact active binary and gameplay registry before quest authoring
corn delight 1.2.10,C,Test5 client-log uninspected JAR,LIGHT_TOUCH,,No direct per-mod count established,No linked supplement,0–3 per mod within anthology,Intentionally shallow,"Small world/utility feature, sampled in multi-mod anthology",Validate relevant registry and source-version data,Historical mod/JAR audit only (runtime confirmation pending),Verify exact active binary and gameplay registry before quest authoring
Create,C,Test5 resource audit; Test5 client-log uninspected JAR; Test8.2/8.3 source addition or repin,LIGHT_TOUCH,,No direct per-mod count established,No linked supplement,0–3 per mod within anthology,Intentionally shallow,"Small world/utility feature, sampled in multi-mod anthology",FTB technical reference only otherwise,Pinned/repinned active source (runtime confirmation pending),Verify exact active binary and gameplay registry before quest authoring
Create: Easy Structures,C,Test5 resource audit; Test5 client-log uninspected JAR; Test8.2/8.3 source addition or repin,LIGHT_TOUCH,,No direct per-mod count established,No linked supplement,0–3 per mod within anthology,Intentionally shallow,"Small world/utility feature, sampled in multi-mod anthology",FTB technical reference only otherwise,Pinned/repinned active source (runtime confirmation pending),Verify exact active binary and gameplay registry before quest authoring
Create: Rustic Structures,C,Test5 resource audit; Test5 client-log uninspected JAR; Test8.2/8.3 source addition or repin,LIGHT_TOUCH,,No direct per-mod count established,No linked supplement,0–3 per mod within anthology,Intentionally shallow,"Small world/utility feature, sampled in multi-mod anthology",FTB technical reference only otherwise,Pinned/repinned active source (runtime confirmation pending),Verify exact active binary and gameplay registry before quest authoring
Create: Structures Arise,C,Test5 resource audit; Test5 client-log uninspected JAR; Test8.2/8.3 source addition or repin,LIGHT_TOUCH,,No direct per-mod count established,No linked supplement,0–3 per mod within anthology,Intentionally shallow,"Small world/utility feature, sampled in multi-mod anthology",FTB technical reference only otherwise,Pinned/repinned active source (runtime confirmation pending),Verify exact active binary and gameplay registry before quest authoring
culturaldelights 1.21.1 0.18.1,C,Test5 client-log uninspected JAR,LIGHT_TOUCH,,No direct per-mod count established,No linked supplement,0–3 per mod within anthology,Intentionally shallow,"Small world/utility feature, sampled in multi-mod anthology",Validate relevant registry and source-version data,Historical mod/JAR audit only (runtime confirmation pending),Verify exact active binary and gameplay registry before quest authoring
Custom Nether Portals Neoforge MC 1.21.1 3.0.0,C,Test5 client-log uninspected JAR,LIGHT_TOUCH,,No direct per-mod count established,No linked supplement,0–3 per mod within anthology,Intentionally shallow,"Small world/utility feature, sampled in multi-mod anthology",Validate relevant registry and source-version data,Historical mod/JAR audit only (runtime confirmation pending),Verify exact active binary and gameplay registry before quest authoring
echoes of the end structures NeoForge Fabric 1.21.1 12.00.13,C,Test5 resource audit,LIGHT_TOUCH,,No direct per-mod count established,No linked supplement,0–3 per mod within anthology,Intentionally shallow,"Small world/utility feature, sampled in multi-mod anthology",Validate relevant registry and source-version data,Historical mod/JAR audit only (runtime confirmation pending),Verify exact active binary and gameplay registry before quest authoring
Embers Floating Islands,C,Test8.2/8.3 source addition or repin; Test5 resource audit,LIGHT_TOUCH,,No direct per-mod count established,No linked supplement,0–3 per mod within anthology,Intentionally shallow,"Small world/utility feature, sampled in multi-mod anthology",Validate relevant registry and source-version data,Pinned/repinned active source (runtime confirmation pending),Verify exact active binary and gameplay registry before quest authoring
end villager outpost 1.0.0 neoforge,C,Test5 resource audit,LIGHT_TOUCH,,No direct per-mod count established,No linked supplement,0–3 per mod within anthology,Intentionally shallow,"Small world/utility feature, sampled in multi-mod anthology",Validate relevant registry and source-version data,Historical mod/JAR audit only (runtime confirmation pending),Verify exact active binary and gameplay registry before quest authoring
Eternal Starlight's Delight,C,Test5 resource audit,LIGHT_TOUCH,,No direct per-mod count established,No linked supplement,0–3 per mod within anthology,Intentionally shallow,"Small world/utility feature, sampled in multi-mod anthology",Check exact available bosses,Historical mod/JAR audit only (runtime confirmation pending),Verify exact active binary and gameplay registry before quest authoring
Explore Ruins: The Aether,C,Test5 resource audit; Test5 client-log uninspected JAR,LIGHT_TOUCH,,No direct per-mod count established,No linked supplement,0–3 per mod within anthology,Intentionally shallow,"Small world/utility feature, sampled in multi-mod anthology",Port and progression gates need check,Historical mod/JAR audit only (runtime confirmation pending),Verify exact active binary and gameplay registry before quest authoring
explorify,C,Test8.2/8.3 source addition or repin,LIGHT_TOUCH,,No direct per-mod count established,No linked supplement,0–3 per mod within anthology,Intentionally shallow,"Small world/utility feature, sampled in multi-mod anthology",Validate relevant registry and source-version data,Pinned/repinned active source (runtime confirmation pending),Verify exact active binary and gameplay registry before quest authoring
Farmer's Delight,C,Test5 resource audit,LIGHT_TOUCH,,No direct per-mod count established,No linked supplement,0–3 per mod within anthology,Intentionally shallow,"Small world/utility feature, sampled in multi-mod anthology",No mandatory cooking tier,Historical mod/JAR audit only (runtime confirmation pending),Verify exact active binary and gameplay registry before quest authoring
FarmersStructures 1.0.6 1.21.1,C,Test5 resource audit,LIGHT_TOUCH,,No direct per-mod count established,No linked supplement,0–3 per mod within anthology,Intentionally shallow,"Small world/utility feature, sampled in multi-mod anthology",Validate relevant registry and source-version data,Historical mod/JAR audit only (runtime confirmation pending),Verify exact active binary and gameplay registry before quest authoring
formations 1.0.4 neoforge mc1.21,C,Test5 resource audit,LIGHT_TOUCH,,No direct per-mod count established,No linked supplement,0–3 per mod within anthology,Intentionally shallow,"Small world/utility feature, sampled in multi-mod anthology",Validate relevant registry and source-version data,Historical mod/JAR audit only (runtime confirmation pending),Verify exact active binary and gameplay registry before quest authoring
formationsoverworld 1.0.5c mc1.21+,C,Test5 resource audit,LIGHT_TOUCH,,No direct per-mod count established,No linked supplement,0–3 per mod within anthology,Intentionally shallow,"Small world/utility feature, sampled in multi-mod anthology",Validate relevant registry and source-version data,Historical mod/JAR audit only (runtime confirmation pending),Verify exact active binary and gameplay registry before quest authoring
FungiDelight 1.21.1 1.3,C,Test5 resource audit,LIGHT_TOUCH,,No direct per-mod count established,No linked supplement,0–3 per mod within anthology,Intentionally shallow,"Small world/utility feature, sampled in multi-mod anthology",Validate relevant registry and source-version data,Historical mod/JAR audit only (runtime confirmation pending),Verify exact active binary and gameplay registry before quest authoring
goblintraders neoforge 1.21.1 1.11.2,C,Test5 resource audit,LIGHT_TOUCH,,No direct per-mod count established,No linked supplement,0–3 per mod within anthology,Intentionally shallow,"Small world/utility feature, sampled in multi-mod anthology",Validate relevant registry and source-version data,Historical mod/JAR audit only (runtime confirmation pending),Verify exact active binary and gameplay registry before quest authoring
illagerwarship 1.0.1 neoforge,C,Test5 resource audit,LIGHT_TOUCH,,No direct per-mod count established,No linked supplement,0–3 per mod within anthology,Intentionally shallow,"Small world/utility feature, sampled in multi-mod anthology",Validate relevant registry and source-version data,Historical mod/JAR audit only (runtime confirmation pending),Verify exact active binary and gameplay registry before quest authoring
large meals 1.21.1 1.0.1,C,Test5 resource audit,LIGHT_TOUCH,,No direct per-mod count established,No linked supplement,0–3 per mod within anthology,Intentionally shallow,"Small world/utility feature, sampled in multi-mod anthology",Validate relevant registry and source-version data,Historical mod/JAR audit only (runtime confirmation pending),Verify exact active binary and gameplay registry before quest authoring
Moog's Temples Reimagined,C,Test5 resource audit; Test8.2/8.3 source addition or repin,LIGHT_TOUCH,,No direct per-mod count established,No linked supplement,0–3 per mod within anthology,Intentionally shallow,"Small world/utility feature, sampled in multi-mod anthology",Validate relevant registry and source-version data,Pinned/repinned active source (runtime confirmation pending),Verify exact active binary and gameplay registry before quest authoring
MoogsEndStructures universal 1.21 2.1.1,C,Test5 resource audit,LIGHT_TOUCH,,No direct per-mod count established,No linked supplement,0–3 per mod within anthology,Intentionally shallow,"Small world/utility feature, sampled in multi-mod anthology",Validate relevant registry and source-version data,Historical mod/JAR audit only (runtime confirmation pending),Verify exact active binary and gameplay registry before quest authoring
MoogsNetherStructures universal 1.21 3.1.1,C,Test5 resource audit,LIGHT_TOUCH,,No direct per-mod count established,No linked supplement,0–3 per mod within anthology,Intentionally shallow,"Small world/utility feature, sampled in multi-mod anthology",Validate relevant registry and source-version data,Historical mod/JAR audit only (runtime confirmation pending),Verify exact active binary and gameplay registry before quest authoring
MoogsSoaringStructures universal 1.21 2.2.0,C,Test5 resource audit,LIGHT_TOUCH,,No direct per-mod count established,No linked supplement,0–3 per mod within anthology,Intentionally shallow,"Small world/utility feature, sampled in multi-mod anthology",Validate relevant registry and source-version data,Historical mod/JAR audit only (runtime confirmation pending),Verify exact active binary and gameplay registry before quest authoring
MoogsVoyagerStructures universal 1.21 5.1.3,C,Test5 resource audit,LIGHT_TOUCH,,No direct per-mod count established,No linked supplement,0–3 per mod within anthology,Intentionally shallow,"Small world/utility feature, sampled in multi-mod anthology",Validate relevant registry and source-version data,Historical mod/JAR audit only (runtime confirmation pending),Verify exact active binary and gameplay registry before quest authoring
moredelight 26.05.20a 1.21,C,Test5 resource audit,LIGHT_TOUCH,,No direct per-mod count established,No linked supplement,0–3 per mod within anthology,Intentionally shallow,"Small world/utility feature, sampled in multi-mod anthology",Validate relevant registry and source-version data,Historical mod/JAR audit only (runtime confirmation pending),Verify exact active binary and gameplay registry before quest authoring
Philip's Ruins,C,Test5 resource audit,LIGHT_TOUCH,,No direct per-mod count established,No linked supplement,0–3 per mod within anthology,Intentionally shallow,"Small world/utility feature, sampled in multi-mod anthology",Validate relevant registry and source-version data,Historical mod/JAR audit only (runtime confirmation pending),Verify exact active binary and gameplay registry before quest authoring
Quark,C,Test5 resource audit,LIGHT_TOUCH,,No direct per-mod count established,No linked supplement,0–3 per mod within anthology,Intentionally shallow,"Small world/utility feature, sampled in multi-mod anthology",Validate relevant registry and source-version data,Historical mod/JAR audit only (runtime confirmation pending),Verify exact active binary and gameplay registry before quest authoring
repurposed structures 7.5.22+1.21.1,C,Test5 resource audit,LIGHT_TOUCH,,No direct per-mod count established,No linked supplement,0–3 per mod within anthology,Intentionally shallow,"Small world/utility feature, sampled in multi-mod anthology",Validate relevant registry and source-version data,Historical mod/JAR audit only (runtime confirmation pending),Verify exact active binary and gameplay registry before quest authoring
rusticdelight neoforge 1.21 1.7.1,C,Test5 resource audit,LIGHT_TOUCH,,No direct per-mod count established,No linked supplement,0–3 per mod within anthology,Intentionally shallow,"Small world/utility feature, sampled in multi-mod anthology",Validate relevant registry and source-version data,Historical mod/JAR audit only (runtime confirmation pending),Verify exact active binary and gameplay registry before quest authoring
sky whale ship neoforge,C,Test5 resource audit,LIGHT_TOUCH,,No direct per-mod count established,No linked supplement,0–3 per mod within anthology,Intentionally shallow,"Small world/utility feature, sampled in multi-mod anthology",Validate relevant registry and source-version data,Historical mod/JAR audit only (runtime confirmation pending),Verify exact active binary and gameplay registry before quest authoring
SkyVillages 1.0.6 1.21.x neoforge release,C,Test5 resource audit,LIGHT_TOUCH,,No direct per-mod count established,No linked supplement,0–3 per mod within anthology,Intentionally shallow,"Small world/utility feature, sampled in multi-mod anthology",Validate relevant registry and source-version data,Historical mod/JAR audit only (runtime confirmation pending),Verify exact active binary and gameplay registry before quest authoring
small ships,C,Test8.2/8.3 source addition or repin,LIGHT_TOUCH,,No direct per-mod count established,No linked supplement,0–3 per mod within anthology,Intentionally shallow,"Small world/utility feature, sampled in multi-mod anthology",Validate relevant registry and source-version data,Pinned/repinned active source (runtime confirmation pending),Verify exact active binary and gameplay registry before quest authoring
Sophisticated Backpacks,C,Test5 resource audit,LIGHT_TOUCH,,No direct per-mod count established,No linked supplement,0–3 per mod within anthology,Intentionally shallow,"Small world/utility feature, sampled in multi-mod anthology",FTB upgrade handbook,Historical mod/JAR audit only (runtime confirmation pending),Verify exact active binary and gameplay registry before quest authoring
sophisticatedstorage 1.21.1 1.6.2.2154,C,Test5 resource audit,LIGHT_TOUCH,,No direct per-mod count established,No linked supplement,0–3 per mod within anthology,Intentionally shallow,"Small world/utility feature, sampled in multi-mod anthology",Validate relevant registry and source-version data,Historical mod/JAR audit only (runtime confirmation pending),Verify exact active binary and gameplay registry before quest authoring
Structory,C,Test5 resource audit,LIGHT_TOUCH,,No direct per-mod count established,No linked supplement,0–3 per mod within anthology,Intentionally shallow,"Small world/utility feature, sampled in multi-mod anthology",Validate relevant registry and source-version data,Historical mod/JAR audit only (runtime confirmation pending),Verify exact active binary and gameplay registry before quest authoring
Structory: Towers,C,Test8.2/8.3 source addition or repin,LIGHT_TOUCH,,No direct per-mod count established,No linked supplement,0–3 per mod within anthology,Intentionally shallow,"Small world/utility feature, sampled in multi-mod anthology",Validate relevant registry and source-version data,Pinned/repinned active source (runtime confirmation pending),Verify exact active binary and gameplay registry before quest authoring
supplementaries 1.21.1 3.9.9,C,Test5 resource audit,LIGHT_TOUCH,,No direct per-mod count established,No linked supplement,0–3 per mod within anthology,Intentionally shallow,"Small world/utility feature, sampled in multi-mod anthology",Validate relevant registry and source-version data,Historical mod/JAR audit only (runtime confirmation pending),Verify exact active binary and gameplay registry before quest authoring
tombstone neoforge 1.21.1 9.5.6,C,Test5 client-log uninspected JAR,LIGHT_TOUCH,,No direct per-mod count established,No linked supplement,0–3 per mod within anthology,Intentionally shallow,"Small world/utility feature, sampled in multi-mod anthology",Validate relevant registry and source-version data,Historical mod/JAR audit only (runtime confirmation pending),Verify exact active binary and gameplay registry before quest authoring
toms storage 1.21 2.4.2,C,Test5 client-log uninspected JAR,LIGHT_TOUCH,,No direct per-mod count established,No linked supplement,0–3 per mod within anthology,Intentionally shallow,"Small world/utility feature, sampled in multi-mod anthology",Validate relevant registry and source-version data,Historical mod/JAR audit only (runtime confirmation pending),Verify exact active binary and gameplay registry before quest authoring
When Dungeons Arise: Seven Seas,C,Test5 resource audit,LIGHT_TOUCH,,No direct per-mod count established,No linked supplement,0–3 per mod within anthology,Intentionally shallow,"Small world/utility feature, sampled in multi-mod anthology",Avoid every minor variant,Historical mod/JAR audit only (runtime confirmation pending),Verify exact active binary and gameplay registry before quest authoring
xaerominimap neoforge 1.21.1 26.6.0,C,Test5 client-log uninspected JAR,LIGHT_TOUCH,,No direct per-mod count established,No linked supplement,0–3 per mod within anthology,Intentionally shallow,"Small world/utility feature, sampled in multi-mod anthology",Validate relevant registry and source-version data,Historical mod/JAR audit only (runtime confirmation pending),Verify exact active binary and gameplay registry before quest authoring
YUNG's Better Mineshafts,C,Test5 resource audit; Test8.2/8.3 source addition or repin,LIGHT_TOUCH,,No direct per-mod count established,No linked supplement,0–3 per mod within anthology,Intentionally shallow,"Small world/utility feature, sampled in multi-mod anthology",Single combined cave chapter,Pinned/repinned active source (runtime confirmation pending),Verify exact active binary and gameplay registry before quest authoring
YUNG's Better Nether Fortresses,C,Test5 resource audit,LIGHT_TOUCH,,No direct per-mod count established,No linked supplement,0–3 per mod within anthology,Intentionally shallow,"Small world/utility feature, sampled in multi-mod anthology",Validate relevant registry and source-version data,Historical mod/JAR audit only (runtime confirmation pending),Verify exact active binary and gameplay registry before quest authoring
yungs bridges,C,Test8.2/8.3 source addition or repin,LIGHT_TOUCH,,No direct per-mod count established,No linked supplement,0–3 per mod within anthology,Intentionally shallow,"Small world/utility feature, sampled in multi-mod anthology",Validate relevant registry and source-version data,Pinned/repinned active source (runtime confirmation pending),Verify exact active binary and gameplay registry before quest authoring
yungs extras,C,Test8.2/8.3 source addition or repin,LIGHT_TOUCH,,No direct per-mod count established,No linked supplement,0–3 per mod within anthology,Intentionally shallow,"Small world/utility feature, sampled in multi-mod anthology",Validate relevant registry and source-version data,Pinned/repinned active source (runtime confirmation pending),Verify exact active binary and gameplay registry before quest authoring
Apothic Enchanting,D,Test5 resource audit,FTB_MANUAL,,No direct per-mod count established,No linked supplement,0 Questlog; 1–6 educational pages depending on complexity,Intentionally non-linear,"Complex explanation or player-facing UI, not an adventure campaign",Do not invent gameplay mechanics,Historical mod/JAR audit only (runtime confirmation pending),Verify exact active binary and gameplay registry before quest authoring
Apothic Spawners,D,Test5 resource audit,FTB_MANUAL,,No direct per-mod count established,No linked supplement,0 Questlog; 1–6 educational pages depending on complexity,Intentionally non-linear,"Complex explanation or player-facing UI, not an adventure campaign",Do not invent gameplay mechanics,Historical mod/JAR audit only (runtime confirmation pending),Verify exact active binary and gameplay registry before quest authoring
AppleSkin,D,Test5 resource audit,FTB_MANUAL,,No direct per-mod count established,No linked supplement,0 Questlog; 1–6 educational pages depending on complexity,Intentionally non-linear,"Complex explanation or player-facing UI, not an adventure campaign",Validate relevant registry and source-version data,Historical mod/JAR audit only (runtime confirmation pending),Verify exact active binary and gameplay registry before quest authoring
Better Combat,D,Test5 resource audit,FTB_MANUAL,,No direct per-mod count established,No linked supplement,0 Questlog; 1–6 educational pages depending on complexity,Intentionally non-linear,"Complex explanation or player-facing UI, not an adventure campaign",Validate relevant registry and source-version data,Historical mod/JAR audit only (runtime confirmation pending),Verify exact active binary and gameplay registry before quest authoring
Better Inventory & Backpacks,D,Test8.2/8.3 source addition or repin,FTB_MANUAL,,No direct per-mod count established,No linked supplement,0 Questlog; 1–6 educational pages depending on complexity,Intentionally non-linear,"Complex explanation or player-facing UI, not an adventure campaign",FTB small guide,Pinned/repinned active source (runtime confirmation pending),Verify exact active binary and gameplay registry before quest authoring
Cosmetic Armor Reworked,D,Test5 client-log uninspected JAR,FTB_MANUAL,,No direct per-mod count established,No linked supplement,0 Questlog; 1–6 educational pages depending on complexity,Intentionally non-linear,"Complex explanation or player-facing UI, not an adventure campaign",Validate relevant registry and source-version data,Historical mod/JAR audit only (runtime confirmation pending),Verify exact active binary and gameplay registry before quest authoring
Flight Rings,D,Test8.2/8.3 source addition or repin,FTB_MANUAL,,No direct per-mod count established,No linked supplement,0 Questlog; 1–6 educational pages depending on complexity,Intentionally non-linear,"Complex explanation or player-facing UI, not an adventure campaign",Do not invent gameplay mechanics,Pinned/repinned active source (runtime confirmation pending),Verify exact active binary and gameplay registry before quest authoring
FTB Chunks,D,Test5 resource audit,FTB_MANUAL,,No direct per-mod count established,No linked supplement,0 Questlog; 1–6 educational pages depending on complexity,Intentionally non-linear,"Complex explanation or player-facing UI, not an adventure campaign",Validate relevant registry and source-version data,Historical mod/JAR audit only (runtime confirmation pending),Verify exact active binary and gameplay registry before quest authoring
FTB Quests,D,Test5 resource audit,FTB_MANUAL,,No direct per-mod count established,No linked supplement,0 Questlog; 1–6 educational pages depending on complexity,Intentionally non-linear,"Complex explanation or player-facing UI, not an adventure campaign",Do not duplicate Questlog rewards,Historical mod/JAR audit only (runtime confirmation pending),Verify exact active binary and gameplay registry before quest authoring
FTB Teams,D,Test5 resource audit,FTB_MANUAL,,No direct per-mod count established,No linked supplement,0 Questlog; 1–6 educational pages depending on complexity,Intentionally non-linear,"Complex explanation or player-facing UI, not an adventure campaign",Validate relevant registry and source-version data,Historical mod/JAR audit only (runtime confirmation pending),Verify exact active binary and gameplay registry before quest authoring
FTB Ultimine,D,Test5 resource audit,FTB_MANUAL,,No direct per-mod count established,No linked supplement,0 Questlog; 1–6 educational pages depending on complexity,Intentionally non-linear,"Complex explanation or player-facing UI, not an adventure campaign",Validate relevant registry and source-version data,Historical mod/JAR audit only (runtime confirmation pending),Verify exact active binary and gameplay registry before quest authoring
Just Enough Items,D,Test5 resource audit,FTB_MANUAL,,No direct per-mod count established,No linked supplement,0 Questlog; 1–6 educational pages depending on complexity,Intentionally non-linear,"Complex explanation or player-facing UI, not an adventure campaign",Validate relevant registry and source-version data,Historical mod/JAR audit only (runtime confirmation pending),Verify exact active binary and gameplay registry before quest authoring
lootr neoforge 1.21.1 1.11.38.127,D,Test5 resource audit,FTB_MANUAL,,No direct per-mod count established,No linked supplement,0 Questlog; 1–6 educational pages depending on complexity,Intentionally non-linear,"Complex explanation or player-facing UI, not an adventure campaign",Validate relevant registry and source-version data,Historical mod/JAR audit only (runtime confirmation pending),Verify exact active binary and gameplay registry before quest authoring
Nature's Compass,D,Test8.2/8.3 source addition or repin; Test5 resource audit,FTB_MANUAL,,No direct per-mod count established,No linked supplement,0 Questlog; 1–6 educational pages depending on complexity,Intentionally non-linear,"Complex explanation or player-facing UI, not an adventure campaign",Validate relevant registry and source-version data,Pinned/repinned active source (runtime confirmation pending),Verify exact active binary and gameplay registry before quest authoring
Simple Voice Chat,D,Test5 client-log uninspected JAR,FTB_MANUAL,,No direct per-mod count established,No linked supplement,0 Questlog; 1–6 educational pages depending on complexity,Intentionally non-linear,"Complex explanation or player-facing UI, not an adventure campaign",Validate relevant registry and source-version data,Historical mod/JAR audit only (runtime confirmation pending),Verify exact active binary and gameplay registry before quest authoring
Transmog,D,Test5 client-log uninspected JAR,FTB_MANUAL,,No direct per-mod count established,No linked supplement,0 Questlog; 1–6 educational pages depending on complexity,Intentionally non-linear,"Complex explanation or player-facing UI, not an adventure campaign",Validate relevant registry and source-version data,Historical mod/JAR audit only (runtime confirmation pending),Verify exact active binary and gameplay registry before quest authoring
Waystones,D,Test5 resource audit,FTB_MANUAL,,No direct per-mod count established,No linked supplement,0 Questlog; 1–6 educational pages depending on complexity,Intentionally non-linear,"Complex explanation or player-facing UI, not an adventure campaign",FTB explanation,Historical mod/JAR audit only (runtime confirmation pending),Verify exact active binary and gameplay registry before quest authoring
BiomesOPlenty neoforge 1.21.1 21.1.0.14,E,Test5 resource audit,EXPLORER_JOURNAL,,No direct per-mod count established,No linked supplement,0–2 Questlog per major provider,Intentionally grouped/non-linear,Biome/landscape registry discovery rather than per-biome fetch quests,Validate relevant registry and source-version data,Historical mod/JAR audit only (runtime confirmation pending),Verify exact active binary and gameplay registry before quest authoring
deeper oceans,E,Test8.2/8.3 source addition or repin,EXPLORER_JOURNAL,,No direct per-mod count established,No linked supplement,0–2 Questlog per major provider,Intentionally grouped/non-linear,Biome/landscape registry discovery rather than per-biome fetch quests,Validate relevant registry and source-version data,Pinned/repinned active source (runtime confirmation pending),Verify exact active binary and gameplay registry before quest authoring
meteor shower 0.0.5,E,Test5 resource audit,EXPLORER_JOURNAL,,No direct per-mod count established,No linked supplement,0–2 Questlog per major provider,Intentionally grouped/non-linear,Biome/landscape registry discovery rather than per-biome fetch quests,Validate relevant registry and source-version data,Historical mod/JAR audit only (runtime confirmation pending),Verify exact active binary and gameplay registry before quest authoring
Nature's Spirit,E,Test8.2/8.3 source addition or repin; Test5 resource audit,EXPLORER_JOURNAL,,No direct per-mod count established,No linked supplement,0–2 Questlog per major provider,Intentionally grouped/non-linear,Biome/landscape registry discovery rather than per-biome fetch quests,Validate relevant registry and source-version data,Pinned/repinned active source (runtime confirmation pending),Verify exact active binary and gameplay registry before quest authoring
oceans delight,E,Test8.2/8.3 source addition or repin,EXPLORER_JOURNAL,,No direct per-mod count established,No linked supplement,0–2 Questlog per major provider,Intentionally grouped/non-linear,Biome/landscape registry discovery rather than per-biome fetch quests,Validate relevant registry and source-version data,Pinned/repinned active source (runtime confirmation pending),Verify exact active binary and gameplay registry before quest authoring
Oh The Biomes We've Gone,E,Test8.2/8.3 source addition or repin; Test5 resource audit,EXPLORER_JOURNAL,,No direct per-mod count established,No linked supplement,0–2 Questlog per major provider,Intentionally grouped/non-linear,Biome/landscape registry discovery rather than per-biome fetch quests,Validate relevant registry and source-version data,Pinned/repinned active source (runtime confirmation pending),Verify exact active binary and gameplay registry before quest authoring
Oh The Trees You'll Grow,E,Test5 resource audit; Test8.2/8.3 source addition or repin,EXPLORER_JOURNAL,,No direct per-mod count established,No linked supplement,0–2 Questlog per major provider,Intentionally grouped/non-linear,Biome/landscape registry discovery rather than per-biome fetch quests,Validate relevant registry and source-version data,Pinned/repinned active source (runtime confirmation pending),Verify exact active binary and gameplay registry before quest authoring
Particular,E,Test5 resource audit,EXPLORER_JOURNAL,,No direct per-mod count established,No linked supplement,0–2 Questlog per major provider,Intentionally grouped/non-linear,Biome/landscape registry discovery rather than per-biome fetch quests,Validate relevant registry and source-version data,Historical mod/JAR audit only (runtime confirmation pending),Verify exact active binary and gameplay registry before quest authoring
regions unexplored 0.6.2 neoforge,E,Test5 resource audit,EXPLORER_JOURNAL,,No direct per-mod count established,No linked supplement,0–2 Questlog per major provider,Intentionally grouped/non-linear,Biome/landscape registry discovery rather than per-biome fetch quests,Validate relevant registry and source-version data,Historical mod/JAR audit only (runtime confirmation pending),Verify exact active binary and gameplay registry before quest authoring
Streams Reflowing,E,Test8.2/8.3 source addition or repin; Test5 resource audit,EXPLORER_JOURNAL,,No direct per-mod count established,No linked supplement,0–2 Questlog per major provider,Intentionally grouped/non-linear,Biome/landscape registry discovery rather than per-biome fetch quests,Validate relevant registry and source-version data,Pinned/repinned active source (runtime confirmation pending),Verify exact active binary and gameplay registry before quest authoring
Tan's Huge Trees,E,Test8.2/8.3 source addition or repin; Test5 resource audit,EXPLORER_JOURNAL,,No direct per-mod count established,No linked supplement,0–2 Questlog per major provider,Intentionally grouped/non-linear,Biome/landscape registry discovery rather than per-biome fetch quests,Validate relevant registry and source-version data,Pinned/repinned active source (runtime confirmation pending),Verify exact active binary and gameplay registry before quest authoring
Waves 1.21.x 1.6.1,E,Test5 client-log uninspected JAR,EXPLORER_JOURNAL,,No direct per-mod count established,No linked supplement,0–2 Questlog per major provider,Intentionally grouped/non-linear,Biome/landscape registry discovery rather than per-biome fetch quests,Validate relevant registry and source-version data,Historical mod/JAR audit only (runtime confirmation pending),Verify exact active binary and gameplay registry before quest authoring
aaa particles,I,Test8.2/8.3 source addition or repin,FOLD_IN,,No direct per-mod count established,No linked supplement,0 standalone,Technical/integration only,"Parent system integration, technical dependency or compatibility",No player-facing quest unless tutorial needed,Pinned/repinned active source (runtime confirmation pending),Verify exact active binary and gameplay registry before quest authoring
aces spell utils 1.2.7.3,I,Test5 resource audit,FOLD_IN,,No direct per-mod count established,No linked supplement,0 standalone,Technical/integration only,"Parent system integration, technical dependency or compatibility",Validate relevant registry and source-version data,Historical mod/JAR audit only (runtime confirmation pending),Verify exact active binary and gameplay registry before quest authoring
Apothic Attributes,I,Test5 resource audit,FOLD_IN,,No direct per-mod count established,No linked supplement,0 standalone,Technical/integration only,"Parent system integration, technical dependency or compatibility",Do not invent gameplay mechanics,Historical mod/JAR audit only (runtime confirmation pending),Verify exact active binary and gameplay registry before quest authoring
CorgiLib,I,Test8.2/8.3 source addition or repin; Test5 client-log uninspected JAR,FOLD_IN,,No direct per-mod count established,No linked supplement,0 standalone,Technical/integration only,"Parent system integration, technical dependency or compatibility",No player-facing quest unless tutorial needed,Pinned/repinned active source (runtime confirmation pending),Verify exact active binary and gameplay registry before quest authoring
Create O'Plenty,I,Test5 resource audit; Test5 client-log uninspected JAR; Test8.2/8.3 source addition or repin,FOLD_IN,,No direct per-mod count established,No linked supplement,0 standalone,Technical/integration only,"Parent system integration, technical dependency or compatibility",FTB technical reference only otherwise,Pinned/repinned active source (runtime confirmation pending),Verify exact active binary and gameplay registry before quest authoring
curios neoforge 9.5.1+1.21.1,I,Test5 resource audit,FOLD_IN,,No direct per-mod count established,No linked supplement,0 standalone,Technical/integration only,"Parent system integration, technical dependency or compatibility",Validate relevant registry and source-version data,Historical mod/JAR audit only (runtime confirmation pending),Verify exact active binary and gameplay registry before quest authoring
FTB Solo Quests,I,Test8.2/8.3 source addition or repin,FOLD_IN,,No direct per-mod count established,No linked supplement,0 standalone,Technical/integration only,"Parent system integration, technical dependency or compatibility",Dedicated-server testing,Pinned/repinned active source (runtime confirmation pending),Verify exact active binary and gameplay registry before quest authoring
Integrated Bosses of Mass Destruction,I,Test5 resource audit,FOLD_IN,,No direct per-mod count established,No linked supplement,0 standalone,Technical/integration only,"Parent system integration, technical dependency or compatibility",Do not invent gameplay mechanics,Historical mod/JAR audit only (runtime confirmation pending),Verify exact active binary and gameplay registry before quest authoring
integrated cataclysm 1.0.6+1.21.1,I,Test5 resource audit,FOLD_IN,,No direct per-mod count established,No linked supplement,0 standalone,Technical/integration only,"Parent system integration, technical dependency or compatibility",Validate relevant registry and source-version data,Historical mod/JAR audit only (runtime confirmation pending),Verify exact active binary and gameplay registry before quest authoring
Integrated Mowzie's Mobs,I,Test5 resource audit,FOLD_IN,,No direct per-mod count established,No linked supplement,0 standalone,Technical/integration only,"Parent system integration, technical dependency or compatibility",Do not invent gameplay mechanics,Historical mod/JAR audit only (runtime confirmation pending),Verify exact active binary and gameplay registry before quest authoring
integrated patches,I,Test5 resource audit,FOLD_IN,,No direct per-mod count established,No linked supplement,0 standalone,Technical/integration only,"Parent system integration, technical dependency or compatibility",Validate relevant registry and source-version data,Historical mod/JAR audit only (runtime confirmation pending),Verify exact active binary and gameplay registry before quest authoring
integrated villages 1.3.3+1.21.1,I,Test5 resource audit,FOLD_IN,,No direct per-mod count established,No linked supplement,0 standalone,Technical/integration only,"Parent system integration, technical dependency or compatibility",Validate relevant registry and source-version data,Historical mod/JAR audit only (runtime confirmation pending),Verify exact active binary and gameplay registry before quest authoring
midnightlib,I,Test8.2/8.3 source addition or repin,FOLD_IN,,No direct per-mod count established,No linked supplement,0 standalone,Technical/integration only,"Parent system integration, technical dependency or compatibility",No player-facing quest unless tutorial needed,Pinned/repinned active source (runtime confirmation pending),Verify exact active binary and gameplay registry before quest authoring
NeOculus,I,Test8.2/8.3 source addition or repin; Test5 resource audit,FOLD_IN,,No direct per-mod count established,No linked supplement,0 standalone,Technical/integration only,"Parent system integration, technical dependency or compatibility",No player-facing quest unless tutorial needed,Pinned/repinned active source (runtime confirmation pending),Verify exact active binary and gameplay registry before quest authoring
Paxi,I,Test8.2/8.3 source addition or repin; Test5 resource audit,FOLD_IN,,No direct per-mod count established,No linked supplement,0 standalone,Technical/integration only,"Parent system integration, technical dependency or compatibility",Validate relevant registry and source-version data,Pinned/repinned active source (runtime confirmation pending),Verify exact active binary and gameplay registry before quest authoring
rarcompat 1.21 0.9.7,I,Test5 resource audit,FOLD_IN,,No direct per-mod count established,No linked supplement,0 standalone,Technical/integration only,"Parent system integration, technical dependency or compatibility",Validate relevant registry and source-version data,Historical mod/JAR audit only (runtime confirmation pending),Verify exact active binary and gameplay registry before quest authoring
Reliquified L_Ender,I,Test5 resource audit,FOLD_IN,,No direct per-mod count established,No linked supplement,0 standalone,Technical/integration only,"Parent system integration, technical dependency or compatibility",Match AO boss tier and do not force strongest fights early,Historical mod/JAR audit only (runtime confirmation pending),Verify exact active binary and gameplay registry before quest authoring
Sophisticated Backpacks Create Integration,I,Test5 resource audit; Test5 client-log uninspected JAR; Test8.2/8.3 source addition or repin,FOLD_IN,,No direct per-mod count established,No linked supplement,0 standalone,Technical/integration only,"Parent system integration, technical dependency or compatibility",FTB technical reference only otherwise,Pinned/repinned active source (runtime confirmation pending),Verify exact active binary and gameplay registry before quest authoring
Sophisticated Storage Create Integration,I,Test5 resource audit; Test5 client-log uninspected JAR; Test8.2/8.3 source addition or repin,FOLD_IN,,No direct per-mod count established,No linked supplement,0 standalone,Technical/integration only,"Parent system integration, technical dependency or compatibility",FTB technical reference only otherwise,Pinned/repinned active source (runtime confirmation pending),Verify exact active binary and gameplay registry before quest authoring
YUNG's Better End Island,I,Test5 resource audit,FOLD_IN,,No direct per-mod count established,No linked supplement,0 standalone,Technical/integration only,"Parent system integration, technical dependency or compatibility",Check effective port and biome registry,Historical mod/JAR audit only (runtime confirmation pending),Verify exact active binary and gameplay registry before quest authoring
alltheleaks 1.1.13+1.21.1,X,Test5 resource audit,NO_QUEST,,No direct per-mod count established,No linked supplement,0,Out of narrative scope,No meaningful quest directly attached to render/performance/library/utility,No player-facing quest unless tutorial needed,Historical mod/JAR audit only (runtime confirmation pending),Verify exact active binary and gameplay registry before quest authoring
architectury 13.0.11,X,Test5 resource audit,NO_QUEST,,No direct per-mod count established,No linked supplement,0,Out of narrative scope,No meaningful quest directly attached to render/performance/library/utility,No player-facing quest unless tutorial needed,Historical mod/JAR audit only (runtime confirmation pending),Verify exact active binary and gameplay registry before quest authoring
atlas api,X,Test8.2/8.3 source addition or repin,NO_QUEST,,No direct per-mod count established,No linked supplement,0,Out of narrative scope,No meaningful quest directly attached to render/performance/library/utility,No player-facing quest unless tutorial needed,Pinned/repinned active source (runtime confirmation pending),Verify exact active binary and gameplay registry before quest authoring
azurelib neo 1.21.1 3.1.14,X,Test5 resource audit,NO_QUEST,,No direct per-mod count established,No linked supplement,0,Out of narrative scope,No meaningful quest directly attached to render/performance/library/utility,No player-facing quest unless tutorial needed,Historical mod/JAR audit only (runtime confirmation pending),Verify exact active binary and gameplay registry before quest authoring
balm neoforge 1.21.1 21.0.66,X,Test5 resource audit,NO_QUEST,,No direct per-mod count established,No linked supplement,0,Out of narrative scope,No meaningful quest directly attached to render/performance/library/utility,No player-facing quest unless tutorial needed,Historical mod/JAR audit only (runtime confirmation pending),Verify exact active binary and gameplay registry before quest authoring
bclib 21.0.26,X,Test5 resource audit,NO_QUEST,,No direct per-mod count established,No linked supplement,0,Out of narrative scope,No meaningful quest directly attached to render/performance/library/utility,No player-facing quest unless tutorial needed,Historical mod/JAR audit only (runtime confirmation pending),Verify exact active binary and gameplay registry before quest authoring
Biolith,X,Test5 resource audit; Test8.2/8.3 source addition or repin,NO_QUEST,,No direct per-mod count established,No linked supplement,0,Out of narrative scope,No meaningful quest directly attached to render/performance/library/utility,Library,Pinned/repinned active source (runtime confirmation pending),Verify exact active binary and gameplay registry before quest authoring
bookshelf neoforge 1.21.1 21.1.81,X,Test5 resource audit,NO_QUEST,,No direct per-mod count established,No linked supplement,0,Out of narrative scope,No meaningful quest directly attached to render/performance/library/utility,No player-facing quest unless tutorial needed,Historical mod/JAR audit only (runtime confirmation pending),Verify exact active binary and gameplay registry before quest authoring
borderless window,X,Test8.2/8.3 source addition or repin,NO_QUEST,,No direct per-mod count established,No linked supplement,0,Out of narrative scope,No meaningful quest directly attached to render/performance/library/utility,No player-facing quest unless tutorial needed,Pinned/repinned active source (runtime confirmation pending),Verify exact active binary and gameplay registry before quest authoring
caelus neoforge 7.0.1+1.21.1,X,Test5 resource audit,NO_QUEST,,No direct per-mod count established,No linked supplement,0,Out of narrative scope,No meaningful quest directly attached to render/performance/library/utility,No player-facing quest unless tutorial needed,Historical mod/JAR audit only (runtime confirmation pending),Verify exact active binary and gameplay registry before quest authoring
CerbonsAPI NeoForge 1.21 1.3.0,X,Test5 client-log uninspected JAR,NO_QUEST,,No direct per-mod count established,No linked supplement,0,Out of narrative scope,No meaningful quest directly attached to render/performance/library/utility,No player-facing quest unless tutorial needed,Historical mod/JAR audit only (runtime confirmation pending),Verify exact active binary and gameplay registry before quest authoring
citadel 2.7.1,X,Test5 client-log uninspected JAR,NO_QUEST,,No direct per-mod count established,No linked supplement,0,Out of narrative scope,No meaningful quest directly attached to render/performance/library/utility,No player-facing quest unless tutorial needed,Historical mod/JAR audit only (runtime confirmation pending),Verify exact active binary and gameplay registry before quest authoring
cloth config 15.0.140,X,Test5 client-log uninspected JAR,NO_QUEST,,No direct per-mod count established,No linked supplement,0,Out of narrative scope,No meaningful quest directly attached to render/performance/library/utility,No player-facing quest unless tutorial needed,Historical mod/JAR audit only (runtime confirmation pending),Verify exact active binary and gameplay registry before quest authoring
Clumps neoforge 1.21.1 19.0.0.1,X,Test5 client-log uninspected JAR,NO_QUEST,,No direct per-mod count established,No linked supplement,0,Out of narrative scope,No meaningful quest directly attached to render/performance/library/utility,No player-facing quest unless tutorial needed,Historical mod/JAR audit only (runtime confirmation pending),Verify exact active binary and gameplay registry before quest authoring
complementary reimagined,X,Test8.2/8.3 source addition or repin,NO_QUEST,,No direct per-mod count established,No linked supplement,0,Out of narrative scope,No meaningful quest directly attached to render/performance/library/utility,No player-facing quest unless tutorial needed,Pinned/repinned active source (runtime confirmation pending),Verify exact active binary and gameplay registry before quest authoring
cristellib neoforge 1.21.1 3.1.7,X,Test5 resource audit,NO_QUEST,,No direct per-mod count established,No linked supplement,0,Out of narrative scope,No meaningful quest directly attached to render/performance/library/utility,No player-facing quest unless tutorial needed,Historical mod/JAR audit only (runtime confirmation pending),Verify exact active binary and gameplay registry before quest authoring
defaultoptions neoforge 1.21.1 21.1.8,X,Test5 client-log uninspected JAR,NO_QUEST,,No direct per-mod count established,No linked supplement,0,Out of narrative scope,No meaningful quest directly attached to render/performance/library/utility,No player-facing quest unless tutorial needed,Historical mod/JAR audit only (runtime confirmation pending),Verify exact active binary and gameplay registry before quest authoring
delightlib 26.05.18 1.21,X,Test5 client-log uninspected JAR,NO_QUEST,,No direct per-mod count established,No linked supplement,0,Out of narrative scope,No meaningful quest directly attached to render/performance/library/utility,No player-facing quest unless tutorial needed,Historical mod/JAR audit only (runtime confirmation pending),Verify exact active binary and gameplay registry before quest authoring
embeddium 1.0.15+mc1.21.1,X,Test5 client-log uninspected JAR,NO_QUEST,,No direct per-mod count established,No linked supplement,0,Out of narrative scope,No meaningful quest directly attached to render/performance/library/utility,No player-facing quest unless tutorial needed,Historical mod/JAR audit only (runtime confirmation pending),Verify exact active binary and gameplay registry before quest authoring
Enhanced Boss Bars,X,Test5 resource audit,NO_QUEST,,No direct per-mod count established,No linked supplement,0,Out of narrative scope,No meaningful quest directly attached to render/performance/library/utility,Validate relevant registry and source-version data,Historical mod/JAR audit only (runtime confirmation pending),Verify exact active binary and gameplay registry before quest authoring
FastItemFrames,X,Test5 resource audit,NO_QUEST,,No direct per-mod count established,No linked supplement,0,Out of narrative scope,No meaningful quest directly attached to render/performance/library/utility,No player-facing quest unless tutorial needed,Historical mod/JAR audit only (runtime confirmation pending),Verify exact active binary and gameplay registry before quest authoring
FastSuite 1.21.1 6.0.7,X,Test5 resource audit,NO_QUEST,,No direct per-mod count established,No linked supplement,0,Out of narrative scope,No meaningful quest directly attached to render/performance/library/utility,No player-facing quest unless tutorial needed,Historical mod/JAR audit only (runtime confirmation pending),Verify exact active binary and gameplay registry before quest authoring
fdlib 1.0.9,X,Test5 resource audit,NO_QUEST,,No direct per-mod count established,No linked supplement,0,Out of narrative scope,No meaningful quest directly attached to render/performance/library/utility,No player-facing quest unless tutorial needed,Historical mod/JAR audit only (runtime confirmation pending),Verify exact active binary and gameplay registry before quest authoring
ferritecore 7.0.3,X,Test5 resource audit,NO_QUEST,,No direct per-mod count established,No linked supplement,0,Out of narrative scope,No meaningful quest directly attached to render/performance/library/utility,No player-facing quest unless tutorial needed,Historical mod/JAR audit only (runtime confirmation pending),Verify exact active binary and gameplay registry before quest authoring
Fragmentum,X,Test8.2/8.3 source addition or repin,NO_QUEST,,No direct per-mod count established,No linked supplement,0,Out of narrative scope,No meaningful quest directly attached to render/performance/library/utility,Proposed encounter tier 2–5 from AO atlas,Pinned/repinned active source (runtime confirmation pending),Verify exact active binary and gameplay registry before quest authoring
framework neoforge 1.21.1 0.13.11,X,Test5 resource audit,NO_QUEST,,No direct per-mod count established,No linked supplement,0,Out of narrative scope,No meaningful quest directly attached to render/performance/library/utility,No player-facing quest unless tutorial needed,Historical mod/JAR audit only (runtime confirmation pending),Verify exact active binary and gameplay registry before quest authoring
FreeTerraForged,X,Test5 resource audit; Test8.2/8.3 source addition or repin,NO_QUEST,,No direct per-mod count established,No linked supplement,0,Out of narrative scope,No meaningful quest directly attached to render/performance/library/utility,Worldgen engine,Pinned/repinned active source (runtime confirmation pending),Verify exact active binary and gameplay registry before quest authoring
ftb library neoforge 2101.1.37,X,Test5 resource audit,NO_QUEST,,No direct per-mod count established,No linked supplement,0,Out of narrative scope,No meaningful quest directly attached to render/performance/library/utility,No player-facing quest unless tutorial needed,Historical mod/JAR audit only (runtime confirmation pending),Verify exact active binary and gameplay registry before quest authoring
fzzy config 0.7.7+1.21+neoforge,X,Test5 resource audit,NO_QUEST,,No direct per-mod count established,No linked supplement,0,Out of narrative scope,No meaningful quest directly attached to render/performance/library/utility,No player-facing quest unless tutorial needed,Historical mod/JAR audit only (runtime confirmation pending),Verify exact active binary and gameplay registry before quest authoring
geckolib neoforge 1.21.1 4.9.3,X,Test5 resource audit,NO_QUEST,,No direct per-mod count established,No linked supplement,0,Out of narrative scope,No meaningful quest directly attached to render/performance/library/utility,No player-facing quest unless tutorial needed,Historical mod/JAR audit only (runtime confirmation pending),Verify exact active binary and gameplay registry before quest authoring
GlitchCore neoforge 1.21.1 2.1.0.2,X,Test5 resource audit,NO_QUEST,,No direct per-mod count established,No linked supplement,0,Out of narrative scope,No meaningful quest directly attached to render/performance/library/utility,No player-facing quest unless tutorial needed,Historical mod/JAR audit only (runtime confirmation pending),Verify exact active binary and gameplay registry before quest authoring
hybrid api,X,Test8.2/8.3 source addition or repin,NO_QUEST,,No direct per-mod count established,No linked supplement,0,Out of narrative scope,No meaningful quest directly attached to render/performance/library/utility,No player-facing quest unless tutorial needed,Pinned/repinned active source (runtime confirmation pending),Verify exact active binary and gameplay registry before quest authoring
ImmediatelyFast NeoForge 1.6.14+1.21.1,X,Test5 resource audit,NO_QUEST,,No direct per-mod count established,No linked supplement,0,Out of narrative scope,No meaningful quest directly attached to render/performance/library/utility,No player-facing quest unless tutorial needed,Historical mod/JAR audit only (runtime confirmation pending),Verify exact active binary and gameplay registry before quest authoring
integrated api neoforge 1.21.1 1.9.0,X,Test5 resource audit,NO_QUEST,,No direct per-mod count established,No linked supplement,0,Out of narrative scope,No meaningful quest directly attached to render/performance/library/utility,No player-facing quest unless tutorial needed,Historical mod/JAR audit only (runtime confirmation pending),Verify exact active binary and gameplay registry before quest authoring
irons lib 1.21.1 2.2.0,X,Test5 resource audit,NO_QUEST,,No direct per-mod count established,No linked supplement,0,Out of narrative scope,No meaningful quest directly attached to render/performance/library/utility,No player-facing quest unless tutorial needed,Historical mod/JAR audit only (runtime confirmation pending),Verify exact active binary and gameplay registry before quest authoring
Jade 1.21.1 NeoForge 15.10.6,X,Test5 resource audit,NO_QUEST,,No direct per-mod count established,No linked supplement,0,Out of narrative scope,No meaningful quest directly attached to render/performance/library/utility,No player-facing quest unless tutorial needed,Historical mod/JAR audit only (runtime confirmation pending),Verify exact active binary and gameplay registry before quest authoring
JadeAddons 1.21.1 NeoForge 6.1.2,X,Test5 resource audit,NO_QUEST,,No direct per-mod count established,No linked supplement,0,Out of narrative scope,No meaningful quest directly attached to render/performance/library/utility,No player-facing quest unless tutorial needed,Historical mod/JAR audit only (runtime confirmation pending),Verify exact active binary and gameplay registry before quest authoring
jauml neoforge 1.21.1 2.3.1,X,Test5 resource audit,NO_QUEST,,No direct per-mod count established,No linked supplement,0,Out of narrative scope,No meaningful quest directly attached to render/performance/library/utility,Validate relevant registry and source-version data,Historical mod/JAR audit only (runtime confirmation pending),Verify exact active binary and gameplay registry before quest authoring
jeed 1.21 2.3.4,X,Test5 resource audit,NO_QUEST,,No direct per-mod count established,No linked supplement,0,Out of narrative scope,No meaningful quest directly attached to render/performance/library/utility,No player-facing quest unless tutorial needed,Historical mod/JAR audit only (runtime confirmation pending),Verify exact active binary and gameplay registry before quest authoring
jupiter 2.3.7 1.21.1,X,Test5 resource audit,NO_QUEST,,No direct per-mod count established,No linked supplement,0,Out of narrative scope,No meaningful quest directly attached to render/performance/library/utility,No player-facing quest unless tutorial needed,Historical mod/JAR audit only (runtime confirmation pending),Verify exact active binary and gameplay registry before quest authoring
JustEnoughProfessions neoforge 1.21.1 4.0.5,X,Test5 resource audit,NO_QUEST,,No direct per-mod count established,No linked supplement,0,Out of narrative scope,No meaningful quest directly attached to render/performance/library/utility,No player-facing quest unless tutorial needed,Historical mod/JAR audit only (runtime confirmation pending),Verify exact active binary and gameplay registry before quest authoring
JustEnoughResources NeoForge 1.21.1 1.6.0.12,X,Test5 resource audit,NO_QUEST,,No direct per-mod count established,No linked supplement,0,Out of narrative scope,No meaningful quest directly attached to render/performance/library/utility,No player-facing quest unless tutorial needed,Historical mod/JAR audit only (runtime confirmation pending),Verify exact active binary and gameplay registry before quest authoring
kambrik neoforge 8.0.0 beta.2,X,Test5 resource audit,NO_QUEST,,No direct per-mod count established,No linked supplement,0,Out of narrative scope,No meaningful quest directly attached to render/performance/library/utility,No player-facing quest unless tutorial needed,Historical mod/JAR audit only (runtime confirmation pending),Verify exact active binary and gameplay registry before quest authoring
keybindoverrides 2.0.0,X,Test5 resource audit,NO_QUEST,,No direct per-mod count established,No linked supplement,0,Out of narrative scope,No meaningful quest directly attached to render/performance/library/utility,No player-facing quest unless tutorial needed,Historical mod/JAR audit only (runtime confirmation pending),Verify exact active binary and gameplay registry before quest authoring
knightlib neoforge 1.21.1 2.0.4,X,Test5 resource audit,NO_QUEST,,No direct per-mod count established,No linked supplement,0,Out of narrative scope,No meaningful quest directly attached to render/performance/library/utility,No player-facing quest unless tutorial needed,Historical mod/JAR audit only (runtime confirmation pending),Verify exact active binary and gameplay registry before quest authoring
kotlinforforge 5.12.0 all,X,Test5 resource audit,NO_QUEST,,No direct per-mod count established,No linked supplement,0,Out of narrative scope,No meaningful quest directly attached to render/performance/library/utility,No player-facing quest unless tutorial needed,Historical mod/JAR audit only (runtime confirmation pending),Verify exact active binary and gameplay registry before quest authoring
lionfishapi 3.1,X,Test5 resource audit,NO_QUEST,,No direct per-mod count established,No linked supplement,0,Out of narrative scope,No meaningful quest directly attached to render/performance/library/utility,No player-facing quest unless tutorial needed,Historical mod/JAR audit only (runtime confirmation pending),Verify exact active binary and gameplay registry before quest authoring
lithium neoforge 0.15.4+mc1.21.1,X,Test5 resource audit,NO_QUEST,,No direct per-mod count established,No linked supplement,0,Out of narrative scope,No meaningful quest directly attached to render/performance/library/utility,No player-facing quest unless tutorial needed,Historical mod/JAR audit only (runtime confirmation pending),Verify exact active binary and gameplay registry before quest authoring
lithostitched 1.8.0 neoforge,X,Test5 resource audit,NO_QUEST,,No direct per-mod count established,No linked supplement,0,Out of narrative scope,No meaningful quest directly attached to render/performance/library/utility,No player-facing quest unless tutorial needed,Historical mod/JAR audit only (runtime confirmation pending),Verify exact active binary and gameplay registry before quest authoring
lukis grand capitals 1.1.3,X,Test5 resource audit,NO_QUEST,,No direct per-mod count established,No linked supplement,0,Out of narrative scope,No meaningful quest directly attached to render/performance/library/utility,No player-facing quest unless tutorial needed,Historical mod/JAR audit only (runtime confirmation pending),Verify exact active binary and gameplay registry before quest authoring
meed 1.21.1 8.3.0,X,Test5 resource audit,NO_QUEST,,No direct per-mod count established,No linked supplement,0,Out of narrative scope,No meaningful quest directly attached to render/performance/library/utility,No player-facing quest unless tutorial needed,Historical mod/JAR audit only (runtime confirmation pending),Verify exact active binary and gameplay registry before quest authoring
mezz config 1.21.1 neoforge 0.6.8 standalone,X,Test5 resource audit,NO_QUEST,,No direct per-mod count established,No linked supplement,0,Out of narrative scope,No meaningful quest directly attached to render/performance/library/utility,No player-facing quest unless tutorial needed,Historical mod/JAR audit only (runtime confirmation pending),Verify exact active binary and gameplay registry before quest authoring
modernfix neoforge 5.27.24+mc1.21.1,X,Test5 resource audit,NO_QUEST,,No direct per-mod count established,No linked supplement,0,Out of narrative scope,No meaningful quest directly attached to render/performance/library/utility,No player-facing quest unless tutorial needed,Historical mod/JAR audit only (runtime confirmation pending),Verify exact active binary and gameplay registry before quest authoring
Moog's Structure Lib,X,Test8.2/8.3 source addition or repin; Test5 resource audit,NO_QUEST,,No direct per-mod count established,No linked supplement,0,Out of narrative scope,No meaningful quest directly attached to render/performance/library/utility,No player-facing quest unless tutorial needed,Pinned/repinned active source (runtime confirmation pending),Verify exact active binary and gameplay registry before quest authoring
moonlight 1.21.1 3.7.1,X,Test5 resource audit,NO_QUEST,,No direct per-mod count established,No linked supplement,0,Out of narrative scope,No meaningful quest directly attached to render/performance/library/utility,No player-facing quest unless tutorial needed,Historical mod/JAR audit only (runtime confirmation pending),Verify exact active binary and gameplay registry before quest authoring
MouseTweaks neoforge mc1.21 2.26.1,X,Test5 resource audit,NO_QUEST,,No direct per-mod count established,No linked supplement,0,Out of narrative scope,No meaningful quest directly attached to render/performance/library/utility,No player-facing quest unless tutorial needed,Historical mod/JAR audit only (runtime confirmation pending),Verify exact active binary and gameplay registry before quest authoring
mysterious mountain lib 1.2.15,X,Test5 resource audit,NO_QUEST,,No direct per-mod count established,No linked supplement,0,Out of narrative scope,No meaningful quest directly attached to render/performance/library/utility,No player-facing quest unless tutorial needed,Historical mod/JAR audit only (runtime confirmation pending),Verify exact active binary and gameplay registry before quest authoring
NightLib Neoforge 1.21.1 1.3.0,X,Test5 resource audit,NO_QUEST,,No direct per-mod count established,No linked supplement,0,Out of narrative scope,No meaningful quest directly attached to render/performance/library/utility,No player-facing quest unless tutorial needed,Historical mod/JAR audit only (runtime confirmation pending),Verify exact active binary and gameplay registry before quest authoring
noisiumed 3.0.6 neoforge,X,Test5 resource audit,NO_QUEST,,No direct per-mod count established,No linked supplement,0,Out of narrative scope,No meaningful quest directly attached to render/performance/library/utility,No player-facing quest unless tutorial needed,Historical mod/JAR audit only (runtime confirmation pending),Verify exact active binary and gameplay registry before quest authoring
OctoLib NEOFORGE 0.6.2+1.21,X,Test5 resource audit,NO_QUEST,,No direct per-mod count established,No linked supplement,0,Out of narrative scope,No meaningful quest directly attached to render/performance/library/utility,No player-facing quest unless tutorial needed,Historical mod/JAR audit only (runtime confirmation pending),Verify exact active binary and gameplay registry before quest authoring
owo lib neoforge 0.12.15.5 beta.1+1.21,X,Test5 resource audit,NO_QUEST,,No direct per-mod count established,No linked supplement,0,Out of narrative scope,No meaningful quest directly attached to render/performance/library/utility,No player-facing quest unless tutorial needed,Historical mod/JAR audit only (runtime confirmation pending),Verify exact active binary and gameplay registry before quest authoring
Patchouli 1.21.1 93,X,Test5 resource audit,NO_QUEST,,No direct per-mod count established,No linked supplement,0,Out of narrative scope,No meaningful quest directly attached to render/performance/library/utility,No player-facing quest unless tutorial needed,Historical mod/JAR audit only (runtime confirmation pending),Verify exact active binary and gameplay registry before quest authoring
Placebo 1.21.1 9.9.2,X,Test5 resource audit,NO_QUEST,,No direct per-mod count established,No linked supplement,0,Out of narrative scope,No meaningful quest directly attached to render/performance/library/utility,No player-facing quest unless tutorial needed,Historical mod/JAR audit only (runtime confirmation pending),Verify exact active binary and gameplay registry before quest authoring
player animation lib forge 2.0.4+1.21.1,X,Test5 resource audit,NO_QUEST,,No direct per-mod count established,No linked supplement,0,Out of narrative scope,No meaningful quest directly attached to render/performance/library/utility,No player-facing quest unless tutorial needed,Historical mod/JAR audit only (runtime confirmation pending),Verify exact active binary and gameplay registry before quest authoring
prickle neoforge 1.21.1 21.1.11,X,Test5 resource audit,NO_QUEST,,No direct per-mod count established,No linked supplement,0,Out of narrative scope,No meaningful quest directly attached to render/performance/library/utility,No player-facing quest unless tutorial needed,Historical mod/JAR audit only (runtime confirmation pending),Verify exact active binary and gameplay registry before quest authoring
puzzleslib,X,Test5 resource audit,NO_QUEST,,No direct per-mod count established,No linked supplement,0,Out of narrative scope,No meaningful quest directly attached to render/performance/library/utility,No player-facing quest unless tutorial needed,Historical mod/JAR audit only (runtime confirmation pending),Verify exact active binary and gameplay registry before quest authoring
resourcefullib neoforge 1.21 3.0.12,X,Test5 resource audit,NO_QUEST,,No direct per-mod count established,No linked supplement,0,Out of narrative scope,No meaningful quest directly attached to render/performance/library/utility,No player-facing quest unless tutorial needed,Historical mod/JAR audit only (runtime confirmation pending),Verify exact active binary and gameplay registry before quest authoring
Searchables neoforge 1.21.1 1.0.2,X,Test5 resource audit,NO_QUEST,,No direct per-mod count established,No linked supplement,0,Out of narrative scope,No meaningful quest directly attached to render/performance/library/utility,No player-facing quest unless tutorial needed,Historical mod/JAR audit only (runtime confirmation pending),Verify exact active binary and gameplay registry before quest authoring
servercore neoforge 1.5.19+1.21.1,X,Test5 resource audit,NO_QUEST,,No direct per-mod count established,No linked supplement,0,Out of narrative scope,No meaningful quest directly attached to render/performance/library/utility,No player-facing quest unless tutorial needed,Historical mod/JAR audit only (runtime confirmation pending),Verify exact active binary and gameplay registry before quest authoring
shadow drop,X,Test8.2/8.3 source addition or repin,NO_QUEST,,No direct per-mod count established,No linked supplement,0,Out of narrative scope,No meaningful quest directly attached to render/performance/library/utility,No player-facing quest unless tutorial needed,Pinned/repinned active source (runtime confirmation pending),Verify exact active binary and gameplay registry before quest authoring
Sinew 1.21.1 1.2.14,X,Test5 resource audit,NO_QUEST,,No direct per-mod count established,No linked supplement,0,Out of narrative scope,No meaningful quest directly attached to render/performance/library/utility,No player-facing quest unless tutorial needed,Historical mod/JAR audit only (runtime confirmation pending),Verify exact active binary and gameplay registry before quest authoring
smoothchunk 1.21 4.1,X,Test5 resource audit,NO_QUEST,,No direct per-mod count established,No linked supplement,0,Out of narrative scope,No meaningful quest directly attached to render/performance/library/utility,No player-facing quest unless tutorial needed,Historical mod/JAR audit only (runtime confirmation pending),Verify exact active binary and gameplay registry before quest authoring
Snow Imprints,X,Test5 resource audit,NO_QUEST,,No direct per-mod count established,No linked supplement,0,Out of narrative scope,No meaningful quest directly attached to render/performance/library/utility,Validate relevant registry and source-version data,Historical mod/JAR audit only (runtime confirmation pending),Verify exact active binary and gameplay registry before quest authoring
solas,X,Test8.2/8.3 source addition or repin,NO_QUEST,,No direct per-mod count established,No linked supplement,0,Out of narrative scope,No meaningful quest directly attached to render/performance/library/utility,No player-facing quest unless tutorial needed,Pinned/repinned active source (runtime confirmation pending),Verify exact active binary and gameplay registry before quest authoring
sophisticatedcore 1.21.1 1.5.6.2374,X,Test5 resource audit,NO_QUEST,,No direct per-mod count established,No linked supplement,0,Out of narrative scope,No meaningful quest directly attached to render/performance/library/utility,No player-facing quest unless tutorial needed,Historical mod/JAR audit only (runtime confirmation pending),Verify exact active binary and gameplay registry before quest authoring
spark 1.10.124,X,Test5 resource audit,NO_QUEST,,No direct per-mod count established,No linked supplement,0,Out of narrative scope,No meaningful quest directly attached to render/performance/library/utility,No player-facing quest unless tutorial needed,Historical mod/JAR audit only (runtime confirmation pending),Verify exact active binary and gameplay registry before quest authoring
structureessentials 1.21.1 5.0,X,Test5 resource audit,NO_QUEST,,No direct per-mod count established,No linked supplement,0,Out of narrative scope,No meaningful quest directly attached to render/performance/library/utility,No player-facing quest unless tutorial needed,Historical mod/JAR audit only (runtime confirmation pending),Verify exact active binary and gameplay registry before quest authoring
TerraBlender neoforge 1.21.1 4.1.0.8,X,Test5 resource audit,NO_QUEST,,No direct per-mod count established,No linked supplement,0,Out of narrative scope,No meaningful quest directly attached to render/performance/library/utility,No player-facing quest unless tutorial needed,Historical mod/JAR audit only (runtime confirmation pending),Verify exact active binary and gameplay registry before quest authoring
The Roads More Travelled,X,Test8.2/8.3 source addition or repin; Test5 client-log uninspected JAR,NO_QUEST,,No direct per-mod count established,No linked supplement,0,Out of narrative scope,No meaningful quest directly attached to render/performance/library/utility,Validate relevant registry and source-version data,Pinned/repinned active source (runtime confirmation pending),Verify exact active binary and gameplay registry before quest authoring
Towns and Towers,X,Test5 resource audit,NO_QUEST,,No direct per-mod count established,No linked supplement,0,Out of narrative scope,No meaningful quest directly attached to render/performance/library/utility,Validate relevant registry and source-version data,Historical mod/JAR audit only (runtime confirmation pending),Verify exact active binary and gameplay registry before quest authoring
uranus 2.4.1 bugfix 1.21.1,X,Test5 client-log uninspected JAR,NO_QUEST,,No direct per-mod count established,No linked supplement,0,Out of narrative scope,No meaningful quest directly attached to render/performance/library/utility,Validate relevant registry and source-version data,Historical mod/JAR audit only (runtime confirmation pending),Verify exact active binary and gameplay registry before quest authoring
valhelsia core neoforge 1.21.1 1.1.5,X,Test5 client-log uninspected JAR,NO_QUEST,,No direct per-mod count established,No linked supplement,0,Out of narrative scope,No meaningful quest directly attached to render/performance/library/utility,No player-facing quest unless tutorial needed,Historical mod/JAR audit only (runtime confirmation pending),Verify exact active binary and gameplay registry before quest authoring
worldweaver 21.0.26,X,Test5 client-log uninspected JAR,NO_QUEST,,No direct per-mod count established,No linked supplement,0,Out of narrative scope,No meaningful quest directly attached to render/performance/library/utility,No player-facing quest unless tutorial needed,Historical mod/JAR audit only (runtime confirmation pending),Verify exact active binary and gameplay registry before quest authoring
wunderlib 21.0.10,X,Test5 client-log uninspected JAR,NO_QUEST,,No direct per-mod count established,No linked supplement,0,Out of narrative scope,No meaningful quest directly attached to render/performance/library/utility,No player-facing quest unless tutorial needed,Historical mod/JAR audit only (runtime confirmation pending),Verify exact active binary and gameplay registry before quest authoring
xaeroworldmap neoforge 1.21.1 1.47.0,X,Test5 client-log uninspected JAR,NO_QUEST,,No direct per-mod count established,No linked supplement,0,Out of narrative scope,No meaningful quest directly attached to render/performance/library/utility,No player-facing quest unless tutorial needed,Historical mod/JAR audit only (runtime confirmation pending),Verify exact active binary and gameplay registry before quest authoring
YungsApi 1.21.1 NeoForge 5.1.9,X,Test5 resource audit,NO_QUEST,,No direct per-mod count established,No linked supplement,0,Out of narrative scope,No meaningful quest directly attached to render/performance/library/utility,No player-facing quest unless tutorial needed,Historical mod/JAR audit only (runtime confirmation pending),Verify exact active binary and gameplay registry before quest authoring
Zeta 1.1 40,X,Test5 client-log uninspected JAR,NO_QUEST,,No direct per-mod count established,No linked supplement,0,Out of narrative scope,No meaningful quest directly attached to render/performance/library/utility,No player-facing quest unless tutorial needed,Historical mod/JAR audit only (runtime confirmation pending),Verify exact active binary and gameplay registry before quest authoring
Cupboard,X,Test5 client-log uninspected JAR,NO_QUEST,,No direct per-mod count established,No linked supplement,0,Out of narrative scope,No meaningful quest directly attached to render/performance/library/utility,Confirm any player-facing feature or previous chapter overlap before authoring,Historical mod/JAR audit only (runtime confirmation pending),Verify exact active binary and gameplay registry before quest authoring
Just Enough Archaeology,D,Test5 resource audit,FTB_MANUAL,,No direct per-mod count established,No linked supplement,0 Questlog; 1–6 educational pages depending on complexity,Intentionally non-linear,"Complex explanation or player-facing UI, not an adventure campaign",Confirm any player-facing feature or previous chapter overlap before authoring,Historical mod/JAR audit only (runtime confirmation pending),Verify exact active binary and gameplay registry before quest authoring
Loot Integrations,I,Test5 resource audit,FOLD_IN,,No direct per-mod count established,No linked supplement,0 standalone,Technical/integration only,"Parent system integration, technical dependency or compatibility",Confirm any player-facing feature or previous chapter overlap before authoring,Historical mod/JAR audit only (runtime confirmation pending),Verify exact active binary and gameplay registry before quest authoring
When Dungeons Arise Questline,I,Test5 client-log uninspected JAR,FOLD_IN,,No direct per-mod count established,No linked supplement,0 standalone,Technical/integration only,"Parent system integration, technical dependency or compatibility",Confirm any player-facing feature or previous chapter overlap before authoring,Historical mod/JAR audit only (runtime confirmation pending),Verify exact active binary and gameplay registry before quest authoring
YUNG's Better Ocean Monuments,I,Test8.2/8.3 source addition or repin,FOLD_IN,,No direct per-mod count established,No linked supplement,0 standalone,Technical/integration only,"Parent system integration, technical dependency or compatibility",Confirm any player-facing feature or previous chapter overlap before authoring,Pinned/repinned active source (runtime confirmation pending),Verify exact active binary and gameplay registry before quest authoring
