seed_id,proposed_chapter_id,chapter_title,lane,ao_tier_range,source_mods,sequence,quest_beat,candidate_trigger_type,objective_design_note,prerequisites_policy,ftb_manual_crosslink,validation_status,implementation_status
ao_first_pages_01_welcome_to_ambient_odyssey,ambient_odyssey:first_pages,The First Pages,MAIN,0,Vanilla; JEI; Lootr; Waystones,1,Welcome to Ambient Odyssey,Information / read / unlock,Display quest without assuming player's history; FTB can explain mechanics,Required only inside accessible backbone; alternate route if random,None or a short beginner primer,Needs exact installed IDs/achievement predicates and playtest,Planned content seed only; not coded as Questlog JSON
ao_first_pages_02_learn_how_to_follow_an_adventure,ambient_odyssey:first_pages,The First Pages,MAIN,0,Vanilla; JEI; Lootr; Waystones,2,Learn how to follow an adventure in Questlog,Information / read / unlock,Display quest without assuming player's history; FTB can explain mechanics,Required only inside accessible backbone; alternate route if random,None or a short beginner primer,Needs exact installed IDs/achievement predicates and playtest,Planned content seed only; not coded as Questlog JSON
ao_first_pages_03_open_the_educational_field_manua,ambient_odyssey:first_pages,The First Pages,MAIN,0,Vanilla; JEI; Lootr; Waystones,3,Open the educational Field Manual,Information / read / unlock,Display quest without assuming player's history; FTB can explain mechanics,Required only inside accessible backbone; alternate route if random,None or a short beginner primer,Needs exact installed IDs/achievement predicates and playtest,Planned content seed only; not coded as Questlog JSON
ao_first_pages_04_use_jei_to_look_up_a_recipe,ambient_odyssey:first_pages,The First Pages,MAIN,0,Vanilla; JEI; Lootr; Waystones,4,Use JEI to look up a recipe,Information / read / unlock,Display quest without assuming player's history; FTB can explain mechanics,Required only inside accessible backbone; alternate route if random,None or a short beginner primer,Needs exact installed IDs/achievement predicates and playtest,Planned content seed only; not coded as Questlog JSON
ao_first_pages_05_craft_a_shield_and_learn_off_han,ambient_odyssey:first_pages,The First Pages,MAIN,0,Vanilla; JEI; Lootr; Waystones,5,Craft a shield and learn off-hand blocking,Obtain or craft item (verify item ID),Craft and obtain semantics differ; check real item IDs and achievable source,Required only inside accessible backbone; alternate route if random,None or a short beginner primer,Needs exact installed IDs/achievement predicates and playtest,Planned content seed only; not coded as Questlog JSON
ao_first_pages_06_equip_your_first_useful_armor,ambient_odyssey:first_pages,The First Pages,MAIN,0,Vanilla; JEI; Lootr; Waystones,6,Equip your first useful armor,Obtain or craft item (verify item ID),Craft and obtain semantics differ; check real item IDs and achievable source,Required only inside accessible backbone; alternate route if random,None or a short beginner primer,Needs exact installed IDs/achievement predicates and playtest,Planned content seed only; not coded as Questlog JSON
ao_first_pages_07_prepare_food_for_an_expedition,ambient_odyssey:first_pages,The First Pages,MAIN,0,Vanilla; JEI; Lootr; Waystones,7,Prepare food for an expedition,Obtain or craft item (verify item ID),Craft and obtain semantics differ; check real item IDs and achievable source,Required only inside accessible backbone; alternate route if random,None or a short beginner primer,Needs exact installed IDs/achievement predicates and playtest,Planned content seed only; not coded as Questlog JSON
ao_first_pages_08_understand_what_death_and_a_tomb,ambient_odyssey:first_pages,The First Pages,MAIN,0,Vanilla; JEI; Lootr; Waystones,8,Understand what death and a tombstone change,Information / read / unlock,Display quest without assuming player's history; FTB can explain mechanics,Required only inside accessible backbone; alternate route if random,None or a short beginner primer,Needs exact installed IDs/achievement predicates and playtest,Planned content seed only; not coded as Questlog JSON
ao_first_pages_09_make_a_starter_bag_or_backpack,ambient_odyssey:first_pages,The First Pages,MAIN,0,Vanilla; JEI; Lootr; Waystones,9,Make a starter bag or backpack,Obtain or craft item (verify item ID),Craft and obtain semantics differ; check real item IDs and achievable source,Required only inside accessible backbone; alternate route if random,None or a short beginner primer,Needs exact installed IDs/achievement predicates and playtest,Planned content seed only; not coded as Questlog JSON
ao_first_pages_10_learn_the_map_and_waypoint_contr,ambient_odyssey:first_pages,The First Pages,MAIN,0,Vanilla; JEI; Lootr; Waystones,10,Learn the map and waypoint controls,Information / read / unlock,Display quest without assuming player's history; FTB can explain mechanics,Required only inside accessible backbone; alternate route if random,None or a short beginner primer,Needs exact installed IDs/achievement predicates and playtest,Planned content seed only; not coded as Questlog JSON
ao_first_pages_11_reach_a_village_or_safe_settleme,ambient_odyssey:first_pages,The First Pages,MAIN,0,Vanilla; JEI; Lootr; Waystones,11,Reach a village or safe settlement,"Visit biome, dimension, position, or structure (verify registry)",Confirm position criterion: visit_structure requires specific piece/registry; modded worldgen may be non-structure,Required only inside accessible backbone; alternate route if random,None or a short beginner primer,Needs exact installed IDs/achievement predicates and playtest,Planned content seed only; not coded as Questlog JSON
ao_first_pages_12_understand_individual_lootr_ches,ambient_odyssey:first_pages,The First Pages,MAIN,0,Vanilla; JEI; Lootr; Waystones,12,Understand individual Lootr chest rewards,Information / read / unlock,Display quest without assuming player's history; FTB can explain mechanics,Required only inside accessible backbone; alternate route if random,None or a short beginner primer,Needs exact installed IDs/achievement predicates and playtest,Planned content seed only; not coded as Questlog JSON
ao_first_pages_13_read_the_basic_combat_and_suppor,ambient_odyssey:first_pages,The First Pages,MAIN,0,Vanilla; JEI; Lootr; Waystones,13,Read the basic combat and support slot guide,Information / read / unlock,Display quest without assuming player's history; FTB can explain mechanics,Required only inside accessible backbone; alternate route if random,None or a short beginner primer,Needs exact installed IDs/achievement predicates and playtest,Planned content seed only; not coded as Questlog JSON
ao_open_road_01_record_your_first_new_biome,ambient_odyssey:open_road,The Open Road,MAIN,1,Worldgen; structures; exploration,1,Record your first new biome,"Visit biome, dimension, position, or structure (verify registry)",Confirm position criterion: visit_structure requires specific piece/registry; modded worldgen may be non-structure,Required only inside accessible backbone; alternate route if random,None or a short beginner primer,Needs exact installed IDs/achievement predicates and playtest,Planned content seed only; not coded as Questlog JSON
ao_open_road_02_reach_a_contrasting_biome_family,ambient_odyssey:open_road,The Open Road,MAIN,1,Worldgen; structures; exploration,2,Reach a contrasting biome family,"Visit biome, dimension, position, or structure (verify registry)",Confirm position criterion: visit_structure requires specific piece/registry; modded worldgen may be non-structure,Required only inside accessible backbone; alternate route if random,None or a short beginner primer,Needs exact installed IDs/achievement predicates and playtest,Planned content seed only; not coded as Questlog JSON
ao_open_road_03_visit_an_interesting_natural_for,ambient_odyssey:open_road,The Open Road,MAIN,1,Worldgen; structures; exploration,3,Visit an interesting natural formation,"Visit biome, dimension, position, or structure (verify registry)",Confirm position criterion: visit_structure requires specific piece/registry; modded worldgen may be non-structure,Required only inside accessible backbone; alternate route if random,None or a short beginner primer,Needs exact installed IDs/achievement predicates and playtest,Planned content seed only; not coded as Questlog JSON
ao_open_road_04_discover_a_minor_ruin_or_small_t,ambient_odyssey:open_road,The Open Road,MAIN,1,Worldgen; structures; exploration,4,Discover a minor ruin or small tower,"Visit biome, dimension, position, or structure (verify registry)",Confirm position criterion: visit_structure requires specific piece/registry; modded worldgen may be non-structure,Required only inside accessible backbone; alternate route if random,None or a short beginner primer,Needs exact installed IDs/achievement predicates and playtest,Planned content seed only; not coded as Questlog JSON
ao_open_road_05_learn_the_difference_between_a_l,ambient_odyssey:open_road,The Open Road,MAIN,1,Worldgen; structures; exploration,5,Learn the difference between a landmark and a major dungeon,Information / read / unlock,Display quest without assuming player's history; FTB can explain mechanics,Required only inside accessible backbone; alternate route if random,None or a short beginner primer,Needs exact installed IDs/achievement predicates and playtest,Planned content seed only; not coded as Questlog JSON
ao_open_road_06_explore_a_cave_below_the_surface,ambient_odyssey:open_road,The Open Road,MAIN,1,Worldgen; structures; exploration,6,Explore a cave below the surface,"Visit biome, dimension, position, or structure (verify registry)",Confirm position criterion: visit_structure requires specific piece/registry; modded worldgen may be non-structure,Required only inside accessible backbone; alternate route if random,None or a short beginner primer,Needs exact installed IDs/achievement predicates and playtest,Planned content seed only; not coded as Questlog JSON
ao_open_road_07_upgrade_to_a_diamond_weapon,ambient_odyssey:open_road,The Open Road,MAIN,1,Worldgen; structures; exploration,7,Upgrade to a diamond weapon,Obtain or craft item (verify item ID),Craft and obtain semantics differ; check real item IDs and achievable source,Required only inside accessible backbone; alternate route if random,None or a short beginner primer,Needs exact installed IDs/achievement predicates and playtest,Planned content seed only; not coded as Questlog JSON
ao_open_road_08_equip_a_travel_accessory,ambient_odyssey:open_road,The Open Road,MAIN,1,Worldgen; structures; exploration,8,Equip a travel accessory,Obtain or craft item (verify item ID),Craft and obtain semantics differ; check real item IDs and achievable source,Required only inside accessible backbone; alternate route if random,None or a short beginner primer,Needs exact installed IDs/achievement predicates and playtest,Planned content seed only; not coded as Questlog JSON
ao_open_road_09_bookmark_a_place_worth_returning,ambient_odyssey:open_road,The Open Road,MAIN,1,Worldgen; structures; exploration,9,Bookmark a place worth returning to,Information / read / unlock,Display quest without assuming player's history; FTB can explain mechanics,Required only inside accessible backbone; alternate route if random,None or a short beginner primer,Needs exact installed IDs/achievement predicates and playtest,Planned content seed only; not coded as Questlog JSON
ao_open_road_10_find_a_safe_return_route_or_ways,ambient_odyssey:open_road,The Open Road,MAIN,1,Worldgen; structures; exploration,10,Find a safe return route or Waystone,"Visit biome, dimension, position, or structure (verify registry)",Confirm position criterion: visit_structure requires specific piece/registry; modded worldgen may be non-structure,Required only inside accessible backbone; alternate route if random,None or a short beginner primer,Needs exact installed IDs/achievement predicates and playtest,Planned content seed only; not coded as Questlog JSON
ao_open_road_11_open_your_explorer_s_journal,ambient_odyssey:open_road,The Open Road,MAIN,1,Worldgen; structures; exploration,11,Open your Explorer's Journal,Information / read / unlock,Display quest without assuming player's history; FTB can explain mechanics,Required only inside accessible backbone; alternate route if random,None or a short beginner primer,Needs exact installed IDs/achievement predicates and playtest,Planned content seed only; not coded as Questlog JSON
ao_open_road_12_discover_why_some_ruins_are_much,ambient_odyssey:open_road,The Open Road,MAIN,1,Worldgen; structures; exploration,12,Discover why some ruins are much more dangerous than others,Information / read / unlock,Display quest without assuming player's history; FTB can explain mechanics,Required only inside accessible backbone; alternate route if random,None or a short beginner primer,Needs exact installed IDs/achievement predicates and playtest,Planned content seed only; not coded as Questlog JSON
ao_trial_steel_01_acquire_a_full_set_of_diamond_ar,ambient_odyssey:trial_steel,Trial by Steel,MAIN,2,Gear Atlas; Apotheosis; Artifacts; Relics,1,Acquire a full set of diamond armor,Obtain or craft item (verify item ID),Craft and obtain semantics differ; check real item IDs and achievable source,Required only inside accessible backbone; alternate route if random,Contextual FTB technical reference,Needs exact installed IDs/achievement predicates and playtest,Planned content seed only; not coded as Questlog JSON
ao_trial_steel_02_enchant_the_armor_for_real_prote,ambient_odyssey:trial_steel,Trial by Steel,MAIN,2,Gear Atlas; Apotheosis; Artifacts; Relics,2,Enchant the armor for real protection,Obtain or craft item (verify item ID),Craft and obtain semantics differ; check real item IDs and achievable source,Required only inside accessible backbone; alternate route if random,Contextual FTB technical reference,Needs exact installed IDs/achievement predicates and playtest,Planned content seed only; not coded as Questlog JSON
ao_trial_steel_03_upgrade_the_primary_weapon,ambient_odyssey:trial_steel,Trial by Steel,MAIN,2,Gear Atlas; Apotheosis; Artifacts; Relics,3,Upgrade the primary weapon,Obtain or craft item (verify item ID),Craft and obtain semantics differ; check real item IDs and achievable source,Required only inside accessible backbone; alternate route if random,Contextual FTB technical reference,Needs exact installed IDs/achievement predicates and playtest,Planned content seed only; not coded as Questlog JSON
ao_trial_steel_04_learn_meaningful_combat_support_,ambient_odyssey:trial_steel,Trial by Steel,MAIN,2,Gear Atlas; Apotheosis; Artifacts; Relics,4,Learn meaningful combat-support items,Information / read / unlock,Display quest without assuming player's history; FTB can explain mechanics,Required only inside accessible backbone; alternate route if random,Contextual FTB technical reference,Needs exact installed IDs/achievement predicates and playtest,Planned content seed only; not coded as Questlog JSON
ao_trial_steel_05_equip_your_first_a_grade_combat_,ambient_odyssey:trial_steel,Trial by Steel,MAIN,2,Gear Atlas; Apotheosis; Artifacts; Relics,5,Equip your first A-grade combat support,Obtain or craft item (verify item ID),Craft and obtain semantics differ; check real item IDs and achievable source,Required only inside accessible backbone; alternate route if random,Contextual FTB technical reference,Needs exact installed IDs/achievement predicates and playtest,Planned content seed only; not coded as Questlog JSON
ao_trial_steel_06_equip_a_second_compatible_a_grad,ambient_odyssey:trial_steel,Trial by Steel,MAIN,2,Gear Atlas; Apotheosis; Artifacts; Relics,6,Equip a second compatible A-grade support,Obtain or craft item (verify item ID),Craft and obtain semantics differ; check real item IDs and achievable source,Required only inside accessible backbone; alternate route if random,Contextual FTB technical reference,Needs exact installed IDs/achievement predicates and playtest,Planned content seed only; not coded as Questlog JSON
ao_trial_steel_07_check_support_slot_limits_and_ge,ambient_odyssey:trial_steel,Trial by Steel,MAIN,2,Gear Atlas; Apotheosis; Artifacts; Relics,7,Check support slot limits and gear stacking,Information / read / unlock,Display quest without assuming player's history; FTB can explain mechanics,Required only inside accessible backbone; alternate route if random,Contextual FTB technical reference,Needs exact installed IDs/achievement predicates and playtest,Planned content seed only; not coded as Questlog JSON
ao_trial_steel_08_discover_a_tier_2_major_dungeon,ambient_odyssey:trial_steel,Trial by Steel,MAIN,2,Gear Atlas; Apotheosis; Artifacts; Relics,8,Discover a Tier 2 major dungeon,"Visit biome, dimension, position, or structure (verify registry)",Confirm position criterion: visit_structure requires specific piece/registry; modded worldgen may be non-structure,Required only inside accessible backbone; alternate route if random,Contextual FTB technical reference,Needs exact installed IDs/achievement predicates and playtest,Planned content seed only; not coded as Questlog JSON
ao_trial_steel_09_study_its_recommended_gear_level,ambient_odyssey:trial_steel,Trial by Steel,MAIN,2,Gear Atlas; Apotheosis; Artifacts; Relics,9,Study its recommended gear level,Information / read / unlock,Display quest without assuming player's history; FTB can explain mechanics,Required only inside accessible backbone; alternate route if random,Contextual FTB technical reference,Needs exact installed IDs/achievement predicates and playtest,Planned content seed only; not coded as Questlog JSON
ao_trial_steel_10_overcome_a_suitable_tier_2_encou,ambient_odyssey:trial_steel,Trial by Steel,MAIN,2,Gear Atlas; Apotheosis; Artifacts; Relics,10,Overcome a suitable Tier 2 encounter,Kill entity or complete encounter (verify kill attribution),Ensure player credit and boss/arena version are supported,Required only inside accessible backbone; alternate route if random,Contextual FTB technical reference,Needs exact installed IDs/achievement predicates and playtest,Planned content seed only; not coded as Questlog JSON
ao_trial_steel_11_learn_how_dungeon_completion_dif,ambient_odyssey:trial_steel,Trial by Steel,MAIN,2,Gear Atlas; Apotheosis; Artifacts; Relics,11,Learn how dungeon completion differs from finding it,Information / read / unlock,Display quest without assuming player's history; FTB can explain mechanics,Required only inside accessible backbone; alternate route if random,Contextual FTB technical reference,Needs exact installed IDs/achievement predicates and playtest,Planned content seed only; not coded as Questlog JSON
ao_trial_steel_12_review_the_next_tier_without_loc,ambient_odyssey:trial_steel,Trial by Steel,MAIN,2,Gear Atlas; Apotheosis; Artifacts; Relics,12,Review the next tier without locking other routes,Information / read / unlock,Display quest without assuming player's history; FTB can explain mechanics,Required only inside accessible backbone; alternate route if random,Contextual FTB technical reference,Needs exact installed IDs/achievement predicates and playtest,Planned content seed only; not coded as Questlog JSON
ao_wider_world_01_choose_a_weapon_or_spell_focus_w,ambient_odyssey:wider_world,The Wider World,MAIN,3,Magic and martial systems; rare structures,1,Choose a weapon or spell focus without locking others,Information / read / unlock,Display quest without assuming player's history; FTB can explain mechanics,Required only inside accessible backbone; alternate route if random,None or a short beginner primer,Needs exact installed IDs/achievement predicates and playtest,Planned content seed only; not coded as Questlog JSON
ao_wider_world_02_discover_a_new_climate_or_geogra,ambient_odyssey:wider_world,The Wider World,MAIN,3,Magic and martial systems; rare structures,2,Discover a new climate or geographic region,"Visit biome, dimension, position, or structure (verify registry)",Confirm position criterion: visit_structure requires specific piece/registry; modded worldgen may be non-structure,Required only inside accessible backbone; alternate route if random,None or a short beginner primer,Needs exact installed IDs/achievement predicates and playtest,Planned content seed only; not coded as Questlog JSON
ao_wider_world_03_acquire_a_notable_rare_weapon_or,ambient_odyssey:wider_world,The Wider World,MAIN,3,Magic and martial systems; rare structures,3,Acquire a notable rare weapon or spellbook,Obtain or craft item (verify item ID),Craft and obtain semantics differ; check real item IDs and achievable source,Required only inside accessible backbone; alternate route if random,None or a short beginner primer,Needs exact installed IDs/achievement predicates and playtest,Planned content seed only; not coded as Questlog JSON
ao_wider_world_04_upgrade_to_advanced_enchantments,ambient_odyssey:wider_world,The Wider World,MAIN,3,Magic and martial systems; rare structures,4,Upgrade to advanced enchantments or early netherite,Obtain or craft item (verify item ID),Craft and obtain semantics differ; check real item IDs and achievable source,Required only inside accessible backbone; alternate route if random,None or a short beginner primer,Needs exact installed IDs/achievement predicates and playtest,Planned content seed only; not coded as Questlog JSON
ao_wider_world_05_learn_one_meaningful_special_att,ambient_odyssey:wider_world,The Wider World,MAIN,3,Magic and martial systems; rare structures,5,Learn one meaningful special attack or casting mechanic,Information / read / unlock,Display quest without assuming player's history; FTB can explain mechanics,Required only inside accessible backbone; alternate route if random,None or a short beginner primer,Needs exact installed IDs/achievement predicates and playtest,Planned content seed only; not coded as Questlog JSON
ao_wider_world_06_discover_an_uncommon_structure,ambient_odyssey:wider_world,The Wider World,MAIN,3,Magic and martial systems; rare structures,6,Discover an uncommon structure,"Visit biome, dimension, position, or structure (verify registry)",Confirm position criterion: visit_structure requires specific piece/registry; modded worldgen may be non-structure,Required only inside accessible backbone; alternate route if random,None or a short beginner primer,Needs exact installed IDs/achievement predicates and playtest,Planned content seed only; not coded as Questlog JSON
ao_wider_world_07_survive_an_elite_enemy_or_option,ambient_odyssey:wider_world,The Wider World,MAIN,3,Magic and martial systems; rare structures,7,Survive an elite enemy or optional miniboss,Kill entity or complete encounter (verify kill attribution),Ensure player credit and boss/arena version are supported,Required only inside accessible backbone; alternate route if random,None or a short beginner primer,Needs exact installed IDs/achievement predicates and playtest,Planned content seed only; not coded as Questlog JSON
ao_wider_world_08_learn_the_risks_of_being_outgear,ambient_odyssey:wider_world,The Wider World,MAIN,3,Magic and martial systems; rare structures,8,Learn the risks of being outgeared,Information / read / unlock,Display quest without assuming player's history; FTB can explain mechanics,Required only inside accessible backbone; alternate route if random,None or a short beginner primer,Needs exact installed IDs/achievement predicates and playtest,Planned content seed only; not coded as Questlog JSON
ao_wider_world_09_browse_independent_dimensions_an,ambient_odyssey:wider_world,The Wider World,MAIN,3,Magic and martial systems; rare structures,9,Browse independent dimensions and choose an expedition,Information / read / unlock,Display quest without assuming player's history; FTB can explain mechanics,Required only inside accessible backbone; alternate route if random,None or a short beginner primer,Needs exact installed IDs/achievement predicates and playtest,Planned content seed only; not coded as Questlog JSON
ao_wider_world_10_prepare_for_travel_into_a_danger,ambient_odyssey:wider_world,The Wider World,MAIN,3,Magic and martial systems; rare structures,10,Prepare for travel into a dangerous zone,"Visit biome, dimension, position, or structure (verify registry)",Confirm position criterion: visit_structure requires specific piece/registry; modded worldgen may be non-structure,Required only inside accessible backbone; alternate route if random,None or a short beginner primer,Needs exact installed IDs/achievement predicates and playtest,Planned content seed only; not coded as Questlog JSON
ao_wider_world_11_learn_advanced_potions_and_envir,ambient_odyssey:wider_world,The Wider World,MAIN,3,Magic and martial systems; rare structures,11,Learn advanced potions and environmental counters,Information / read / unlock,Display quest without assuming player's history; FTB can explain mechanics,Required only inside accessible backbone; alternate route if random,None or a short beginner primer,Needs exact installed IDs/achievement predicates and playtest,Planned content seed only; not coded as Questlog JSON
ao_threshold_01_enter_the_nether_and_document_it,ambient_odyssey:threshold,The Threshold,MAIN,4,Nether; End Remastered; Integrated Stronghold,1,Enter the Nether and document its dangers,"Visit biome, dimension, position, or structure (verify registry)",Confirm position criterion: visit_structure requires specific piece/registry; modded worldgen may be non-structure,Required only inside accessible backbone; alternate route if random,None or a short beginner primer,Needs exact installed IDs/achievement predicates and playtest,Planned content seed only; not coded as Questlog JSON
ao_threshold_02_discover_a_nether_fortress_or_si,ambient_odyssey:threshold,The Threshold,MAIN,4,Nether; End Remastered; Integrated Stronghold,2,Discover a Nether fortress or significant remnant,"Visit biome, dimension, position, or structure (verify registry)",Confirm position criterion: visit_structure requires specific piece/registry; modded worldgen may be non-structure,Required only inside accessible backbone; alternate route if random,None or a short beginner primer,Needs exact installed IDs/achievement predicates and playtest,Planned content seed only; not coded as Questlog JSON
ao_threshold_03_defeat_a_blaze_or_comparable_cha,ambient_odyssey:threshold,The Threshold,MAIN,4,Nether; End Remastered; Integrated Stronghold,3,Defeat a Blaze or comparable challenge,Kill entity or complete encounter (verify kill attribution),Ensure player credit and boss/arena version are supported,Required only inside accessible backbone; alternate route if random,None or a short beginner primer,Needs exact installed IDs/achievement predicates and playtest,Planned content seed only; not coded as Questlog JSON
ao_threshold_04_obtain_material_for_stronger_arm,ambient_odyssey:threshold,The Threshold,MAIN,4,Nether; End Remastered; Integrated Stronghold,4,Obtain material for stronger armor,Obtain or craft item (verify item ID),Craft and obtain semantics differ; check real item IDs and achievable source,Required only inside accessible backbone; alternate route if random,None or a short beginner primer,Needs exact installed IDs/achievement predicates and playtest,Planned content seed only; not coded as Questlog JSON
ao_threshold_05_improve_sockets_gems_or_affix_po,ambient_odyssey:threshold,The Threshold,MAIN,4,Nether; End Remastered; Integrated Stronghold,5,"Improve sockets, gems or affix power",Obtain or craft item (verify item ID),Craft and obtain semantics differ; check real item IDs and achievable source,Required only inside accessible backbone; alternate route if random,None or a short beginner primer,Needs exact installed IDs/achievement predicates and playtest,Planned content seed only; not coded as Questlog JSON
ao_threshold_06_find_a_memorable_nether_or_deep_,ambient_odyssey:threshold,The Threshold,MAIN,4,Nether; End Remastered; Integrated Stronghold,6,Find a memorable Nether or deep-world structure,"Visit biome, dimension, position, or structure (verify registry)",Confirm position criterion: visit_structure requires specific piece/registry; modded worldgen may be non-structure,Required only inside accessible backbone; alternate route if random,None or a short beginner primer,Needs exact installed IDs/achievement predicates and playtest,Planned content seed only; not coded as Questlog JSON
ao_threshold_07_learn_why_rare_biome_locations_s,ambient_odyssey:threshold,The Threshold,MAIN,4,Nether; End Remastered; Integrated Stronghold,7,Learn why rare biome locations should not gate story,Information / read / unlock,Display quest without assuming player's history; FTB can explain mechanics,Required only inside accessible backbone; alternate route if random,None or a short beginner primer,Needs exact installed IDs/achievement predicates and playtest,Planned content seed only; not coded as Questlog JSON
ao_threshold_08_check_the_next_boss_threat_thres,ambient_odyssey:threshold,The Threshold,MAIN,4,Nether; End Remastered; Integrated Stronghold,8,Check the next boss threat threshold,Information / read / unlock,Display quest without assuming player's history; FTB can explain mechanics,Required only inside accessible backbone; alternate route if random,None or a short beginner primer,Needs exact installed IDs/achievement predicates and playtest,Planned content seed only; not coded as Questlog JSON
ao_threshold_09_investigate_a_clue_pointing_towa,ambient_odyssey:threshold,The Threshold,MAIN,4,Nether; End Remastered; Integrated Stronghold,9,Investigate a clue pointing toward the End,"Visit biome, dimension, position, or structure (verify registry)",Confirm position criterion: visit_structure requires specific piece/registry; modded worldgen may be non-structure,Required only inside accessible backbone; alternate route if random,None or a short beginner primer,Needs exact installed IDs/achievement predicates and playtest,Planned content seed only; not coded as Questlog JSON
ao_threshold_10_review_the_optional_dimension_pa,ambient_odyssey:threshold,The Threshold,MAIN,4,Nether; End Remastered; Integrated Stronghold,10,Review the optional dimension paths,Information / read / unlock,Display quest without assuming player's history; FTB can explain mechanics,Required only inside accessible backbone; alternate route if random,None or a short beginner primer,Needs exact installed IDs/achievement predicates and playtest,Planned content seed only; not coded as Questlog JSON
ao_old_powers_01_develop_a_tier_5_worthy_enchante,ambient_odyssey:old_powers,Old Powers,MAIN,5,Cataclysm; magical systems; weapon relics,1,Develop a Tier 5 worthy enchanted loadout,Obtain or craft item (verify item ID),Craft and obtain semantics differ; check real item IDs and achievable source,Required only inside accessible backbone; alternate route if random,None or a short beginner primer,Needs exact installed IDs/achievement predicates and playtest,Planned content seed only; not coded as Questlog JSON
ao_old_powers_02_upgrade_one_meaningful_relic_or_,ambient_odyssey:old_powers,Old Powers,MAIN,5,Cataclysm; magical systems; weapon relics,2,Upgrade one meaningful Relic or magical focus,Obtain or craft item (verify item ID),Craft and obtain semantics differ; check real item IDs and achievable source,Required only inside accessible backbone; alternate route if random,None or a short beginner primer,Needs exact installed IDs/achievement predicates and playtest,Planned content seed only; not coded as Questlog JSON
ao_old_powers_03_find_an_intimidating_major_dunge,ambient_odyssey:old_powers,Old Powers,MAIN,5,Cataclysm; magical systems; weapon relics,3,Find an intimidating major dungeon,"Visit biome, dimension, position, or structure (verify registry)",Confirm position criterion: visit_structure requires specific piece/registry; modded worldgen may be non-structure,Required only inside accessible backbone; alternate route if random,None or a short beginner primer,Needs exact installed IDs/achievement predicates and playtest,Planned content seed only; not coded as Questlog JSON
ao_old_powers_04_learn_to_recognize_phases_and_el,ambient_odyssey:old_powers,Old Powers,MAIN,5,Cataclysm; magical systems; weapon relics,4,Learn to recognize phases and elemental hazards,Information / read / unlock,Display quest without assuming player's history; FTB can explain mechanics,Required only inside accessible backbone; alternate route if random,None or a short beginner primer,Needs exact installed IDs/achievement predicates and playtest,Planned content seed only; not coded as Questlog JSON
ao_old_powers_05_overcome_a_suitable_tier_5_boss,ambient_odyssey:old_powers,Old Powers,MAIN,5,Cataclysm; magical systems; weapon relics,5,Overcome a suitable Tier 5 boss,Kill entity or complete encounter (verify kill attribution),Ensure player credit and boss/arena version are supported,Required only inside accessible backbone; alternate route if random,None or a short beginner primer,Needs exact installed IDs/achievement predicates and playtest,Planned content seed only; not coded as Questlog JSON
ao_old_powers_06_investigate_a_boss_specific_drop,ambient_odyssey:old_powers,Old Powers,MAIN,5,Cataclysm; magical systems; weapon relics,6,Investigate a boss-specific drop,Obtain or craft item (verify item ID),Craft and obtain semantics differ; check real item IDs and achievable source,Required only inside accessible backbone; alternate route if random,None or a short beginner primer,Needs exact installed IDs/achievement predicates and playtest,Planned content seed only; not coded as Questlog JSON
ao_old_powers_07_decide_which_optional_dimension_,ambient_odyssey:old_powers,Old Powers,MAIN,5,Cataclysm; magical systems; weapon relics,7,Decide which optional dimension to explore next,Information / read / unlock,Display quest without assuming player's history; FTB can explain mechanics,Required only inside accessible backbone; alternate route if random,None or a short beginner primer,Needs exact installed IDs/achievement predicates and playtest,Planned content seed only; not coded as Questlog JSON
ao_old_powers_08_record_the_boss_in_the_personal_,ambient_odyssey:old_powers,Old Powers,MAIN,5,Cataclysm; magical systems; weapon relics,8,Record the boss in the personal ledger,Information / read / unlock,Display quest without assuming player's history; FTB can explain mechanics,Required only inside accessible backbone; alternate route if random,None or a short beginner primer,Needs exact installed IDs/achievement predicates and playtest,Planned content seed only; not coded as Questlog JSON
ao_legendary_hunt_01_prepare_high_end_armor_supports_,ambient_odyssey:legendary_hunt,The Legendary Hunt,MAIN,6,Cataclysm; major optional bosses,1,"Prepare high-end armor, supports and resistance gear",Obtain or craft item (verify item ID),Craft and obtain semantics differ; check real item IDs and achievable source,Required only inside accessible backbone; alternate route if random,None or a short beginner primer,Needs exact installed IDs/achievement predicates and playtest,Planned content seed only; not coded as Questlog JSON
ao_legendary_hunt_02_locate_a_tier_6_encounter_locati,ambient_odyssey:legendary_hunt,The Legendary Hunt,MAIN,6,Cataclysm; major optional bosses,2,Locate a Tier 6 encounter location,"Visit biome, dimension, position, or structure (verify registry)",Confirm position criterion: visit_structure requires specific piece/registry; modded worldgen may be non-structure,Required only inside accessible backbone; alternate route if random,None or a short beginner primer,Needs exact installed IDs/achievement predicates and playtest,Planned content seed only; not coded as Questlog JSON
ao_legendary_hunt_03_study_the_ignis_threat_dossier,ambient_odyssey:legendary_hunt,The Legendary Hunt,MAIN,6,Cataclysm; major optional bosses,3,Study the Ignis threat dossier,Information / read / unlock,Display quest without assuming player's history; FTB can explain mechanics,Required only inside accessible backbone; alternate route if random,None or a short beginner primer,Needs exact installed IDs/achievement predicates and playtest,Planned content seed only; not coded as Questlog JSON
ao_legendary_hunt_04_defeat_ignis_when_ready,ambient_odyssey:legendary_hunt,The Legendary Hunt,MAIN,6,Cataclysm; major optional bosses,4,Defeat Ignis when ready,Kill entity or complete encounter (verify kill attribution),Ensure player credit and boss/arena version are supported,Required only inside accessible backbone; alternate route if random,None or a short beginner primer,Needs exact installed IDs/achievement predicates and playtest,Planned content seed only; not coded as Questlog JSON
ao_legendary_hunt_05_create_or_claim_an_advanced_boss,ambient_odyssey:legendary_hunt,The Legendary Hunt,MAIN,6,Cataclysm; major optional bosses,5,Create or claim an advanced boss-linked upgrade,Obtain or craft item (verify item ID),Craft and obtain semantics differ; check real item IDs and achievable source,Required only inside accessible backbone; alternate route if random,None or a short beginner primer,Needs exact installed IDs/achievement predicates and playtest,Planned content seed only; not coded as Questlog JSON
ao_legendary_hunt_06_refine_one_character_build_rathe,ambient_odyssey:legendary_hunt,The Legendary Hunt,MAIN,6,Cataclysm; major optional bosses,6,Refine one character build rather than relying on damage only,Information / read / unlock,Display quest without assuming player's history; FTB can explain mechanics,Required only inside accessible backbone; alternate route if random,None or a short beginner primer,Needs exact installed IDs/achievement predicates and playtest,Planned content seed only; not coded as Questlog JSON
ao_legendary_hunt_07_document_your_first_legendary_vi,ambient_odyssey:legendary_hunt,The Legendary Hunt,MAIN,6,Cataclysm; major optional bosses,7,Document your first legendary victory,Information / read / unlock,Display quest without assuming player's history; FTB can explain mechanics,Required only inside accessible backbone; alternate route if random,None or a short beginner primer,Needs exact installed IDs/achievement predicates and playtest,Planned content seed only; not coded as Questlog JSON
ao_breaking_point_01_assemble_a_tier_7_tuned_combat_l,ambient_odyssey:breaking_point,The Breaking Point,MAIN,7,Cataclysm; major endgame bosses,1,Assemble a Tier 7 tuned combat loadout,Obtain or craft item (verify item ID),Craft and obtain semantics differ; check real item IDs and achievable source,Required only inside accessible backbone; alternate route if random,None or a short beginner primer,Needs exact installed IDs/achievement predicates and playtest,Planned content seed only; not coded as Questlog JSON
ao_breaking_point_02_discover_the_arena_associated_wi,ambient_odyssey:breaking_point,The Breaking Point,MAIN,7,Cataclysm; major endgame bosses,2,Discover the arena associated with Maledictus,"Visit biome, dimension, position, or structure (verify registry)",Confirm position criterion: visit_structure requires specific piece/registry; modded worldgen may be non-structure,Required only inside accessible backbone; alternate route if random,None or a short beginner primer,Needs exact installed IDs/achievement predicates and playtest,Planned content seed only; not coded as Questlog JSON
ao_breaking_point_03_study_its_dangerous_mechanics,ambient_odyssey:breaking_point,The Breaking Point,MAIN,7,Cataclysm; major endgame bosses,3,Study its dangerous mechanics,Information / read / unlock,Display quest without assuming player's history; FTB can explain mechanics,Required only inside accessible backbone; alternate route if random,None or a short beginner primer,Needs exact installed IDs/achievement predicates and playtest,Planned content seed only; not coded as Questlog JSON
ao_breaking_point_04_defeat_maledictus_when_prepared,ambient_odyssey:breaking_point,The Breaking Point,MAIN,7,Cataclysm; major endgame bosses,4,Defeat Maledictus when prepared,Kill entity or complete encounter (verify kill attribution),Ensure player credit and boss/arena version are supported,Required only inside accessible backbone; alternate route if random,None or a short beginner primer,Needs exact installed IDs/achievement predicates and playtest,Planned content seed only; not coded as Questlog JSON
ao_breaking_point_05_analyze_the_boss_drop_and_availa,ambient_odyssey:breaking_point,The Breaking Point,MAIN,7,Cataclysm; major endgame bosses,5,Analyze the boss drop and available specialist equipment,Information / read / unlock,Display quest without assuming player's history; FTB can explain mechanics,Required only inside accessible backbone; alternate route if random,None or a short beginner primer,Needs exact installed IDs/achievement predicates and playtest,Planned content seed only; not coded as Questlog JSON
ao_breaking_point_06_evaluate_readiness_for_optional_,ambient_odyssey:breaking_point,The Breaking Point,MAIN,7,Cataclysm; major endgame bosses,6,Evaluate readiness for optional final superbosses,Information / read / unlock,Display quest without assuming player's history; FTB can explain mechanics,Required only inside accessible backbone; alternate route if random,None or a short beginner primer,Needs exact installed IDs/achievement predicates and playtest,Planned content seed only; not coded as Questlog JSON
ao_beyond_known_01_prepare_max_tier_survivability_a,ambient_odyssey:beyond_known,Beyond the Known,MAIN,8,Cataclysm; other endgame bosses,1,Prepare max-tier survivability and damage options,Obtain or craft item (verify item ID),Craft and obtain semantics differ; check real item IDs and achievable source,Required only inside accessible backbone; alternate route if random,None or a short beginner primer,Needs exact installed IDs/achievement predicates and playtest,Planned content seed only; not coded as Questlog JSON
ao_beyond_known_02_find_a_superboss_grade_location,ambient_odyssey:beyond_known,Beyond the Known,MAIN,8,Cataclysm; other endgame bosses,2,Find a superboss-grade location,"Visit biome, dimension, position, or structure (verify registry)",Confirm position criterion: visit_structure requires specific piece/registry; modded worldgen may be non-structure,Required only inside accessible backbone; alternate route if random,None or a short beginner primer,Needs exact installed IDs/achievement predicates and playtest,Planned content seed only; not coded as Questlog JSON
ao_beyond_known_03_investigate_scylla_and_the_echo_,ambient_odyssey:beyond_known,Beyond the Known,MAIN,8,Cataclysm; other endgame bosses,3,Investigate Scylla and the Echo of Tyros,Information / read / unlock,Display quest without assuming player's history; FTB can explain mechanics,Required only inside accessible backbone; alternate route if random,None or a short beginner primer,Needs exact installed IDs/achievement predicates and playtest,Planned content seed only; not coded as Questlog JSON
ao_beyond_known_04_defeat_scylla_in_a_selected_enco,ambient_odyssey:beyond_known,Beyond the Known,MAIN,8,Cataclysm; other endgame bosses,4,Defeat Scylla in a selected encounter,Kill entity or complete encounter (verify kill attribution),Ensure player credit and boss/arena version are supported,Required only inside accessible backbone; alternate route if random,None or a short beginner primer,Needs exact installed IDs/achievement predicates and playtest,Planned content seed only; not coded as Questlog JSON
ao_beyond_known_05_defeat_the_echo_of_tyros,ambient_odyssey:beyond_known,Beyond the Known,MAIN,8,Cataclysm; other endgame bosses,5,Defeat the Echo of Tyros,Kill entity or complete encounter (verify kill attribution),Ensure player credit and boss/arena version are supported,Required only inside accessible backbone; alternate route if random,None or a short beginner primer,Needs exact installed IDs/achievement predicates and playtest,Planned content seed only; not coded as Questlog JSON
ao_beyond_known_06_complete_the_personal_legendary_,ambient_odyssey:beyond_known,Beyond the Known,MAIN,8,Cataclysm; other endgame bosses,6,Complete the personal legendary boss ledger,Information / read / unlock,Display quest without assuming player's history; FTB can explain mechanics,Required only inside accessible backbone; alternate route if random,None or a short beginner primer,Needs exact installed IDs/achievement predicates and playtest,Planned content seed only; not coded as Questlog JSON
ao_beyond_known_07_celebrate_the_journey_without_fo,ambient_odyssey:beyond_known,Beyond the Known,MAIN,8,Cataclysm; other endgame bosses,7,Celebrate the journey without forcing every optional quest,Information / read / unlock,Display quest without assuming player's history; FTB can explain mechanics,Required only inside accessible backbone; alternate route if random,None or a short beginner primer,Needs exact installed IDs/achievement predicates and playtest,Planned content seed only; not coded as Questlog JSON
ao_twilight_01_find_how_to_open_a_twilight_port,ambient_odyssey:twilight,The Twilight Path,OPTIONAL_REALM,2-6,Twilight Forest,1,Find how to open a Twilight portal,Obtain or craft item (verify item ID),Craft and obtain semantics differ; check real item IDs and achievable source,"Optional, may start after location discovery; never blocks main campaign",None or a short beginner primer,Needs exact installed IDs/achievement predicates and playtest,Planned content seed only; not coded as Questlog JSON
ao_twilight_02_enter_the_twilight_forest,ambient_odyssey:twilight,The Twilight Path,OPTIONAL_REALM,2-6,Twilight Forest,2,Enter the Twilight Forest,"Visit biome, dimension, position, or structure (verify registry)",Confirm position criterion: visit_structure requires specific piece/registry; modded worldgen may be non-structure,"Optional, may start after location discovery; never blocks main campaign",None or a short beginner primer,Needs exact installed IDs/achievement predicates and playtest,Planned content seed only; not coded as Questlog JSON
ao_twilight_03_study_the_forest_protection_and_,ambient_odyssey:twilight,The Twilight Path,OPTIONAL_REALM,2-6,Twilight Forest,3,Study the forest protection and progression pattern,Information / read / unlock,Display quest without assuming player's history; FTB can explain mechanics,"Optional, may start after location discovery; never blocks main campaign",None or a short beginner primer,Needs exact installed IDs/achievement predicates and playtest,Planned content seed only; not coded as Questlog JSON
ao_twilight_04_find_the_naga_courtyard,ambient_odyssey:twilight,The Twilight Path,OPTIONAL_REALM,2-6,Twilight Forest,4,Find the Naga Courtyard,"Visit biome, dimension, position, or structure (verify registry)",Confirm position criterion: visit_structure requires specific piece/registry; modded worldgen may be non-structure,"Optional, may start after location discovery; never blocks main campaign",None or a short beginner primer,Needs exact installed IDs/achievement predicates and playtest,Planned content seed only; not coded as Questlog JSON
ao_twilight_05_defeat_the_naga,ambient_odyssey:twilight,The Twilight Path,OPTIONAL_REALM,2-6,Twilight Forest,5,Defeat the Naga,Kill entity or complete encounter (verify kill attribution),Ensure player credit and boss/arena version are supported,"Optional, may start after location discovery; never blocks main campaign",None or a short beginner primer,Needs exact installed IDs/achievement predicates and playtest,Planned content seed only; not coded as Questlog JSON
ao_twilight_06_discover_the_lich_tower,ambient_odyssey:twilight,The Twilight Path,OPTIONAL_REALM,2-6,Twilight Forest,6,Discover the Lich Tower,"Visit biome, dimension, position, or structure (verify registry)",Confirm position criterion: visit_structure requires specific piece/registry; modded worldgen may be non-structure,"Optional, may start after location discovery; never blocks main campaign",None or a short beginner primer,Needs exact installed IDs/achievement predicates and playtest,Planned content seed only; not coded as Questlog JSON
ao_twilight_07_overcome_the_twilight_lich,ambient_odyssey:twilight,The Twilight Path,OPTIONAL_REALM,2-6,Twilight Forest,7,Overcome the Twilight Lich,Kill entity or complete encounter (verify kill attribution),Ensure player credit and boss/arena version are supported,"Optional, may start after location discovery; never blocks main campaign",None or a short beginner primer,Needs exact installed IDs/achievement predicates and playtest,Planned content seed only; not coded as Questlog JSON
ao_twilight_08_navigate_the_labyrinth,ambient_odyssey:twilight,The Twilight Path,OPTIONAL_REALM,2-6,Twilight Forest,8,Navigate the Labyrinth,"Visit biome, dimension, position, or structure (verify registry)",Confirm position criterion: visit_structure requires specific piece/registry; modded worldgen may be non-structure,"Optional, may start after location discovery; never blocks main campaign",None or a short beginner primer,Needs exact installed IDs/achievement predicates and playtest,Planned content seed only; not coded as Questlog JSON
ao_twilight_09_defeat_the_minoshroom,ambient_odyssey:twilight,The Twilight Path,OPTIONAL_REALM,2-6,Twilight Forest,9,Defeat the Minoshroom,Kill entity or complete encounter (verify kill attribution),Ensure player credit and boss/arena version are supported,"Optional, may start after location discovery; never blocks main campaign",None or a short beginner primer,Needs exact installed IDs/achievement predicates and playtest,Planned content seed only; not coded as Questlog JSON
ao_twilight_10_discover_the_fire_swamp_strongho,ambient_odyssey:twilight,The Twilight Path,OPTIONAL_REALM,2-6,Twilight Forest,10,Discover the fire swamp stronghold,"Visit biome, dimension, position, or structure (verify registry)",Confirm position criterion: visit_structure requires specific piece/registry; modded worldgen may be non-structure,"Optional, may start after location discovery; never blocks main campaign",None or a short beginner primer,Needs exact installed IDs/achievement predicates and playtest,Planned content seed only; not coded as Questlog JSON
ao_twilight_11_defeat_the_hydra,ambient_odyssey:twilight,The Twilight Path,OPTIONAL_REALM,2-6,Twilight Forest,11,Defeat the Hydra,Kill entity or complete encounter (verify kill attribution),Ensure player credit and boss/arena version are supported,"Optional, may start after location discovery; never blocks main campaign",None or a short beginner primer,Needs exact installed IDs/achievement predicates and playtest,Planned content seed only; not coded as Questlog JSON
ao_twilight_12_explore_the_dark_forest_and_its_,ambient_odyssey:twilight,The Twilight Path,OPTIONAL_REALM,2-6,Twilight Forest,12,Explore the Dark Forest and its keep,"Visit biome, dimension, position, or structure (verify registry)",Confirm position criterion: visit_structure requires specific piece/registry; modded worldgen may be non-structure,"Optional, may start after location discovery; never blocks main campaign",None or a short beginner primer,Needs exact installed IDs/achievement predicates and playtest,Planned content seed only; not coded as Questlog JSON
ao_twilight_13_confront_the_knight_phantom,ambient_odyssey:twilight,The Twilight Path,OPTIONAL_REALM,2-6,Twilight Forest,13,Confront the Knight Phantom,Kill entity or complete encounter (verify kill attribution),Ensure player credit and boss/arena version are supported,"Optional, may start after location discovery; never blocks main campaign",None or a short beginner primer,Needs exact installed IDs/achievement predicates and playtest,Planned content seed only; not coded as Questlog JSON
ao_twilight_14_defeat_the_ur_ghast,ambient_odyssey:twilight,The Twilight Path,OPTIONAL_REALM,2-6,Twilight Forest,14,Defeat the Ur-Ghast,Kill entity or complete encounter (verify kill attribution),Ensure player credit and boss/arena version are supported,"Optional, may start after location discovery; never blocks main campaign",None or a short beginner primer,Needs exact installed IDs/achievement predicates and playtest,Planned content seed only; not coded as Questlog JSON
ao_twilight_15_explore_the_snow_and_glacier_pat,ambient_odyssey:twilight,The Twilight Path,OPTIONAL_REALM,2-6,Twilight Forest,15,Explore the snow and glacier path,"Visit biome, dimension, position, or structure (verify registry)",Confirm position criterion: visit_structure requires specific piece/registry; modded worldgen may be non-structure,"Optional, may start after location discovery; never blocks main campaign",None or a short beginner primer,Needs exact installed IDs/achievement predicates and playtest,Planned content seed only; not coded as Questlog JSON
ao_twilight_16_defeat_the_alpha_yeti,ambient_odyssey:twilight,The Twilight Path,OPTIONAL_REALM,2-6,Twilight Forest,16,Defeat the Alpha Yeti,Kill entity or complete encounter (verify kill attribution),Ensure player credit and boss/arena version are supported,"Optional, may start after location discovery; never blocks main campaign",None or a short beginner primer,Needs exact installed IDs/achievement predicates and playtest,Planned content seed only; not coded as Questlog JSON
ao_twilight_17_defeat_the_snow_queen,ambient_odyssey:twilight,The Twilight Path,OPTIONAL_REALM,2-6,Twilight Forest,17,Defeat the Snow Queen,Kill entity or complete encounter (verify kill attribution),Ensure player credit and boss/arena version are supported,"Optional, may start after location discovery; never blocks main campaign",None or a short beginner primer,Needs exact installed IDs/achievement predicates and playtest,Planned content seed only; not coded as Questlog JSON
ao_twilight_18_observe_the_final_plateau_conten,ambient_odyssey:twilight,The Twilight Path,OPTIONAL_REALM,2-6,Twilight Forest,18,Observe the final plateau content available in this port,"Visit biome, dimension, position, or structure (verify registry)",Confirm position criterion: visit_structure requires specific piece/registry; modded worldgen may be non-structure,"Optional, may start after location discovery; never blocks main campaign",None or a short beginner primer,Needs exact installed IDs/achievement predicates and playtest,Planned content seed only; not coded as Questlog JSON
ao_twilight_19_close_the_twilight_journal_or_co,ambient_odyssey:twilight,The Twilight Path,OPTIONAL_REALM,2-6,Twilight Forest,19,Close the Twilight journal or continue exploring,Information / read / unlock,Display quest without assuming player's history; FTB can explain mechanics,"Optional, may start after location discovery; never blocks main campaign",None or a short beginner primer,Needs exact installed IDs/achievement predicates and playtest,Planned content seed only; not coded as Questlog JSON
ao_aether_01_learn_aether_portal_ingredients,ambient_odyssey:aether,Kingdoms of the Sky,OPTIONAL_REALM,2-6,The Aether; Deep Aether; Aether Villages,1,Learn Aether portal ingredients,Obtain or craft item (verify item ID),Craft and obtain semantics differ; check real item IDs and achievable source,"Optional, may start after location discovery; never blocks main campaign",None or a short beginner primer,Needs exact installed IDs/achievement predicates and playtest,Planned content seed only; not coded as Questlog JSON
ao_aether_02_enter_the_aether,ambient_odyssey:aether,Kingdoms of the Sky,OPTIONAL_REALM,2-6,The Aether; Deep Aether; Aether Villages,2,Enter the Aether,"Visit biome, dimension, position, or structure (verify registry)",Confirm position criterion: visit_structure requires specific piece/registry; modded worldgen may be non-structure,"Optional, may start after location discovery; never blocks main campaign",None or a short beginner primer,Needs exact installed IDs/achievement predicates and playtest,Planned content seed only; not coded as Questlog JSON
ao_aether_03_understand_sky_island_hazards_an,ambient_odyssey:aether,Kingdoms of the Sky,OPTIONAL_REALM,2-6,The Aether; Deep Aether; Aether Villages,3,Understand sky-island hazards and safe descent,Information / read / unlock,Display quest without assuming player's history; FTB can explain mechanics,"Optional, may start after location discovery; never blocks main campaign",None or a short beginner primer,Needs exact installed IDs/achievement predicates and playtest,Planned content seed only; not coded as Questlog JSON
ao_aether_04_obtain_a_native_aether_tool_or_m,ambient_odyssey:aether,Kingdoms of the Sky,OPTIONAL_REALM,2-6,The Aether; Deep Aether; Aether Villages,4,Obtain a native Aether tool or material,Obtain or craft item (verify item ID),Craft and obtain semantics differ; check real item IDs and achievable source,"Optional, may start after location discovery; never blocks main campaign",None or a short beginner primer,Needs exact installed IDs/achievement predicates and playtest,Planned content seed only; not coded as Questlog JSON
ao_aether_05_discover_a_settlement_or_sky_rui,ambient_odyssey:aether,Kingdoms of the Sky,OPTIONAL_REALM,2-6,The Aether; Deep Aether; Aether Villages,5,Discover a settlement or sky ruin,"Visit biome, dimension, position, or structure (verify registry)",Confirm position criterion: visit_structure requires specific piece/registry; modded worldgen may be non-structure,"Optional, may start after location discovery; never blocks main campaign",None or a short beginner primer,Needs exact installed IDs/achievement predicates and playtest,Planned content seed only; not coded as Questlog JSON
ao_aether_06_find_an_aether_dungeon_entrance,ambient_odyssey:aether,Kingdoms of the Sky,OPTIONAL_REALM,2-6,The Aether; Deep Aether; Aether Villages,6,Find an Aether dungeon entrance,"Visit biome, dimension, position, or structure (verify registry)",Confirm position criterion: visit_structure requires specific piece/registry; modded worldgen may be non-structure,"Optional, may start after location discovery; never blocks main campaign",None or a short beginner primer,Needs exact installed IDs/achievement predicates and playtest,Planned content seed only; not coded as Questlog JSON
ao_aether_07_complete_a_bronze_tier_boss_enco,ambient_odyssey:aether,Kingdoms of the Sky,OPTIONAL_REALM,2-6,The Aether; Deep Aether; Aether Villages,7,Complete a Bronze tier boss encounter,Kill entity or complete encounter (verify kill attribution),Ensure player credit and boss/arena version are supported,"Optional, may start after location discovery; never blocks main campaign",None or a short beginner primer,Needs exact installed IDs/achievement predicates and playtest,Planned content seed only; not coded as Questlog JSON
ao_aether_08_use_a_dungeon_reward,ambient_odyssey:aether,Kingdoms of the Sky,OPTIONAL_REALM,2-6,The Aether; Deep Aether; Aether Villages,8,Use a dungeon reward,Obtain or craft item (verify item ID),Craft and obtain semantics differ; check real item IDs and achievable source,"Optional, may start after location discovery; never blocks main campaign",None or a short beginner primer,Needs exact installed IDs/achievement predicates and playtest,Planned content seed only; not coded as Questlog JSON
ao_aether_09_locate_another_themed_dungeon,ambient_odyssey:aether,Kingdoms of the Sky,OPTIONAL_REALM,2-6,The Aether; Deep Aether; Aether Villages,9,Locate another themed dungeon,"Visit biome, dimension, position, or structure (verify registry)",Confirm position criterion: visit_structure requires specific piece/registry; modded worldgen may be non-structure,"Optional, may start after location discovery; never blocks main campaign",None or a short beginner primer,Needs exact installed IDs/achievement predicates and playtest,Planned content seed only; not coded as Questlog JSON
ao_aether_10_complete_the_next_aether_boss,ambient_odyssey:aether,Kingdoms of the Sky,OPTIONAL_REALM,2-6,The Aether; Deep Aether; Aether Villages,10,Complete the next Aether boss,Kill entity or complete encounter (verify kill attribution),Ensure player credit and boss/arena version are supported,"Optional, may start after location discovery; never blocks main campaign",None or a short beginner primer,Needs exact installed IDs/achievement predicates and playtest,Planned content seed only; not coded as Questlog JSON
ao_aether_11_discover_a_higher_challenge_dung,ambient_odyssey:aether,Kingdoms of the Sky,OPTIONAL_REALM,2-6,The Aether; Deep Aether; Aether Villages,11,Discover a higher challenge dungeon,"Visit biome, dimension, position, or structure (verify registry)",Confirm position criterion: visit_structure requires specific piece/registry; modded worldgen may be non-structure,"Optional, may start after location discovery; never blocks main campaign",None or a short beginner primer,Needs exact installed IDs/achievement predicates and playtest,Planned content seed only; not coded as Questlog JSON
ao_aether_12_conquer_its_boss,ambient_odyssey:aether,Kingdoms of the Sky,OPTIONAL_REALM,2-6,The Aether; Deep Aether; Aether Villages,12,Conquer its boss,Kill entity or complete encounter (verify kill attribution),Ensure player credit and boss/arena version are supported,"Optional, may start after location discovery; never blocks main campaign",None or a short beginner primer,Needs exact installed IDs/achievement predicates and playtest,Planned content seed only; not coded as Questlog JSON
ao_aether_13_visit_a_deep_aether_extension_bi,ambient_odyssey:aether,Kingdoms of the Sky,OPTIONAL_REALM,2-6,The Aether; Deep Aether; Aether Villages,13,Visit a Deep Aether extension biome,"Visit biome, dimension, position, or structure (verify registry)",Confirm position criterion: visit_structure requires specific piece/registry; modded worldgen may be non-structure,"Optional, may start after location discovery; never blocks main campaign",None or a short beginner primer,Needs exact installed IDs/achievement predicates and playtest,Planned content seed only; not coded as Questlog JSON
ao_aether_14_log_unique_aether_ecology_and_op,ambient_odyssey:aether,Kingdoms of the Sky,OPTIONAL_REALM,2-6,The Aether; Deep Aether; Aether Villages,14,Log unique Aether ecology and optional equipment,Information / read / unlock,Display quest without assuming player's history; FTB can explain mechanics,"Optional, may start after location discovery; never blocks main campaign",None or a short beginner primer,Needs exact installed IDs/achievement predicates and playtest,Planned content seed only; not coded as Questlog JSON
ao_starlight_01_learn_the_safe_means_of_reaching,ambient_odyssey:starlight,The Starlit Frontier,OPTIONAL_REALM,3-7,Eternal Starlight,1,Learn the safe means of reaching Eternal Starlight,Obtain or craft item (verify item ID),Craft and obtain semantics differ; check real item IDs and achievable source,"Optional, may start after location discovery; never blocks main campaign",None or a short beginner primer,Needs exact installed IDs/achievement predicates and playtest,Planned content seed only; not coded as Questlog JSON
ao_starlight_02_enter_the_starlight_realm,ambient_odyssey:starlight,The Starlit Frontier,OPTIONAL_REALM,3-7,Eternal Starlight,2,Enter the Starlight realm,"Visit biome, dimension, position, or structure (verify registry)",Confirm position criterion: visit_structure requires specific piece/registry; modded worldgen may be non-structure,"Optional, may start after location discovery; never blocks main campaign",None or a short beginner primer,Needs exact installed IDs/achievement predicates and playtest,Planned content seed only; not coded as Questlog JSON
ao_starlight_03_discover_a_distinctive_starlight,ambient_odyssey:starlight,The Starlit Frontier,OPTIONAL_REALM,3-7,Eternal Starlight,3,Discover a distinctive Starlight biome,"Visit biome, dimension, position, or structure (verify registry)",Confirm position criterion: visit_structure requires specific piece/registry; modded worldgen may be non-structure,"Optional, may start after location discovery; never blocks main campaign",None or a short beginner primer,Needs exact installed IDs/achievement predicates and playtest,Planned content seed only; not coded as Questlog JSON
ao_starlight_04_collect_a_unique_realm_resource,ambient_odyssey:starlight,The Starlit Frontier,OPTIONAL_REALM,3-7,Eternal Starlight,4,Collect a unique realm resource,Obtain or craft item (verify item ID),Craft and obtain semantics differ; check real item IDs and achievable source,"Optional, may start after location discovery; never blocks main campaign",None or a short beginner primer,Needs exact installed IDs/achievement predicates and playtest,Planned content seed only; not coded as Questlog JSON
ao_starlight_05_find_a_significant_starlight_lan,ambient_odyssey:starlight,The Starlit Frontier,OPTIONAL_REALM,3-7,Eternal Starlight,5,Find a significant Starlight landmark,"Visit biome, dimension, position, or structure (verify registry)",Confirm position criterion: visit_structure requires specific piece/registry; modded worldgen may be non-structure,"Optional, may start after location discovery; never blocks main campaign",None or a short beginner primer,Needs exact installed IDs/achievement predicates and playtest,Planned content seed only; not coded as Questlog JSON
ao_starlight_06_defeat_an_appropriate_native_ene,ambient_odyssey:starlight,The Starlit Frontier,OPTIONAL_REALM,3-7,Eternal Starlight,6,Defeat an appropriate native enemy,Kill entity or complete encounter (verify kill attribution),Ensure player credit and boss/arena version are supported,"Optional, may start after location discovery; never blocks main campaign",None or a short beginner primer,Needs exact installed IDs/achievement predicates and playtest,Planned content seed only; not coded as Questlog JSON
ao_starlight_07_craft_or_claim_first_starlight_e,ambient_odyssey:starlight,The Starlit Frontier,OPTIONAL_REALM,3-7,Eternal Starlight,7,Craft or claim first Starlight equipment,Obtain or craft item (verify item ID),Craft and obtain semantics differ; check real item IDs and achievable source,"Optional, may start after location discovery; never blocks main campaign",None or a short beginner primer,Needs exact installed IDs/achievement predicates and playtest,Planned content seed only; not coded as Questlog JSON
ao_starlight_08_investigate_a_more_dangerous_sta,ambient_odyssey:starlight,The Starlit Frontier,OPTIONAL_REALM,3-7,Eternal Starlight,8,Investigate a more dangerous Starlight site,"Visit biome, dimension, position, or structure (verify registry)",Confirm position criterion: visit_structure requires specific piece/registry; modded worldgen may be non-structure,"Optional, may start after location discovery; never blocks main campaign",None or a short beginner primer,Needs exact installed IDs/achievement predicates and playtest,Planned content seed only; not coded as Questlog JSON
ao_starlight_09_read_an_encounter_warning_before,ambient_odyssey:starlight,The Starlit Frontier,OPTIONAL_REALM,3-7,Eternal Starlight,9,Read an encounter warning before advancing,Information / read / unlock,Display quest without assuming player's history; FTB can explain mechanics,"Optional, may start after location discovery; never blocks main campaign",None or a short beginner primer,Needs exact installed IDs/achievement predicates and playtest,Planned content seed only; not coded as Questlog JSON
ao_starlight_10_defeat_a_verified_starlight_boss,ambient_odyssey:starlight,The Starlit Frontier,OPTIONAL_REALM,3-7,Eternal Starlight,10,Defeat a verified Starlight boss,Kill entity or complete encounter (verify kill attribution),Ensure player credit and boss/arena version are supported,"Optional, may start after location discovery; never blocks main campaign",None or a short beginner primer,Needs exact installed IDs/achievement predicates and playtest,Planned content seed only; not coded as Questlog JSON
ao_starlight_11_use_a_real_boss_reward,ambient_odyssey:starlight,The Starlit Frontier,OPTIONAL_REALM,3-7,Eternal Starlight,11,Use a real boss reward,Obtain or craft item (verify item ID),Craft and obtain semantics differ; check real item IDs and achievable source,"Optional, may start after location discovery; never blocks main campaign",None or a short beginner primer,Needs exact installed IDs/achievement predicates and playtest,Planned content seed only; not coded as Questlog JSON
ao_starlight_12_explore_an_alternate_region_of_t,ambient_odyssey:starlight,The Starlit Frontier,OPTIONAL_REALM,3-7,Eternal Starlight,12,Explore an alternate region of the realm,"Visit biome, dimension, position, or structure (verify registry)",Confirm position criterion: visit_structure requires specific piece/registry; modded worldgen may be non-structure,"Optional, may start after location discovery; never blocks main campaign",None or a short beginner primer,Needs exact installed IDs/achievement predicates and playtest,Planned content seed only; not coded as Questlog JSON
ao_starlight_13_confront_the_next_supported_majo,ambient_odyssey:starlight,The Starlit Frontier,OPTIONAL_REALM,3-7,Eternal Starlight,13,Confront the next supported major boss,Kill entity or complete encounter (verify kill attribution),Ensure player credit and boss/arena version are supported,"Optional, may start after location discovery; never blocks main campaign",None or a short beginner primer,Needs exact installed IDs/achievement predicates and playtest,Planned content seed only; not coded as Questlog JSON
ao_starlight_14_finish_the_main_starlight_expedi,ambient_odyssey:starlight,The Starlit Frontier,OPTIONAL_REALM,3-7,Eternal Starlight,14,Finish the main Starlight expedition log,Information / read / unlock,Display quest without assuming player's history; FTB can explain mechanics,"Optional, may start after location discovery; never blocks main campaign",None or a short beginner primer,Needs exact installed IDs/achievement predicates and playtest,Planned content seed only; not coded as Questlog JSON
ao_undergarden_01_prepare_an_undergarden_entry_met,ambient_odyssey:undergarden,Below the Bedrock,OPTIONAL_REALM,3-6,The Undergarden,1,Prepare an Undergarden entry method,Obtain or craft item (verify item ID),Craft and obtain semantics differ; check real item IDs and achievable source,"Optional, may start after location discovery; never blocks main campaign",None or a short beginner primer,Needs exact installed IDs/achievement predicates and playtest,Planned content seed only; not coded as Questlog JSON
ao_undergarden_02_enter_the_undergarden,ambient_odyssey:undergarden,Below the Bedrock,OPTIONAL_REALM,3-6,The Undergarden,2,Enter the Undergarden,"Visit biome, dimension, position, or structure (verify registry)",Confirm position criterion: visit_structure requires specific piece/registry; modded worldgen may be non-structure,"Optional, may start after location discovery; never blocks main campaign",None or a short beginner primer,Needs exact installed IDs/achievement predicates and playtest,Planned content seed only; not coded as Questlog JSON
ao_undergarden_03_document_environmental_survival_,ambient_odyssey:undergarden,Below the Bedrock,OPTIONAL_REALM,3-6,The Undergarden,3,Document environmental survival rules,Information / read / unlock,Display quest without assuming player's history; FTB can explain mechanics,"Optional, may start after location discovery; never blocks main campaign",None or a short beginner primer,Needs exact installed IDs/achievement predicates and playtest,Planned content seed only; not coded as Questlog JSON
ao_undergarden_04_collect_basic_native_materials,ambient_odyssey:undergarden,Below the Bedrock,OPTIONAL_REALM,3-6,The Undergarden,4,Collect basic native materials,Obtain or craft item (verify item ID),Craft and obtain semantics differ; check real item IDs and achievable source,"Optional, may start after location discovery; never blocks main campaign",None or a short beginner primer,Needs exact installed IDs/achievement predicates and playtest,Planned content seed only; not coded as Questlog JSON
ao_undergarden_05_find_an_unusual_undergarden_biom,ambient_odyssey:undergarden,Below the Bedrock,OPTIONAL_REALM,3-6,The Undergarden,5,Find an unusual Undergarden biome,"Visit biome, dimension, position, or structure (verify registry)",Confirm position criterion: visit_structure requires specific piece/registry; modded worldgen may be non-structure,"Optional, may start after location discovery; never blocks main campaign",None or a short beginner primer,Needs exact installed IDs/achievement predicates and playtest,Planned content seed only; not coded as Questlog JSON
ao_undergarden_06_overcome_a_signature_hostile_mob,ambient_odyssey:undergarden,Below the Bedrock,OPTIONAL_REALM,3-6,The Undergarden,6,Overcome a signature hostile mob,Kill entity or complete encounter (verify kill attribution),Ensure player credit and boss/arena version are supported,"Optional, may start after location discovery; never blocks main campaign",None or a short beginner primer,Needs exact installed IDs/achievement predicates and playtest,Planned content seed only; not coded as Questlog JSON
ao_undergarden_07_discover_an_ancient_subterranean,ambient_odyssey:undergarden,Below the Bedrock,OPTIONAL_REALM,3-6,The Undergarden,7,Discover an ancient subterranean structure,"Visit biome, dimension, position, or structure (verify registry)",Confirm position criterion: visit_structure requires specific piece/registry; modded worldgen may be non-structure,"Optional, may start after location discovery; never blocks main campaign",None or a short beginner primer,Needs exact installed IDs/achievement predicates and playtest,Planned content seed only; not coded as Questlog JSON
ao_undergarden_08_craft_a_native_equipment_upgrade,ambient_odyssey:undergarden,Below the Bedrock,OPTIONAL_REALM,3-6,The Undergarden,8,Craft a native equipment upgrade,Obtain or craft item (verify item ID),Craft and obtain semantics differ; check real item IDs and achievable source,"Optional, may start after location discovery; never blocks main campaign",None or a short beginner primer,Needs exact installed IDs/achievement predicates and playtest,Planned content seed only; not coded as Questlog JSON
ao_undergarden_09_reach_a_dangerous_dungeon_or_tem,ambient_odyssey:undergarden,Below the Bedrock,OPTIONAL_REALM,3-6,The Undergarden,9,Reach a dangerous dungeon or temple,"Visit biome, dimension, position, or structure (verify registry)",Confirm position criterion: visit_structure requires specific piece/registry; modded worldgen may be non-structure,"Optional, may start after location discovery; never blocks main campaign",None or a short beginner primer,Needs exact installed IDs/achievement predicates and playtest,Planned content seed only; not coded as Questlog JSON
ao_undergarden_10_face_a_verified_undergarden_guar,ambient_odyssey:undergarden,Below the Bedrock,OPTIONAL_REALM,3-6,The Undergarden,10,Face a verified Undergarden guardian,Kill entity or complete encounter (verify kill attribution),Ensure player credit and boss/arena version are supported,"Optional, may start after location discovery; never blocks main campaign",None or a short beginner primer,Needs exact installed IDs/achievement predicates and playtest,Planned content seed only; not coded as Questlog JSON
ao_undergarden_11_return_with_a_useful_discovery,ambient_odyssey:undergarden,Below the Bedrock,OPTIONAL_REALM,3-6,The Undergarden,11,Return with a useful discovery,Information / read / unlock,Display quest without assuming player's history; FTB can explain mechanics,"Optional, may start after location discovery; never blocks main campaign",None or a short beginner primer,Needs exact installed IDs/achievement predicates and playtest,Planned content seed only; not coded as Questlog JSON
ao_deeper_darker_01_discover_the_ancient_city_and_po,ambient_odyssey:deeper_darker,Into the Other Side,OPTIONAL_REALM,3-6,Deeper and Darker,1,Discover the Ancient City and portal route,"Visit biome, dimension, position, or structure (verify registry)",Confirm position criterion: visit_structure requires specific piece/registry; modded worldgen may be non-structure,"Optional, may start after location discovery; never blocks main campaign",None or a short beginner primer,Needs exact installed IDs/achievement predicates and playtest,Planned content seed only; not coded as Questlog JSON
ao_deeper_darker_02_prepare_the_portal_and_survival_,ambient_odyssey:deeper_darker,Into the Other Side,OPTIONAL_REALM,3-6,Deeper and Darker,2,Prepare the portal and survival kit,Obtain or craft item (verify item ID),Craft and obtain semantics differ; check real item IDs and achievable source,"Optional, may start after location discovery; never blocks main campaign",None or a short beginner primer,Needs exact installed IDs/achievement predicates and playtest,Planned content seed only; not coded as Questlog JSON
ao_deeper_darker_03_enter_the_otherside,ambient_odyssey:deeper_darker,Into the Other Side,OPTIONAL_REALM,3-6,Deeper and Darker,3,Enter the Otherside,"Visit biome, dimension, position, or structure (verify registry)",Confirm position criterion: visit_structure requires specific piece/registry; modded worldgen may be non-structure,"Optional, may start after location discovery; never blocks main campaign",None or a short beginner primer,Needs exact installed IDs/achievement predicates and playtest,Planned content seed only; not coded as Questlog JSON
ao_deeper_darker_04_understand_local_hazards_without,ambient_odyssey:deeper_darker,Into the Other Side,OPTIONAL_REALM,3-6,Deeper and Darker,4,Understand local hazards without spoilers,Information / read / unlock,Display quest without assuming player's history; FTB can explain mechanics,"Optional, may start after location discovery; never blocks main campaign",None or a short beginner primer,Needs exact installed IDs/achievement predicates and playtest,Planned content seed only; not coded as Questlog JSON
ao_deeper_darker_05_survey_a_distinctive_otherside_b,ambient_odyssey:deeper_darker,Into the Other Side,OPTIONAL_REALM,3-6,Deeper and Darker,5,Survey a distinctive Otherside biome,"Visit biome, dimension, position, or structure (verify registry)",Confirm position criterion: visit_structure requires specific piece/registry; modded worldgen may be non-structure,"Optional, may start after location discovery; never blocks main campaign",None or a short beginner primer,Needs exact installed IDs/achievement predicates and playtest,Planned content seed only; not coded as Questlog JSON
ao_deeper_darker_06_acquire_a_rare_native_resource,ambient_odyssey:deeper_darker,Into the Other Side,OPTIONAL_REALM,3-6,Deeper and Darker,6,Acquire a rare native resource,Obtain or craft item (verify item ID),Craft and obtain semantics differ; check real item IDs and achievable source,"Optional, may start after location discovery; never blocks main campaign",None or a short beginner primer,Needs exact installed IDs/achievement predicates and playtest,Planned content seed only; not coded as Questlog JSON
ao_deeper_darker_07_locate_a_notable_structure,ambient_odyssey:deeper_darker,Into the Other Side,OPTIONAL_REALM,3-6,Deeper and Darker,7,Locate a notable structure,"Visit biome, dimension, position, or structure (verify registry)",Confirm position criterion: visit_structure requires specific piece/registry; modded worldgen may be non-structure,"Optional, may start after location discovery; never blocks main campaign",None or a short beginner primer,Needs exact installed IDs/achievement predicates and playtest,Planned content seed only; not coded as Questlog JSON
ao_deeper_darker_08_defeat_a_suitable_hostile_creatu,ambient_odyssey:deeper_darker,Into the Other Side,OPTIONAL_REALM,3-6,Deeper and Darker,8,Defeat a suitable hostile creature,Kill entity or complete encounter (verify kill attribution),Ensure player credit and boss/arena version are supported,"Optional, may start after location discovery; never blocks main campaign",None or a short beginner primer,Needs exact installed IDs/achievement predicates and playtest,Planned content seed only; not coded as Questlog JSON
ao_deeper_darker_09_return_safely_and_record_the_rea,ambient_odyssey:deeper_darker,Into the Other Side,OPTIONAL_REALM,3-6,Deeper and Darker,9,Return safely and record the realm,Information / read / unlock,Display quest without assuming player's history; FTB can explain mechanics,"Optional, may start after location discovery; never blocks main campaign",None or a short beginner primer,Needs exact installed IDs/achievement predicates and playtest,Planned content seed only; not coded as Questlog JSON
ao_bumblezone_01_discover_a_way_into_the_bumblezo,ambient_odyssey:bumblezone,The Living Hive,OPTIONAL_REALM,2-5,The Bumblezone,1,Discover a way into the Bumblezone,Obtain or craft item (verify item ID),Craft and obtain semantics differ; check real item IDs and achievable source,"Optional, may start after location discovery; never blocks main campaign",None or a short beginner primer,Needs exact installed IDs/achievement predicates and playtest,Planned content seed only; not coded as Questlog JSON
ao_bumblezone_02_enter_the_hive_dimension,ambient_odyssey:bumblezone,The Living Hive,OPTIONAL_REALM,2-5,The Bumblezone,2,Enter the hive dimension,"Visit biome, dimension, position, or structure (verify registry)",Confirm position criterion: visit_structure requires specific piece/registry; modded worldgen may be non-structure,"Optional, may start after location discovery; never blocks main campaign",None or a short beginner primer,Needs exact installed IDs/achievement predicates and playtest,Planned content seed only; not coded as Questlog JSON
ao_bumblezone_03_learn_bee_neutrality_and_honey_h,ambient_odyssey:bumblezone,The Living Hive,OPTIONAL_REALM,2-5,The Bumblezone,3,Learn bee neutrality and honey hazards,Information / read / unlock,Display quest without assuming player's history; FTB can explain mechanics,"Optional, may start after location discovery; never blocks main campaign",None or a short beginner primer,Needs exact installed IDs/achievement predicates and playtest,Planned content seed only; not coded as Questlog JSON
ao_bumblezone_04_explore_an_unusual_honey_formati,ambient_odyssey:bumblezone,The Living Hive,OPTIONAL_REALM,2-5,The Bumblezone,4,Explore an unusual honey formation,"Visit biome, dimension, position, or structure (verify registry)",Confirm position criterion: visit_structure requires specific piece/registry; modded worldgen may be non-structure,"Optional, may start after location discovery; never blocks main campaign",None or a short beginner primer,Needs exact installed IDs/achievement predicates and playtest,Planned content seed only; not coded as Questlog JSON
ao_bumblezone_05_acquire_a_native_bee_related_res,ambient_odyssey:bumblezone,The Living Hive,OPTIONAL_REALM,2-5,The Bumblezone,5,Acquire a native bee-related resource,Obtain or craft item (verify item ID),Craft and obtain semantics differ; check real item IDs and achievable source,"Optional, may start after location discovery; never blocks main campaign",None or a short beginner primer,Needs exact installed IDs/achievement predicates and playtest,Planned content seed only; not coded as Questlog JSON
ao_bumblezone_06_find_a_hive_challenge_structure,ambient_odyssey:bumblezone,The Living Hive,OPTIONAL_REALM,2-5,The Bumblezone,6,Find a hive challenge structure,"Visit biome, dimension, position, or structure (verify registry)",Confirm position criterion: visit_structure requires specific piece/registry; modded worldgen may be non-structure,"Optional, may start after location discovery; never blocks main campaign",None or a short beginner primer,Needs exact installed IDs/achievement predicates and playtest,Planned content seed only; not coded as Questlog JSON
ao_bumblezone_07_survive_a_suitable_dangerous_hiv,ambient_odyssey:bumblezone,The Living Hive,OPTIONAL_REALM,2-5,The Bumblezone,7,Survive a suitable dangerous hive encounter,Kill entity or complete encounter (verify kill attribution),Ensure player credit and boss/arena version are supported,"Optional, may start after location discovery; never blocks main campaign",None or a short beginner primer,Needs exact installed IDs/achievement predicates and playtest,Planned content seed only; not coded as Questlog JSON
ao_bumblezone_08_note_peaceful_alternatives_and_h,ambient_odyssey:bumblezone,The Living Hive,OPTIONAL_REALM,2-5,The Bumblezone,8,Note peaceful alternatives and hive lore,Information / read / unlock,Display quest without assuming player's history; FTB can explain mechanics,"Optional, may start after location discovery; never blocks main campaign",None or a short beginner primer,Needs exact installed IDs/achievement predicates and playtest,Planned content seed only; not coded as Questlog JSON
ao_bumblezone_09_complete_the_bumblezone_ecology_,ambient_odyssey:bumblezone,The Living Hive,OPTIONAL_REALM,2-5,The Bumblezone,9,Complete the Bumblezone ecology entry,Information / read / unlock,Display quest without assuming player's history; FTB can explain mechanics,"Optional, may start after location discovery; never blocks main campaign",None or a short beginner primer,Needs exact installed IDs/achievement predicates and playtest,Planned content seed only; not coded as Questlog JSON
ao_dream_01_find_a_rumor_about_the_dream_rif,ambient_odyssey:dream,Dreamseeker's Notes,OPTIONAL_REALM,3-8,NeoPasterDream 0.9.6,1,Find a rumor about the dream rift,Information / read / unlock,Display quest without assuming player's history; FTB can explain mechanics,"Optional, may start after location discovery; never blocks main campaign",None or a short beginner primer,High: verify actual 0.9.6 registry and completeness,Planned content seed only; not coded as Questlog JSON
ao_dream_02_discover_the_dream_s_access_loca,ambient_odyssey:dream,Dreamseeker's Notes,OPTIONAL_REALM,3-8,NeoPasterDream 0.9.6,2,Discover the Dream's access location,"Visit biome, dimension, position, or structure (verify registry)",Confirm position criterion: visit_structure requires specific piece/registry; modded worldgen may be non-structure,"Optional, may start after location discovery; never blocks main campaign",None or a short beginner primer,High: verify actual 0.9.6 registry and completeness,Planned content seed only; not coded as Questlog JSON
ao_dream_03_read_the_original_dreamseeker_gu,ambient_odyssey:dream,Dreamseeker's Notes,OPTIONAL_REALM,3-8,NeoPasterDream 0.9.6,3,Read the original Dreamseeker guide or field note,Obtain or craft item (verify item ID),Craft and obtain semantics differ; check real item IDs and achievable source,"Optional, may start after location discovery; never blocks main campaign",None or a short beginner primer,High: verify actual 0.9.6 registry and completeness,Planned content seed only; not coded as Questlog JSON
ao_dream_04_enter_the_dyed_dreamscape,ambient_odyssey:dream,Dreamseeker's Notes,OPTIONAL_REALM,3-8,NeoPasterDream 0.9.6,4,Enter the Dyed Dreamscape,"Visit biome, dimension, position, or structure (verify registry)",Confirm position criterion: visit_structure requires specific piece/registry; modded worldgen may be non-structure,"Optional, may start after location discovery; never blocks main campaign",None or a short beginner primer,High: verify actual 0.9.6 registry and completeness,Planned content seed only; not coded as Questlog JSON
ao_dream_05_encounter_the_dreamscape_s_first,ambient_odyssey:dream,Dreamseeker's Notes,OPTIONAL_REALM,3-8,NeoPasterDream 0.9.6,5,Encounter the dreamscape's first major biome,"Visit biome, dimension, position, or structure (verify registry)",Confirm position criterion: visit_structure requires specific piece/registry; modded worldgen may be non-structure,"Optional, may start after location discovery; never blocks main campaign",None or a short beginner primer,High: verify actual 0.9.6 registry and completeness,Planned content seed only; not coded as Questlog JSON
ao_dream_06_collect_dream_specific_resources,ambient_odyssey:dream,Dreamseeker's Notes,OPTIONAL_REALM,3-8,NeoPasterDream 0.9.6,6,Collect dream-specific resources,Obtain or craft item (verify item ID),Craft and obtain semantics differ; check real item IDs and achievable source,"Optional, may start after location discovery; never blocks main campaign",None or a short beginner primer,High: verify actual 0.9.6 registry and completeness,Planned content seed only; not coded as Questlog JSON
ao_dream_07_visit_a_ruin_or_settlement_of_th,ambient_odyssey:dream,Dreamseeker's Notes,OPTIONAL_REALM,3-8,NeoPasterDream 0.9.6,7,Visit a ruin or settlement of the dream,"Visit biome, dimension, position, or structure (verify registry)",Confirm position criterion: visit_structure requires specific piece/registry; modded worldgen may be non-structure,"Optional, may start after location discovery; never blocks main campaign",None or a short beginner primer,High: verify actual 0.9.6 registry and completeness,Planned content seed only; not coded as Questlog JSON
ao_dream_08_find_another_dreamseeker_note,ambient_odyssey:dream,Dreamseeker's Notes,OPTIONAL_REALM,3-8,NeoPasterDream 0.9.6,8,Find another Dreamseeker note,Obtain or craft item (verify item ID),Craft and obtain semantics differ; check real item IDs and achievable source,"Optional, may start after location discovery; never blocks main campaign",None or a short beginner primer,High: verify actual 0.9.6 registry and completeness,Planned content seed only; not coded as Questlog JSON
ao_dream_09_learn_the_weapon_workshop_and_it,ambient_odyssey:dream,Dreamseeker's Notes,OPTIONAL_REALM,3-8,NeoPasterDream 0.9.6,9,Learn the weapon workshop and its required stations,Information / read / unlock,Display quest without assuming player's history; FTB can explain mechanics,"Optional, may start after location discovery; never blocks main campaign",None or a short beginner primer,High: verify actual 0.9.6 registry and completeness,Planned content seed only; not coded as Questlog JSON
ao_dream_10_create_a_meaningful_dream_weapon,ambient_odyssey:dream,Dreamseeker's Notes,OPTIONAL_REALM,3-8,NeoPasterDream 0.9.6,10,Create a meaningful dream weapon,Obtain or craft item (verify item ID),Craft and obtain semantics differ; check real item IDs and achievable source,"Optional, may start after location discovery; never blocks main campaign",None or a short beginner primer,High: verify actual 0.9.6 registry and completeness,Planned content seed only; not coded as Questlog JSON
ao_dream_11_experiment_with_a_viable_dream_a,ambient_odyssey:dream,Dreamseeker's Notes,OPTIONAL_REALM,3-8,NeoPasterDream 0.9.6,11,Experiment with a viable dream accessory,Obtain or craft item (verify item ID),Craft and obtain semantics differ; check real item IDs and achievable source,"Optional, may start after location discovery; never blocks main campaign",None or a short beginner primer,High: verify actual 0.9.6 registry and completeness,Planned content seed only; not coded as Questlog JSON
ao_dream_12_reach_a_second_realm_only_if_ava,ambient_odyssey:dream,Dreamseeker's Notes,OPTIONAL_REALM,3-8,NeoPasterDream 0.9.6,12,Reach a second realm only if available in version 0.9.6,"Visit biome, dimension, position, or structure (verify registry)",Confirm position criterion: visit_structure requires specific piece/registry; modded worldgen may be non-structure,"Optional, may start after location discovery; never blocks main campaign",None or a short beginner primer,High: verify actual 0.9.6 registry and completeness,Planned content seed only; not coded as Questlog JSON
ao_dream_13_discover_a_shadow_lanterns_regio,ambient_odyssey:dream,Dreamseeker's Notes,OPTIONAL_REALM,3-8,NeoPasterDream 0.9.6,13,Discover a Shadow Lanterns region if working,"Visit biome, dimension, position, or structure (verify registry)",Confirm position criterion: visit_structure requires specific piece/registry; modded worldgen may be non-structure,"Optional, may start after location discovery; never blocks main campaign",None or a short beginner primer,High: verify actual 0.9.6 registry and completeness,Planned content seed only; not coded as Questlog JSON
ao_dream_14_explore_the_wind_region_if_stabl,ambient_odyssey:dream,Dreamseeker's Notes,OPTIONAL_REALM,3-8,NeoPasterDream 0.9.6,14,Explore the Wind region if stable in this build,"Visit biome, dimension, position, or structure (verify registry)",Confirm position criterion: visit_structure requires specific piece/registry; modded worldgen may be non-structure,"Optional, may start after location discovery; never blocks main campaign",None or a short beginner primer,High: verify actual 0.9.6 registry and completeness,Planned content seed only; not coded as Questlog JSON
ao_dream_15_investigate_the_cold_domain_adde,ambient_odyssey:dream,Dreamseeker's Notes,OPTIONAL_REALM,3-8,NeoPasterDream 0.9.6,15,Investigate the Cold Domain added by version 0.9.6,"Visit biome, dimension, position, or structure (verify registry)",Confirm position criterion: visit_structure requires specific piece/registry; modded worldgen may be non-structure,"Optional, may start after location discovery; never blocks main campaign",None or a short beginner primer,High: verify actual 0.9.6 registry and completeness,Planned content seed only; not coded as Questlog JSON
ao_dream_16_discover_a_named_kael_card_or_ot,ambient_odyssey:dream,Dreamseeker's Notes,OPTIONAL_REALM,3-8,NeoPasterDream 0.9.6,16,Discover a named Kael Card or other collectible if registered,Obtain or craft item (verify item ID),Craft and obtain semantics differ; check real item IDs and achievable source,"Optional, may start after location discovery; never blocks main campaign",None or a short beginner primer,High: verify actual 0.9.6 registry and completeness,Planned content seed only; not coded as Questlog JSON
ao_dream_17_study_the_optional_light_shadow_,ambient_odyssey:dream,Dreamseeker's Notes,OPTIONAL_REALM,3-8,NeoPasterDream 0.9.6,17,Study the optional Light/Shadow decision before selecting,Information / read / unlock,Display quest without assuming player's history; FTB can explain mechanics,"Optional, may start after location discovery; never blocks main campaign",None or a short beginner primer,High: verify actual 0.9.6 registry and completeness,Planned content seed only; not coded as Questlog JSON
ao_dream_18_understand_the_aaroncos_arena_ba,ambient_odyssey:dream,Dreamseeker's Notes,OPTIONAL_REALM,3-8,NeoPasterDream 0.9.6,18,Understand the Aaroncos arena battle conditions,Information / read / unlock,Display quest without assuming player's history; FTB can explain mechanics,"Optional, may start after location discovery; never blocks main campaign",None or a short beginner primer,High: verify actual 0.9.6 registry and completeness,Planned content seed only; not coded as Questlog JSON
ao_dream_19_confront_aaroncos_only_if_encoun,ambient_odyssey:dream,Dreamseeker's Notes,OPTIONAL_REALM,3-8,NeoPasterDream 0.9.6,19,Confront Aaroncos only if encounter works in pinned version,Kill entity or complete encounter (verify kill attribution),Ensure player credit and boss/arena version are supported,"Optional, may start after location discovery; never blocks main campaign",None or a short beginner primer,High: verify actual 0.9.6 registry and completeness,Planned content seed only; not coded as Questlog JSON
ao_dream_20_complete_the_dream_journal_witho,ambient_odyssey:dream,Dreamseeker's Notes,OPTIONAL_REALM,3-8,NeoPasterDream 0.9.6,20,Complete the dream journal without compulsory incomplete content,Information / read / unlock,Display quest without assuming player's history; FTB can explain mechanics,"Optional, may start after location discovery; never blocks main campaign",None or a short beginner primer,High: verify actual 0.9.6 registry and completeness,Planned content seed only; not coded as Questlog JSON
ao_enigmatic_normal_01_discover_the_enigmatic_legacy_re,ambient_odyssey:enigmatic_normal,The Relic Scholar,OPTIONAL_BRANCH,2-6,Enigmatic Legacy Plus,1,Discover the Enigmatic Legacy reference materials,Information / read / unlock,Display quest without assuming player's history; FTB can explain mechanics,"Optional, may start after location discovery; never blocks main campaign",Contextual FTB technical reference,Needs exact installed IDs/achievement predicates and playtest,Planned content seed only; not coded as Questlog JSON
ao_enigmatic_normal_02_understand_normal_relics_versus_,ambient_odyssey:enigmatic_normal,The Relic Scholar,OPTIONAL_BRANCH,2-6,Enigmatic Legacy Plus,2,Understand normal relics versus the Seven Curses path,Information / read / unlock,Display quest without assuming player's history; FTB can explain mechanics,"Optional, may start after location discovery; never blocks main campaign",Contextual FTB technical reference,Needs exact installed IDs/achievement predicates and playtest,Planned content seed only; not coded as Questlog JSON
ao_enigmatic_normal_03_find_an_enigmatic_material_or_no,ambient_odyssey:enigmatic_normal,The Relic Scholar,OPTIONAL_BRANCH,2-6,Enigmatic Legacy Plus,3,Find an enigmatic material or non-cursed trinket,Obtain or craft item (verify item ID),Craft and obtain semantics differ; check real item IDs and achievable source,"Optional, may start after location discovery; never blocks main campaign",Contextual FTB technical reference,Needs exact installed IDs/achievement predicates and playtest,Planned content seed only; not coded as Questlog JSON
ao_enigmatic_normal_04_craft_or_secure_a_useful_artifac,ambient_odyssey:enigmatic_normal,The Relic Scholar,OPTIONAL_BRANCH,2-6,Enigmatic Legacy Plus,4,Craft or secure a useful artifact,Obtain or craft item (verify item ID),Craft and obtain semantics differ; check real item IDs and achievable source,"Optional, may start after location discovery; never blocks main campaign",Contextual FTB technical reference,Needs exact installed IDs/achievement predicates and playtest,Planned content seed only; not coded as Questlog JSON
ao_enigmatic_normal_05_study_its_curios_slot_and_passiv,ambient_odyssey:enigmatic_normal,The Relic Scholar,OPTIONAL_BRANCH,2-6,Enigmatic Legacy Plus,5,Study its Curios slot and passive behavior,Information / read / unlock,Display quest without assuming player's history; FTB can explain mechanics,"Optional, may start after location discovery; never blocks main campaign",Contextual FTB technical reference,Needs exact installed IDs/achievement predicates and playtest,Planned content seed only; not coded as Questlog JSON
ao_enigmatic_normal_06_improve_or_enchant_a_signature_r,ambient_odyssey:enigmatic_normal,The Relic Scholar,OPTIONAL_BRANCH,2-6,Enigmatic Legacy Plus,6,Improve or enchant a signature relic,Obtain or craft item (verify item ID),Craft and obtain semantics differ; check real item IDs and achievable source,"Optional, may start after location discovery; never blocks main campaign",Contextual FTB technical reference,Needs exact installed IDs/achievement predicates and playtest,Planned content seed only; not coded as Questlog JSON
ao_enigmatic_normal_07_visit_a_location_relevant_to_rar,ambient_odyssey:enigmatic_normal,The Relic Scholar,OPTIONAL_BRANCH,2-6,Enigmatic Legacy Plus,7,Visit a location relevant to rare enigmatic materials,"Visit biome, dimension, position, or structure (verify registry)",Confirm position criterion: visit_structure requires specific piece/registry; modded worldgen may be non-structure,"Optional, may start after location discovery; never blocks main campaign",Contextual FTB technical reference,Needs exact installed IDs/achievement predicates and playtest,Planned content seed only; not coded as Questlog JSON
ao_enigmatic_normal_08_experiment_with_another_normal_r,ambient_odyssey:enigmatic_normal,The Relic Scholar,OPTIONAL_BRANCH,2-6,Enigmatic Legacy Plus,8,Experiment with another normal-route artifact,Obtain or craft item (verify item ID),Craft and obtain semantics differ; check real item IDs and achievable source,"Optional, may start after location discovery; never blocks main campaign",Contextual FTB technical reference,Needs exact installed IDs/achievement predicates and playtest,Planned content seed only; not coded as Questlog JSON
ao_enigmatic_normal_09_recognize_cursed_only_craft_rest,ambient_odyssey:enigmatic_normal,The Relic Scholar,OPTIONAL_BRANCH,2-6,Enigmatic Legacy Plus,9,Recognize cursed-only craft restrictions without taking the curse,Information / read / unlock,Display quest without assuming player's history; FTB can explain mechanics,"Optional, may start after location discovery; never blocks main campaign",Contextual FTB technical reference,Needs exact installed IDs/achievement predicates and playtest,Planned content seed only; not coded as Questlog JSON
ao_enigmatic_normal_10_finish_the_non_cursed_scholar_ro,ambient_odyssey:enigmatic_normal,The Relic Scholar,OPTIONAL_BRANCH,2-6,Enigmatic Legacy Plus,10,Finish the non-cursed scholar route independently,Information / read / unlock,Display quest without assuming player's history; FTB can explain mechanics,"Optional, may start after location discovery; never blocks main campaign",Contextual FTB technical reference,Needs exact installed IDs/achievement predicates and playtest,Planned content seed only; not coded as Questlog JSON
ao_enigmatic_cursed_01_read_the_seven_curses_warning_an,ambient_odyssey:enigmatic_cursed,The Seven Curses,OPTIONAL_IRREVERSIBLE,3-8,Enigmatic Legacy Plus,1,Read the Seven Curses warning and irreversible consequences,Information / read / unlock,Display quest without assuming player's history; FTB can explain mechanics,Explicit voluntary ring choice; never prerequisite of main campaign,Contextual FTB technical reference,Needs exact installed IDs/achievement predicates and playtest,Planned content seed only; not coded as Questlog JSON
ao_enigmatic_cursed_02_consider_alternative_normal_rout,ambient_odyssey:enigmatic_cursed,The Seven Curses,OPTIONAL_IRREVERSIBLE,3-8,Enigmatic Legacy Plus,2,Consider alternative normal-route artifacts first,Information / read / unlock,Display quest without assuming player's history; FTB can explain mechanics,Explicit voluntary ring choice; never prerequisite of main campaign,Contextual FTB technical reference,Needs exact installed IDs/achievement predicates and playtest,Planned content seed only; not coded as Questlog JSON
ao_enigmatic_cursed_03_confirm_the_ring_is_fully_option,ambient_odyssey:enigmatic_cursed,The Seven Curses,OPTIONAL_IRREVERSIBLE,3-8,Enigmatic Legacy Plus,3,Confirm the ring is fully optional,Information / read / unlock,Display quest without assuming player's history; FTB can explain mechanics,Explicit voluntary ring choice; never prerequisite of main campaign,Contextual FTB technical reference,Needs exact installed IDs/achievement predicates and playtest,Planned content seed only; not coded as Questlog JSON
ao_enigmatic_cursed_04_obtain_the_ring_of_the_seven_cur,ambient_odyssey:enigmatic_cursed,The Seven Curses,OPTIONAL_IRREVERSIBLE,3-8,Enigmatic Legacy Plus,4,Obtain the Ring of the Seven Curses without requiring equip,Obtain or craft item (verify item ID),Craft and obtain semantics differ; check real item IDs and achievable source,Explicit voluntary ring choice; never prerequisite of main campaign,Contextual FTB technical reference,Needs exact installed IDs/achievement predicates and playtest,Planned content seed only; not coded as Questlog JSON
ao_enigmatic_cursed_05_use_explicit_deliberate_opt_in_o,ambient_odyssey:enigmatic_cursed,The Seven Curses,OPTIONAL_IRREVERSIBLE,3-8,Enigmatic Legacy Plus,5,Use explicit deliberate opt-in outside normal storyline,Information / read / unlock,Display quest without assuming player's history; FTB can explain mechanics,Explicit voluntary ring choice; never prerequisite of main campaign,Contextual FTB technical reference,Needs exact installed IDs/achievement predicates and playtest,Planned content seed only; not coded as Questlog JSON
ao_enigmatic_cursed_06_verify_the_player_actually_accep,ambient_odyssey:enigmatic_cursed,The Seven Curses,OPTIONAL_IRREVERSIBLE,3-8,Enigmatic Legacy Plus,6,Verify the player actually accepted the curse before unlocking follow-ups,Advancement or custom trigger (verify actual state),Use trigger only if implemented; cursed branch must be opt-in,Explicit voluntary ring choice; never prerequisite of main campaign,Contextual FTB technical reference,Needs exact installed IDs/achievement predicates and playtest,Planned content seed only; not coded as Questlog JSON
ao_enigmatic_cursed_07_learn_the_unique_risks_of_death_,ambient_odyssey:enigmatic_cursed,The Seven Curses,OPTIONAL_IRREVERSIBLE,3-8,Enigmatic Legacy Plus,7,"Learn the unique risks of death, sleep and healing where present",Information / read / unlock,Display quest without assuming player's history; FTB can explain mechanics,Explicit voluntary ring choice; never prerequisite of main campaign,Contextual FTB technical reference,Needs exact installed IDs/achievement predicates and playtest,Planned content seed only; not coded as Questlog JSON
ao_enigmatic_cursed_08_prepare_a_cursed_compatible_surv,ambient_odyssey:enigmatic_cursed,The Seven Curses,OPTIONAL_IRREVERSIBLE,3-8,Enigmatic Legacy Plus,8,Prepare a cursed-compatible survival loadout,Obtain or craft item (verify item ID),Craft and obtain semantics differ; check real item IDs and achievable source,Explicit voluntary ring choice; never prerequisite of main campaign,Contextual FTB technical reference,Needs exact installed IDs/achievement predicates and playtest,Planned content seed only; not coded as Questlog JSON
ao_enigmatic_cursed_09_explore_a_dangerous_location_wit,ambient_odyssey:enigmatic_cursed,The Seven Curses,OPTIONAL_IRREVERSIBLE,3-8,Enigmatic Legacy Plus,9,Explore a dangerous location with the curse active,"Visit biome, dimension, position, or structure (verify registry)",Confirm position criterion: visit_structure requires specific piece/registry; modded worldgen may be non-structure,Explicit voluntary ring choice; never prerequisite of main campaign,Contextual FTB technical reference,Needs exact installed IDs/achievement predicates and playtest,Planned content seed only; not coded as Questlog JSON
ao_enigmatic_cursed_10_acquire_a_cursed_route_only_reli,ambient_odyssey:enigmatic_cursed,The Seven Curses,OPTIONAL_IRREVERSIBLE,3-8,Enigmatic Legacy Plus,10,Acquire a cursed-route-only relic if available,Obtain or craft item (verify item ID),Craft and obtain semantics differ; check real item IDs and achievable source,Explicit voluntary ring choice; never prerequisite of main campaign,Contextual FTB technical reference,Needs exact installed IDs/achievement predicates and playtest,Planned content seed only; not coded as Questlog JSON
ao_enigmatic_cursed_11_overcome_a_meaningful_cursed_enc,ambient_odyssey:enigmatic_cursed,The Seven Curses,OPTIONAL_IRREVERSIBLE,3-8,Enigmatic Legacy Plus,11,Overcome a meaningful cursed encounter,Kill entity or complete encounter (verify kill attribution),Ensure player credit and boss/arena version are supported,Explicit voluntary ring choice; never prerequisite of main campaign,Contextual FTB technical reference,Needs exact installed IDs/achievement predicates and playtest,Planned content seed only; not coded as Questlog JSON
ao_enigmatic_cursed_12_investigate_the_available_curse_,ambient_odyssey:enigmatic_cursed,The Seven Curses,OPTIONAL_IRREVERSIBLE,3-8,Enigmatic Legacy Plus,12,Investigate the available curse-linked enhancements,Obtain or craft item (verify item ID),Craft and obtain semantics differ; check real item IDs and achievable source,Explicit voluntary ring choice; never prerequisite of main campaign,Contextual FTB technical reference,Needs exact installed IDs/achievement predicates and playtest,Planned content seed only; not coded as Questlog JSON
ao_enigmatic_cursed_13_mark_completion_without_obligati,ambient_odyssey:enigmatic_cursed,The Seven Curses,OPTIONAL_IRREVERSIBLE,3-8,Enigmatic Legacy Plus,13,Mark completion without obligating un-cursed players,Information / read / unlock,Display quest without assuming player's history; FTB can explain mechanics,Explicit voluntary ring choice; never prerequisite of main campaign,Contextual FTB technical reference,Needs exact installed IDs/achievement predicates and playtest,Planned content seed only; not coded as Questlog JSON
ao_aquamirae_01_plan_an_ice_ocean_expedition,ambient_odyssey:aquamirae,Frozen Seas,OPTIONAL_OCEAN,2-5,Aquamirae,1,Plan an ice-ocean expedition,Information / read / unlock,Display quest without assuming player's history; FTB can explain mechanics,"Optional, may start after location discovery; never blocks main campaign",None or a short beginner primer,Needs exact installed IDs/achievement predicates and playtest,Planned content seed only; not coded as Questlog JSON
ao_aquamirae_02_discover_deep_frozen_ocean_or_el,ambient_odyssey:aquamirae,Frozen Seas,OPTIONAL_OCEAN,2-5,Aquamirae,2,Discover Deep Frozen Ocean or eligible ice region,"Visit biome, dimension, position, or structure (verify registry)",Confirm position criterion: visit_structure requires specific piece/registry; modded worldgen may be non-structure,"Optional, may start after location discovery; never blocks main campaign",None or a short beginner primer,Needs exact installed IDs/achievement predicates and playtest,Planned content seed only; not coded as Questlog JSON
ao_aquamirae_03_enter_the_ice_maze,ambient_odyssey:aquamirae,Frozen Seas,OPTIONAL_OCEAN,2-5,Aquamirae,3,Enter the Ice Maze,"Visit biome, dimension, position, or structure (verify registry)",Confirm position criterion: visit_structure requires specific piece/registry; modded worldgen may be non-structure,"Optional, may start after location discovery; never blocks main campaign",None or a short beginner primer,Needs exact installed IDs/achievement predicates and playtest,Planned content seed only; not coded as Questlog JSON
ao_aquamirae_04_overcome_an_icy_encounter,ambient_odyssey:aquamirae,Frozen Seas,OPTIONAL_OCEAN,2-5,Aquamirae,4,Overcome an icy encounter,Kill entity or complete encounter (verify kill attribution),Ensure player credit and boss/arena version are supported,"Optional, may start after location discovery; never blocks main campaign",None or a short beginner primer,Needs exact installed IDs/achievement predicates and playtest,Planned content seed only; not coded as Questlog JSON
ao_aquamirae_05_find_a_frozen_pirate_camp_or_shi,ambient_odyssey:aquamirae,Frozen Seas,OPTIONAL_OCEAN,2-5,Aquamirae,5,Find a frozen pirate camp or ship,"Visit biome, dimension, position, or structure (verify registry)",Confirm position criterion: visit_structure requires specific piece/registry; modded worldgen may be non-structure,"Optional, may start after location discovery; never blocks main campaign",None or a short beginner primer,Needs exact installed IDs/achievement predicates and playtest,Planned content seed only; not coded as Questlog JSON
ao_aquamirae_06_obtain_a_distinctive_pirate_them,ambient_odyssey:aquamirae,Frozen Seas,OPTIONAL_OCEAN,2-5,Aquamirae,6,Obtain a distinctive pirate-themed reward,Obtain or craft item (verify item ID),Craft and obtain semantics differ; check real item IDs and achievable source,"Optional, may start after location discovery; never blocks main campaign",None or a short beginner primer,Needs exact installed IDs/achievement predicates and playtest,Planned content seed only; not coded as Questlog JSON
ao_aquamirae_07_discover_the_submerged_ship_grav,ambient_odyssey:aquamirae,Frozen Seas,OPTIONAL_OCEAN,2-5,Aquamirae,7,Discover the submerged Ship Graveyard,"Visit biome, dimension, position, or structure (verify registry)",Confirm position criterion: visit_structure requires specific piece/registry; modded worldgen may be non-structure,"Optional, may start after location discovery; never blocks main campaign",None or a short beginner primer,Needs exact installed IDs/achievement predicates and playtest,Planned content seed only; not coded as Questlog JSON
ao_aquamirae_08_face_the_eel_miniboss,ambient_odyssey:aquamirae,Frozen Seas,OPTIONAL_OCEAN,2-5,Aquamirae,8,Face the Eel miniboss,Kill entity or complete encounter (verify kill attribution),Ensure player credit and boss/arena version are supported,"Optional, may start after location discovery; never blocks main campaign",None or a short beginner primer,Needs exact installed IDs/achievement predicates and playtest,Planned content seed only; not coded as Questlog JSON
ao_aquamirae_09_face_the_mother_of_the_maze,ambient_odyssey:aquamirae,Frozen Seas,OPTIONAL_OCEAN,2-5,Aquamirae,9,Face the Mother of the Maze,Kill entity or complete encounter (verify kill attribution),Ensure player credit and boss/arena version are supported,"Optional, may start after location discovery; never blocks main campaign",None or a short beginner primer,Needs exact installed IDs/achievement predicates and playtest,Planned content seed only; not coded as Questlog JSON
ao_aquamirae_10_study_how_captain_cornelia_diffe,ambient_odyssey:aquamirae,Frozen Seas,OPTIONAL_OCEAN,2-5,Aquamirae,10,Study how Captain Cornelia differs from the minibosses,Information / read / unlock,Display quest without assuming player's history; FTB can explain mechanics,"Optional, may start after location discovery; never blocks main campaign",None or a short beginner primer,Needs exact installed IDs/achievement predicates and playtest,Planned content seed only; not coded as Questlog JSON
ao_aquamirae_11_defeat_captain_cornelia,ambient_odyssey:aquamirae,Frozen Seas,OPTIONAL_OCEAN,2-5,Aquamirae,11,Defeat Captain Cornelia,Kill entity or complete encounter (verify kill attribution),Ensure player credit and boss/arena version are supported,"Optional, may start after location discovery; never blocks main campaign",None or a short beginner primer,Needs exact installed IDs/achievement predicates and playtest,Planned content seed only; not coded as Questlog JSON
ao_aquamirae_12_examine_a_unique_sea_boss_reward,ambient_odyssey:aquamirae,Frozen Seas,OPTIONAL_OCEAN,2-5,Aquamirae,12,Examine a unique sea-boss reward,Obtain or craft item (verify item ID),Craft and obtain semantics differ; check real item IDs and achievable source,"Optional, may start after location discovery; never blocks main campaign",None or a short beginner primer,Needs exact installed IDs/achievement predicates and playtest,Planned content seed only; not coded as Questlog JSON
ao_aquamirae_13_complete_frozen_seas_on_a_person,ambient_odyssey:aquamirae,Frozen Seas,OPTIONAL_OCEAN,2-5,Aquamirae,13,Complete Frozen Seas on a personal journal,Information / read / unlock,Display quest without assuming player's history; FTB can explain mechanics,"Optional, may start after location discovery; never blocks main campaign",None or a short beginner primer,Needs exact installed IDs/achievement predicates and playtest,Planned content seed only; not coded as Questlog JSON
ao_alex_caves_01_learn_cave_location_maps_and_saf,ambient_odyssey:alex_caves,The Six Cave Expeditions,OPTIONAL_EXPLORE,2-6,Alex's Caves,1,Learn cave-location maps and safe expedition gear,Information / read / unlock,Display quest without assuming player's history; FTB can explain mechanics,"Optional, may start after location discovery; never blocks main campaign",None or a short beginner primer,Needs exact installed IDs/achievement predicates and playtest,Planned content seed only; not coded as Questlog JSON
ao_alex_caves_02_find_the_magnetic_caves,ambient_odyssey:alex_caves,The Six Cave Expeditions,OPTIONAL_EXPLORE,2-6,Alex's Caves,2,Find the Magnetic Caves,"Visit biome, dimension, position, or structure (verify registry)",Confirm position criterion: visit_structure requires specific piece/registry; modded worldgen may be non-structure,"Optional, may start after location discovery; never blocks main campaign",None or a short beginner primer,Needs exact installed IDs/achievement predicates and playtest,Planned content seed only; not coded as Questlog JSON
ao_alex_caves_03_investigate_a_magnetic_material_,ambient_odyssey:alex_caves,The Six Cave Expeditions,OPTIONAL_EXPLORE,2-6,Alex's Caves,3,Investigate a magnetic material or creature,Obtain or craft item (verify item ID),Craft and obtain semantics differ; check real item IDs and achievable source,"Optional, may start after location discovery; never blocks main campaign",None or a short beginner primer,Needs exact installed IDs/achievement predicates and playtest,Planned content seed only; not coded as Questlog JSON
ao_alex_caves_04_find_the_toxic_caves,ambient_odyssey:alex_caves,The Six Cave Expeditions,OPTIONAL_EXPLORE,2-6,Alex's Caves,4,Find the Toxic Caves,"Visit biome, dimension, position, or structure (verify registry)",Confirm position criterion: visit_structure requires specific piece/registry; modded worldgen may be non-structure,"Optional, may start after location discovery; never blocks main campaign",None or a short beginner primer,Needs exact installed IDs/achievement predicates and playtest,Planned content seed only; not coded as Questlog JSON
ao_alex_caves_05_learn_radiation_toxic_hazard_cou,ambient_odyssey:alex_caves,The Six Cave Expeditions,OPTIONAL_EXPLORE,2-6,Alex's Caves,5,Learn radiation/toxic hazard counters,Information / read / unlock,Display quest without assuming player's history; FTB can explain mechanics,"Optional, may start after location discovery; never blocks main campaign",None or a short beginner primer,Needs exact installed IDs/achievement predicates and playtest,Planned content seed only; not coded as Questlog JSON
ao_alex_caves_06_find_the_abyssal_chasm,ambient_odyssey:alex_caves,The Six Cave Expeditions,OPTIONAL_EXPLORE,2-6,Alex's Caves,6,Find the Abyssal Chasm,"Visit biome, dimension, position, or structure (verify registry)",Confirm position criterion: visit_structure requires specific piece/registry; modded worldgen may be non-structure,"Optional, may start after location discovery; never blocks main campaign",None or a short beginner primer,Needs exact installed IDs/achievement predicates and playtest,Planned content seed only; not coded as Questlog JSON
ao_alex_caves_07_survive_a_threatening_deep_sea_c,ambient_odyssey:alex_caves,The Six Cave Expeditions,OPTIONAL_EXPLORE,2-6,Alex's Caves,7,Survive a threatening deep-sea cave creature,Kill entity or complete encounter (verify kill attribution),Ensure player credit and boss/arena version are supported,"Optional, may start after location discovery; never blocks main campaign",None or a short beginner primer,Needs exact installed IDs/achievement predicates and playtest,Planned content seed only; not coded as Questlog JSON
ao_alex_caves_08_find_the_primordial_caves,ambient_odyssey:alex_caves,The Six Cave Expeditions,OPTIONAL_EXPLORE,2-6,Alex's Caves,8,Find the Primordial Caves,"Visit biome, dimension, position, or structure (verify registry)",Confirm position criterion: visit_structure requires specific piece/registry; modded worldgen may be non-structure,"Optional, may start after location discovery; never blocks main campaign",None or a short beginner primer,Needs exact installed IDs/achievement predicates and playtest,Planned content seed only; not coded as Questlog JSON
ao_alex_caves_09_face_an_iconic_prehistoric_dange,ambient_odyssey:alex_caves,The Six Cave Expeditions,OPTIONAL_EXPLORE,2-6,Alex's Caves,9,Face an iconic prehistoric danger,Kill entity or complete encounter (verify kill attribution),Ensure player credit and boss/arena version are supported,"Optional, may start after location discovery; never blocks main campaign",None or a short beginner primer,Needs exact installed IDs/achievement predicates and playtest,Planned content seed only; not coded as Questlog JSON
ao_alex_caves_10_find_the_forlorn_hollows,ambient_odyssey:alex_caves,The Six Cave Expeditions,OPTIONAL_EXPLORE,2-6,Alex's Caves,10,Find the Forlorn Hollows,"Visit biome, dimension, position, or structure (verify registry)",Confirm position criterion: visit_structure requires specific piece/registry; modded worldgen may be non-structure,"Optional, may start after location discovery; never blocks main campaign",None or a short beginner primer,Needs exact installed IDs/achievement predicates and playtest,Planned content seed only; not coded as Questlog JSON
ao_alex_caves_11_explore_a_supernatural_cave_haza,ambient_odyssey:alex_caves,The Six Cave Expeditions,OPTIONAL_EXPLORE,2-6,Alex's Caves,11,Explore a supernatural cave hazard,Information / read / unlock,Display quest without assuming player's history; FTB can explain mechanics,"Optional, may start after location discovery; never blocks main campaign",None or a short beginner primer,Needs exact installed IDs/achievement predicates and playtest,Planned content seed only; not coded as Questlog JSON
ao_alex_caves_12_find_the_candy_cavity,ambient_odyssey:alex_caves,The Six Cave Expeditions,OPTIONAL_EXPLORE,2-6,Alex's Caves,12,Find the Candy Cavity,"Visit biome, dimension, position, or structure (verify registry)",Confirm position criterion: visit_structure requires specific piece/registry; modded worldgen may be non-structure,"Optional, may start after location discovery; never blocks main campaign",None or a short beginner primer,Needs exact installed IDs/achievement predicates and playtest,Planned content seed only; not coded as Questlog JSON
ao_alex_caves_13_bring_home_a_distinctive_cave_bi,ambient_odyssey:alex_caves,The Six Cave Expeditions,OPTIONAL_EXPLORE,2-6,Alex's Caves,13,Bring home a distinctive cave biome reward,Obtain or craft item (verify item ID),Craft and obtain semantics differ; check real item IDs and achievable source,"Optional, may start after location discovery; never blocks main campaign",None or a short beginner primer,Needs exact installed IDs/achievement predicates and playtest,Planned content seed only; not coded as Questlog JSON
ao_alex_caves_14_complete_at_least_three_caves_to,ambient_odyssey:alex_caves,The Six Cave Expeditions,OPTIONAL_EXPLORE,2-6,Alex's Caves,14,Complete at least three caves to earn an optional field badge,Information / read / unlock,Display quest without assuming player's history; FTB can explain mechanics,"Optional, may start after location discovery; never blocks main campaign",None or a short beginner primer,Needs exact installed IDs/achievement predicates and playtest,Planned content seed only; not coded as Questlog JSON
ao_alex_caves_15_record_remaining_rare_caves_as_p,ambient_odyssey:alex_caves,The Six Cave Expeditions,OPTIONAL_EXPLORE,2-6,Alex's Caves,15,Record remaining rare caves as personal discoveries,Information / read / unlock,Display quest without assuming player's history; FTB can explain mechanics,"Optional, may start after location discovery; never blocks main campaign",None or a short beginner primer,Needs exact installed IDs/achievement predicates and playtest,Planned content seed only; not coded as Questlog JSON
ao_dragon_hunter_01_read_the_warning_about_dragons_a,ambient_odyssey:dragon_hunter,The Dragon Hunter,OPTIONAL_BOSSES,3-7,Ice and Fire CE,1,Read the warning about dragons and roosts,Information / read / unlock,Display quest without assuming player's history; FTB can explain mechanics,"Optional, may start after location discovery; never blocks main campaign",None or a short beginner primer,Needs exact installed IDs/achievement predicates and playtest,Planned content seed only; not coded as Questlog JSON
ao_dragon_hunter_02_find_signs_of_a_dragon_roost,ambient_odyssey:dragon_hunter,The Dragon Hunter,OPTIONAL_BOSSES,3-7,Ice and Fire CE,2,Find signs of a dragon roost,"Visit biome, dimension, position, or structure (verify registry)",Confirm position criterion: visit_structure requires specific piece/registry; modded worldgen may be non-structure,"Optional, may start after location discovery; never blocks main campaign",None or a short beginner primer,Needs exact installed IDs/achievement predicates and playtest,Planned content seed only; not coded as Questlog JSON
ao_dragon_hunter_03_identify_elemental_dragon_weakne,ambient_odyssey:dragon_hunter,The Dragon Hunter,OPTIONAL_BOSSES,3-7,Ice and Fire CE,3,Identify elemental dragon weaknesses,Information / read / unlock,Display quest without assuming player's history; FTB can explain mechanics,"Optional, may start after location discovery; never blocks main campaign",None or a short beginner primer,Needs exact installed IDs/achievement predicates and playtest,Planned content seed only; not coded as Questlog JSON
ao_dragon_hunter_04_prepare_fire_ice_or_lightning_re,ambient_odyssey:dragon_hunter,The Dragon Hunter,OPTIONAL_BOSSES,3-7,Ice and Fire CE,4,"Prepare fire, ice or lightning resistances",Obtain or craft item (verify item ID),Craft and obtain semantics differ; check real item IDs and achievable source,"Optional, may start after location discovery; never blocks main campaign",None or a short beginner primer,Needs exact installed IDs/achievement predicates and playtest,Planned content seed only; not coded as Questlog JSON
ao_dragon_hunter_05_find_a_dormant_dragon_cave_where,ambient_odyssey:dragon_hunter,The Dragon Hunter,OPTIONAL_BOSSES,3-7,Ice and Fire CE,5,Find a dormant dragon cave where eligible,"Visit biome, dimension, position, or structure (verify registry)",Confirm position criterion: visit_structure requires specific piece/registry; modded worldgen may be non-structure,"Optional, may start after location discovery; never blocks main campaign",None or a short beginner primer,Needs exact installed IDs/achievement predicates and playtest,Planned content seed only; not coded as Questlog JSON
ao_dragon_hunter_06_defeat_an_appropriate_young_drag,ambient_odyssey:dragon_hunter,The Dragon Hunter,OPTIONAL_BOSSES,3-7,Ice and Fire CE,6,Defeat an appropriate young dragon,Kill entity or complete encounter (verify kill attribution),Ensure player credit and boss/arena version are supported,"Optional, may start after location discovery; never blocks main campaign",None or a short beginner primer,Needs exact installed IDs/achievement predicates and playtest,Planned content seed only; not coded as Questlog JSON
ao_dragon_hunter_07_use_a_real_dragon_material,ambient_odyssey:dragon_hunter,The Dragon Hunter,OPTIONAL_BOSSES,3-7,Ice and Fire CE,7,Use a real dragon material,Obtain or craft item (verify item ID),Craft and obtain semantics differ; check real item IDs and achievable source,"Optional, may start after location discovery; never blocks main campaign",None or a short beginner primer,Needs exact installed IDs/achievement predicates and playtest,Planned content seed only; not coded as Questlog JSON
ao_dragon_hunter_08_study_eggs_and_equipment_possibi,ambient_odyssey:dragon_hunter,The Dragon Hunter,OPTIONAL_BOSSES,3-7,Ice and Fire CE,8,Study eggs and equipment possibilities,Information / read / unlock,Display quest without assuming player's history; FTB can explain mechanics,"Optional, may start after location discovery; never blocks main campaign",None or a short beginner primer,Needs exact installed IDs/achievement predicates and playtest,Planned content seed only; not coded as Questlog JSON
ao_dragon_hunter_09_defeat_a_more_dangerous_dragon,ambient_odyssey:dragon_hunter,The Dragon Hunter,OPTIONAL_BOSSES,3-7,Ice and Fire CE,9,Defeat a more dangerous dragon,Kill entity or complete encounter (verify kill attribution),Ensure player credit and boss/arena version are supported,"Optional, may start after location discovery; never blocks main campaign",None or a short beginner primer,Needs exact installed IDs/achievement predicates and playtest,Planned content seed only; not coded as Questlog JSON
ao_dragon_hunter_10_forge_a_dragon_scale_or_dragon_b,ambient_odyssey:dragon_hunter,The Dragon Hunter,OPTIONAL_BOSSES,3-7,Ice and Fire CE,10,Forge a dragon-scale or dragon-bone upgrade,Obtain or craft item (verify item ID),Craft and obtain semantics differ; check real item IDs and achievable source,"Optional, may start after location discovery; never blocks main campaign",None or a short beginner primer,Needs exact installed IDs/achievement predicates and playtest,Planned content seed only; not coded as Questlog JSON
ao_dragon_hunter_11_finish_the_hunter_s_journal_with,ambient_odyssey:dragon_hunter,The Dragon Hunter,OPTIONAL_BOSSES,3-7,Ice and Fire CE,11,Finish the hunter's journal without forced dragon-taming,Information / read / unlock,Display quest without assuming player's history; FTB can explain mechanics,"Optional, may start after location discovery; never blocks main campaign",None or a short beginner primer,Needs exact installed IDs/achievement predicates and playtest,Planned content seed only; not coded as Questlog JSON
ao_cataclysm_01_open_the_cataclysm_boss_threat_a,ambient_odyssey:cataclysm,Cataclysm Threat Register,OPTIONAL_BOSSES,4-8,L_Ender's Cataclysm,1,Open the Cataclysm boss threat atlas,Information / read / unlock,Display quest without assuming player's history; FTB can explain mechanics,"Optional, may start after location discovery; never blocks main campaign",None or a short beginner primer,Needs exact installed IDs/achievement predicates and playtest,Planned content seed only; not coded as Questlog JSON
ao_cataclysm_02_discover_a_named_cataclysm_dunge,ambient_odyssey:cataclysm,Cataclysm Threat Register,OPTIONAL_BOSSES,4-8,L_Ender's Cataclysm,2,Discover a named Cataclysm dungeon,"Visit biome, dimension, position, or structure (verify registry)",Confirm position criterion: visit_structure requires specific piece/registry; modded worldgen may be non-structure,"Optional, may start after location discovery; never blocks main campaign",None or a short beginner primer,Needs exact installed IDs/achievement predicates and playtest,Planned content seed only; not coded as Questlog JSON
ao_cataclysm_03_overcome_a_first_lower_tier_guar,ambient_odyssey:cataclysm,Cataclysm Threat Register,OPTIONAL_BOSSES,4-8,L_Ender's Cataclysm,3,Overcome a first lower-tier guardian,Kill entity or complete encounter (verify kill attribution),Ensure player credit and boss/arena version are supported,"Optional, may start after location discovery; never blocks main campaign",None or a short beginner primer,Needs exact installed IDs/achievement predicates and playtest,Planned content seed only; not coded as Questlog JSON
ao_cataclysm_04_recover_a_boss_specific_material,ambient_odyssey:cataclysm,Cataclysm Threat Register,OPTIONAL_BOSSES,4-8,L_Ender's Cataclysm,4,Recover a boss-specific material,Obtain or craft item (verify item ID),Craft and obtain semantics differ; check real item IDs and achievable source,"Optional, may start after location discovery; never blocks main campaign",None or a short beginner primer,Needs exact installed IDs/achievement predicates and playtest,Planned content seed only; not coded as Questlog JSON
ao_cataclysm_05_find_another_arena_in_a_differen,ambient_odyssey:cataclysm,Cataclysm Threat Register,OPTIONAL_BOSSES,4-8,L_Ender's Cataclysm,5,Find another arena in a different environment,"Visit biome, dimension, position, or structure (verify registry)",Confirm position criterion: visit_structure requires specific piece/registry; modded worldgen may be non-structure,"Optional, may start after location discovery; never blocks main campaign",None or a short beginner primer,Needs exact installed IDs/achievement predicates and playtest,Planned content seed only; not coded as Questlog JSON
ao_cataclysm_06_defeat_the_next_ao_calibrated_en,ambient_odyssey:cataclysm,Cataclysm Threat Register,OPTIONAL_BOSSES,4-8,L_Ender's Cataclysm,6,Defeat the next AO-calibrated encounter,Kill entity or complete encounter (verify kill attribution),Ensure player credit and boss/arena version are supported,"Optional, may start after location discovery; never blocks main campaign",None or a short beginner primer,Needs exact installed IDs/achievement predicates and playtest,Planned content seed only; not coded as Questlog JSON
ao_cataclysm_07_investigate_the_ancient_remnant_,ambient_odyssey:cataclysm,Cataclysm Threat Register,OPTIONAL_BOSSES,4-8,L_Ender's Cataclysm,7,Investigate the Ancient Remnant or Harbinger dossier if available,Information / read / unlock,Display quest without assuming player's history; FTB can explain mechanics,"Optional, may start after location discovery; never blocks main campaign",None or a short beginner primer,Needs exact installed IDs/achievement predicates and playtest,Planned content seed only; not coded as Questlog JSON
ao_cataclysm_08_complete_a_verified_mid_tier_cat,ambient_odyssey:cataclysm,Cataclysm Threat Register,OPTIONAL_BOSSES,4-8,L_Ender's Cataclysm,8,Complete a verified mid-tier Cataclysm boss fight,Kill entity or complete encounter (verify kill attribution),Ensure player credit and boss/arena version are supported,"Optional, may start after location discovery; never blocks main campaign",None or a short beginner primer,Needs exact installed IDs/achievement predicates and playtest,Planned content seed only; not coded as Questlog JSON
ao_cataclysm_09_prepare_for_ignis,ambient_odyssey:cataclysm,Cataclysm Threat Register,OPTIONAL_BOSSES,4-8,L_Ender's Cataclysm,9,Prepare for Ignis,Information / read / unlock,Display quest without assuming player's history; FTB can explain mechanics,"Optional, may start after location discovery; never blocks main campaign",None or a short beginner primer,Needs exact installed IDs/achievement predicates and playtest,Planned content seed only; not coded as Questlog JSON
ao_cataclysm_10_defeat_ignis,ambient_odyssey:cataclysm,Cataclysm Threat Register,OPTIONAL_BOSSES,4-8,L_Ender's Cataclysm,10,Defeat Ignis,Kill entity or complete encounter (verify kill attribution),Ensure player credit and boss/arena version are supported,"Optional, may start after location discovery; never blocks main campaign",None or a short beginner primer,Needs exact installed IDs/achievement predicates and playtest,Planned content seed only; not coded as Questlog JSON
ao_cataclysm_11_prepare_for_maledictus,ambient_odyssey:cataclysm,Cataclysm Threat Register,OPTIONAL_BOSSES,4-8,L_Ender's Cataclysm,11,Prepare for Maledictus,Information / read / unlock,Display quest without assuming player's history; FTB can explain mechanics,"Optional, may start after location discovery; never blocks main campaign",None or a short beginner primer,Needs exact installed IDs/achievement predicates and playtest,Planned content seed only; not coded as Questlog JSON
ao_cataclysm_12_defeat_maledictus,ambient_odyssey:cataclysm,Cataclysm Threat Register,OPTIONAL_BOSSES,4-8,L_Ender's Cataclysm,12,Defeat Maledictus,Kill entity or complete encounter (verify kill attribution),Ensure player credit and boss/arena version are supported,"Optional, may start after location discovery; never blocks main campaign",None or a short beginner primer,Needs exact installed IDs/achievement predicates and playtest,Planned content seed only; not coded as Questlog JSON
ao_cataclysm_13_examine_the_scylla_echo_of_tyros,ambient_odyssey:cataclysm,Cataclysm Threat Register,OPTIONAL_BOSSES,4-8,L_Ender's Cataclysm,13,Examine the Scylla/Echo of Tyros threat cards,Information / read / unlock,Display quest without assuming player's history; FTB can explain mechanics,"Optional, may start after location discovery; never blocks main campaign",None or a short beginner primer,Needs exact installed IDs/achievement predicates and playtest,Planned content seed only; not coded as Questlog JSON
ao_cataclysm_14_defeat_a_supported_superboss,ambient_odyssey:cataclysm,Cataclysm Threat Register,OPTIONAL_BOSSES,4-8,L_Ender's Cataclysm,14,Defeat a supported superboss,Kill entity or complete encounter (verify kill attribution),Ensure player credit and boss/arena version are supported,"Optional, may start after location discovery; never blocks main campaign",None or a short beginner primer,Needs exact installed IDs/achievement predicates and playtest,Planned content seed only; not coded as Questlog JSON
ao_cataclysm_15_craft_or_acquire_a_signature_bos,ambient_odyssey:cataclysm,Cataclysm Threat Register,OPTIONAL_BOSSES,4-8,L_Ender's Cataclysm,15,Craft or acquire a signature boss weapon,Obtain or craft item (verify item ID),Craft and obtain semantics differ; check real item IDs and achievable source,"Optional, may start after location discovery; never blocks main campaign",None or a short beginner primer,Needs exact installed IDs/achievement predicates and playtest,Planned content seed only; not coded as Questlog JSON
ao_bomd_01_find_the_gauntlet_encounter_site,ambient_odyssey:bomd,The Four Calamities,OPTIONAL_BOSSES,3-7,Bosses of Mass Destruction,1,Find the Gauntlet encounter site,"Visit biome, dimension, position, or structure (verify registry)",Confirm position criterion: visit_structure requires specific piece/registry; modded worldgen may be non-structure,"Optional, may start after location discovery; never blocks main campaign",None or a short beginner primer,Needs exact installed IDs/achievement predicates and playtest,Planned content seed only; not coded as Questlog JSON
ao_bomd_02_defeat_the_gauntlet,ambient_odyssey:bomd,The Four Calamities,OPTIONAL_BOSSES,3-7,Bosses of Mass Destruction,2,Defeat the Gauntlet,Kill entity or complete encounter (verify kill attribution),Ensure player credit and boss/arena version are supported,"Optional, may start after location discovery; never blocks main campaign",None or a short beginner primer,Needs exact installed IDs/achievement predicates and playtest,Planned content seed only; not coded as Questlog JSON
ao_bomd_03_discover_the_lich_s_hideout,ambient_odyssey:bomd,The Four Calamities,OPTIONAL_BOSSES,3-7,Bosses of Mass Destruction,3,Discover the Lich's hideout,"Visit biome, dimension, position, or structure (verify registry)",Confirm position criterion: visit_structure requires specific piece/registry; modded worldgen may be non-structure,"Optional, may start after location discovery; never blocks main campaign",None or a short beginner primer,Needs exact installed IDs/achievement predicates and playtest,Planned content seed only; not coded as Questlog JSON
ao_bomd_04_defeat_the_lich,ambient_odyssey:bomd,The Four Calamities,OPTIONAL_BOSSES,3-7,Bosses of Mass Destruction,4,Defeat the Lich,Kill entity or complete encounter (verify kill attribution),Ensure player credit and boss/arena version are supported,"Optional, may start after location discovery; never blocks main campaign",None or a short beginner primer,Needs exact installed IDs/achievement predicates and playtest,Planned content seed only; not coded as Questlog JSON
ao_bomd_05_find_the_void_blossom_arena,ambient_odyssey:bomd,The Four Calamities,OPTIONAL_BOSSES,3-7,Bosses of Mass Destruction,5,Find the Void Blossom arena,"Visit biome, dimension, position, or structure (verify registry)",Confirm position criterion: visit_structure requires specific piece/registry; modded worldgen may be non-structure,"Optional, may start after location discovery; never blocks main campaign",None or a short beginner primer,Needs exact installed IDs/achievement predicates and playtest,Planned content seed only; not coded as Questlog JSON
ao_bomd_06_defeat_the_void_blossom,ambient_odyssey:bomd,The Four Calamities,OPTIONAL_BOSSES,3-7,Bosses of Mass Destruction,6,Defeat the Void Blossom,Kill entity or complete encounter (verify kill attribution),Ensure player credit and boss/arena version are supported,"Optional, may start after location discovery; never blocks main campaign",None or a short beginner primer,Needs exact installed IDs/achievement predicates and playtest,Planned content seed only; not coded as Questlog JSON
ao_bomd_07_discover_the_obsidilith_area,ambient_odyssey:bomd,The Four Calamities,OPTIONAL_BOSSES,3-7,Bosses of Mass Destruction,7,Discover the Obsidilith area,"Visit biome, dimension, position, or structure (verify registry)",Confirm position criterion: visit_structure requires specific piece/registry; modded worldgen may be non-structure,"Optional, may start after location discovery; never blocks main campaign",None or a short beginner primer,Needs exact installed IDs/achievement predicates and playtest,Planned content seed only; not coded as Questlog JSON
ao_bomd_08_defeat_the_obsidilith,ambient_odyssey:bomd,The Four Calamities,OPTIONAL_BOSSES,3-7,Bosses of Mass Destruction,8,Defeat the Obsidilith,Kill entity or complete encounter (verify kill attribution),Ensure player credit and boss/arena version are supported,"Optional, may start after location discovery; never blocks main campaign",None or a short beginner primer,Needs exact installed IDs/achievement predicates and playtest,Planned content seed only; not coded as Questlog JSON
ao_bomd_09_examine_boss_drops_and_optional_,ambient_odyssey:bomd,The Four Calamities,OPTIONAL_BOSSES,3-7,Bosses of Mass Destruction,9,Examine boss drops and optional equipment,Obtain or craft item (verify item ID),Craft and obtain semantics differ; check real item IDs and achievable source,"Optional, may start after location discovery; never blocks main campaign",None or a short beginner primer,Needs exact installed IDs/achievement predicates and playtest,Planned content seed only; not coded as Questlog JSON
ao_mowzie_01_find_a_signature_mowzie_s_mob,ambient_odyssey:mowzie,Living Legends,OPTIONAL_BOSSES,3-7,Mowzie's Mobs,1,Find a signature Mowzie's mob,"Visit biome, dimension, position, or structure (verify registry)",Confirm position criterion: visit_structure requires specific piece/registry; modded worldgen may be non-structure,"Optional, may start after location discovery; never blocks main campaign",None or a short beginner primer,Needs exact installed IDs/achievement predicates and playtest,Planned content seed only; not coded as Questlog JSON
ao_mowzie_02_learn_about_its_combat_tells,ambient_odyssey:mowzie,Living Legends,OPTIONAL_BOSSES,3-7,Mowzie's Mobs,2,Learn about its combat tells,Information / read / unlock,Display quest without assuming player's history; FTB can explain mechanics,"Optional, may start after location discovery; never blocks main campaign",None or a short beginner primer,Needs exact installed IDs/achievement predicates and playtest,Planned content seed only; not coded as Questlog JSON
ao_mowzie_03_discover_the_frostmaw_s_territor,ambient_odyssey:mowzie,Living Legends,OPTIONAL_BOSSES,3-7,Mowzie's Mobs,3,Discover the Frostmaw's territory,"Visit biome, dimension, position, or structure (verify registry)",Confirm position criterion: visit_structure requires specific piece/registry; modded worldgen may be non-structure,"Optional, may start after location discovery; never blocks main campaign",None or a short beginner primer,Needs exact installed IDs/achievement predicates and playtest,Planned content seed only; not coded as Questlog JSON
ao_mowzie_04_defeat_a_frostmaw,ambient_odyssey:mowzie,Living Legends,OPTIONAL_BOSSES,3-7,Mowzie's Mobs,4,Defeat a Frostmaw,Kill entity or complete encounter (verify kill attribution),Ensure player credit and boss/arena version are supported,"Optional, may start after location discovery; never blocks main campaign",None or a short beginner primer,Needs exact installed IDs/achievement predicates and playtest,Planned content seed only; not coded as Questlog JSON
ao_mowzie_05_locate_a_barakoa_settlement,ambient_odyssey:mowzie,Living Legends,OPTIONAL_BOSSES,3-7,Mowzie's Mobs,5,Locate a Barakoa settlement,"Visit biome, dimension, position, or structure (verify registry)",Confirm position criterion: visit_structure requires specific piece/registry; modded worldgen may be non-structure,"Optional, may start after location discovery; never blocks main campaign",None or a short beginner primer,Needs exact installed IDs/achievement predicates and playtest,Planned content seed only; not coded as Questlog JSON
ao_mowzie_06_defeat_a_recognized_barakoa_boss,ambient_odyssey:mowzie,Living Legends,OPTIONAL_BOSSES,3-7,Mowzie's Mobs,6,Defeat a recognized Barakoa boss,Kill entity or complete encounter (verify kill attribution),Ensure player credit and boss/arena version are supported,"Optional, may start after location discovery; never blocks main campaign",None or a short beginner primer,Needs exact installed IDs/achievement predicates and playtest,Planned content seed only; not coded as Questlog JSON
ao_mowzie_07_seek_umvuthi_s_arena,ambient_odyssey:mowzie,Living Legends,OPTIONAL_BOSSES,3-7,Mowzie's Mobs,7,Seek Umvuthi's arena,"Visit biome, dimension, position, or structure (verify registry)",Confirm position criterion: visit_structure requires specific piece/registry; modded worldgen may be non-structure,"Optional, may start after location discovery; never blocks main campaign",None or a short beginner primer,Needs exact installed IDs/achievement predicates and playtest,Planned content seed only; not coded as Questlog JSON
ao_mowzie_08_confront_umvuthi,ambient_odyssey:mowzie,Living Legends,OPTIONAL_BOSSES,3-7,Mowzie's Mobs,8,Confront Umvuthi,Kill entity or complete encounter (verify kill attribution),Ensure player credit and boss/arena version are supported,"Optional, may start after location discovery; never blocks main campaign",None or a short beginner primer,Needs exact installed IDs/achievement predicates and playtest,Planned content seed only; not coded as Questlog JSON
ao_mowzie_09_investigate_an_ability_granted_b,ambient_odyssey:mowzie,Living Legends,OPTIONAL_BOSSES,3-7,Mowzie's Mobs,9,Investigate an ability granted by boss loot,Obtain or craft item (verify item ID),Craft and obtain semantics differ; check real item IDs and achievable source,"Optional, may start after location discovery; never blocks main campaign",None or a short beginner primer,Needs exact installed IDs/achievement predicates and playtest,Planned content seed only; not coded as Questlog JSON
ao_other_bosses_01_discover_a_remnant_themed_encoun,ambient_odyssey:other_bosses,Hunters of the Unusual,OPTIONAL_BOSSES,3-8,Remnant Bosses; FD Bosses; Bosses' Rise; Gateways; Cult of Azazel; Sky Arena,1,Discover a Remnant-themed encounter,"Visit biome, dimension, position, or structure (verify registry)",Confirm position criterion: visit_structure requires specific piece/registry; modded worldgen may be non-structure,"Optional, may start after location discovery; never blocks main campaign",None or a short beginner primer,Needs exact installed IDs/achievement predicates and playtest,Planned content seed only; not coded as Questlog JSON
ao_other_bosses_02_defeat_one_verified_remnant_boss,ambient_odyssey:other_bosses,Hunters of the Unusual,OPTIONAL_BOSSES,3-8,Remnant Bosses; FD Bosses; Bosses' Rise; Gateways; Cult of Azazel; Sky Arena,2,Defeat one verified Remnant boss,Kill entity or complete encounter (verify kill attribution),Ensure player credit and boss/arena version are supported,"Optional, may start after location discovery; never blocks main campaign",None or a short beginner primer,Needs exact installed IDs/achievement predicates and playtest,Planned content seed only; not coded as Questlog JSON
ao_other_bosses_03_find_an_arena_style_challenge,ambient_odyssey:other_bosses,Hunters of the Unusual,OPTIONAL_BOSSES,3-8,Remnant Bosses; FD Bosses; Bosses' Rise; Gateways; Cult of Azazel; Sky Arena,3,Find an arena-style challenge,"Visit biome, dimension, position, or structure (verify registry)",Confirm position criterion: visit_structure requires specific piece/registry; modded worldgen may be non-structure,"Optional, may start after location discovery; never blocks main campaign",None or a short beginner primer,Needs exact installed IDs/achievement predicates and playtest,Planned content seed only; not coded as Questlog JSON
ao_other_bosses_04_win_a_selected_arena_battle,ambient_odyssey:other_bosses,Hunters of the Unusual,OPTIONAL_BOSSES,3-8,Remnant Bosses; FD Bosses; Bosses' Rise; Gateways; Cult of Azazel; Sky Arena,4,Win a selected arena battle,Kill entity or complete encounter (verify kill attribution),Ensure player credit and boss/arena version are supported,"Optional, may start after location discovery; never blocks main campaign",None or a short beginner primer,Needs exact installed IDs/achievement predicates and playtest,Planned content seed only; not coded as Questlog JSON
ao_other_bosses_05_obtain_a_gateway_catalyst,ambient_odyssey:other_bosses,Hunters of the Unusual,OPTIONAL_BOSSES,3-8,Remnant Bosses; FD Bosses; Bosses' Rise; Gateways; Cult of Azazel; Sky Arena,5,Obtain a gateway catalyst,Obtain or craft item (verify item ID),Craft and obtain semantics differ; check real item IDs and achievable source,"Optional, may start after location discovery; never blocks main campaign",None or a short beginner primer,Needs exact installed IDs/achievement predicates and playtest,Planned content seed only; not coded as Questlog JSON
ao_other_bosses_06_complete_one_gateways_challenge,ambient_odyssey:other_bosses,Hunters of the Unusual,OPTIONAL_BOSSES,3-8,Remnant Bosses; FD Bosses; Bosses' Rise; Gateways; Cult of Azazel; Sky Arena,6,Complete one Gateways challenge,Kill entity or complete encounter (verify kill attribution),Ensure player credit and boss/arena version are supported,"Optional, may start after location discovery; never blocks main campaign",None or a short beginner primer,Needs exact installed IDs/achievement predicates and playtest,Planned content seed only; not coded as Questlog JSON
ao_other_bosses_07_investigate_a_bosses_rise_encoun,ambient_odyssey:other_bosses,Hunters of the Unusual,OPTIONAL_BOSSES,3-8,Remnant Bosses; FD Bosses; Bosses' Rise; Gateways; Cult of Azazel; Sky Arena,7,Investigate a Bosses' Rise encounter,"Visit biome, dimension, position, or structure (verify registry)",Confirm position criterion: visit_structure requires specific piece/registry; modded worldgen may be non-structure,"Optional, may start after location discovery; never blocks main campaign",None or a short beginner primer,Needs exact installed IDs/achievement predicates and playtest,Planned content seed only; not coded as Questlog JSON
ao_other_bosses_08_defeat_a_verified_extra_boss,ambient_odyssey:other_bosses,Hunters of the Unusual,OPTIONAL_BOSSES,3-8,Remnant Bosses; FD Bosses; Bosses' Rise; Gateways; Cult of Azazel; Sky Arena,8,Defeat a verified extra boss,Kill entity or complete encounter (verify kill attribution),Ensure player credit and boss/arena version are supported,"Optional, may start after location discovery; never blocks main campaign",None or a short beginner primer,Needs exact installed IDs/achievement predicates and playtest,Planned content seed only; not coded as Questlog JSON
ao_other_bosses_09_review_the_optional_endgame_boss,ambient_odyssey:other_bosses,Hunters of the Unusual,OPTIONAL_BOSSES,3-8,Remnant Bosses; FD Bosses; Bosses' Rise; Gateways; Cult of Azazel; Sky Arena,9,Review the optional endgame boss catalogue,Information / read / unlock,Display quest without assuming player's history; FTB can explain mechanics,"Optional, may start after location discovery; never blocks main campaign",None or a short beginner primer,Needs exact installed IDs/achievement predicates and playtest,Planned content seed only; not coded as Questlog JSON
ao_end_eyes_01_understand_that_eyes_may_come_fr,ambient_odyssey:end_eyes,The Eyes of the End,OPTIONAL_END,3-6,End Remastered; Integrated Stronghold,1,Understand that Eyes may come from different adventures,Information / read / unlock,Display quest without assuming player's history; FTB can explain mechanics,"Optional, may start after location discovery; never blocks main campaign",None or a short beginner primer,Needs exact installed IDs/achievement predicates and playtest,Planned content seed only; not coded as Questlog JSON
ao_end_eyes_02_acquire_a_first_nonstandard_eye,ambient_odyssey:end_eyes,The Eyes of the End,OPTIONAL_END,3-6,End Remastered; Integrated Stronghold,2,Acquire a first nonstandard eye,Obtain or craft item (verify item ID),Craft and obtain semantics differ; check real item IDs and achievable source,"Optional, may start after location discovery; never blocks main campaign",None or a short beginner primer,Needs exact installed IDs/achievement predicates and playtest,Planned content seed only; not coded as Questlog JSON
ao_end_eyes_03_find_a_structure_that_contains_a,ambient_odyssey:end_eyes,The Eyes of the End,OPTIONAL_END,3-6,End Remastered; Integrated Stronghold,3,Find a structure that contains an alternative eye,"Visit biome, dimension, position, or structure (verify registry)",Confirm position criterion: visit_structure requires specific piece/registry; modded worldgen may be non-structure,"Optional, may start after location discovery; never blocks main campaign",None or a short beginner primer,Needs exact installed IDs/achievement predicates and playtest,Planned content seed only; not coded as Questlog JSON
ao_end_eyes_04_obtain_another_eye_via_a_differe,ambient_odyssey:end_eyes,The Eyes of the End,OPTIONAL_END,3-6,End Remastered; Integrated Stronghold,4,Obtain another eye via a different method,Obtain or craft item (verify item ID),Craft and obtain semantics differ; check real item IDs and achievable source,"Optional, may start after location discovery; never blocks main campaign",None or a short beginner primer,Needs exact installed IDs/achievement predicates and playtest,Planned content seed only; not coded as Questlog JSON
ao_end_eyes_05_plan_a_route_using_whichever_eli,ambient_odyssey:end_eyes,The Eyes of the End,OPTIONAL_END,3-6,End Remastered; Integrated Stronghold,5,Plan a route using whichever eligible eyes you have,Information / read / unlock,Display quest without assuming player's history; FTB can explain mechanics,"Optional, may start after location discovery; never blocks main campaign",None or a short beginner primer,Needs exact installed IDs/achievement predicates and playtest,Planned content seed only; not coded as Questlog JSON
ao_end_eyes_06_locate_the_integrated_stronghold,ambient_odyssey:end_eyes,The Eyes of the End,OPTIONAL_END,3-6,End Remastered; Integrated Stronghold,6,Locate the Integrated Stronghold,"Visit biome, dimension, position, or structure (verify registry)",Confirm position criterion: visit_structure requires specific piece/registry; modded worldgen may be non-structure,"Optional, may start after location discovery; never blocks main campaign",None or a short beginner primer,Needs exact installed IDs/achievement predicates and playtest,Planned content seed only; not coded as Questlog JSON
ao_end_eyes_07_enter_the_redesigned_stronghold,ambient_odyssey:end_eyes,The Eyes of the End,OPTIONAL_END,3-6,End Remastered; Integrated Stronghold,7,Enter the redesigned stronghold,"Visit biome, dimension, position, or structure (verify registry)",Confirm position criterion: visit_structure requires specific piece/registry; modded worldgen may be non-structure,"Optional, may start after location discovery; never blocks main campaign",None or a short beginner primer,Needs exact installed IDs/achievement predicates and playtest,Planned content seed only; not coded as Questlog JSON
ao_end_eyes_08_prepare_for_end_entry_without_en,ambient_odyssey:end_eyes,The Eyes of the End,OPTIONAL_END,3-6,End Remastered; Integrated Stronghold,8,Prepare for End entry without enforcing all optional eyes,Information / read / unlock,Display quest without assuming player's history; FTB can explain mechanics,"Optional, may start after location discovery; never blocks main campaign",None or a short beginner primer,Needs exact installed IDs/achievement predicates and playtest,Planned content seed only; not coded as Questlog JSON
ao_end_eyes_09_enter_the_end,ambient_odyssey:end_eyes,The Eyes of the End,OPTIONAL_END,3-6,End Remastered; Integrated Stronghold,9,Enter the End,"Visit biome, dimension, position, or structure (verify registry)",Confirm position criterion: visit_structure requires specific piece/registry; modded worldgen may be non-structure,"Optional, may start after location discovery; never blocks main campaign",None or a short beginner primer,Needs exact installed IDs/achievement predicates and playtest,Planned content seed only; not coded as Questlog JSON
ao_end_eyes_10_defeat_the_ender_dragon,ambient_odyssey:end_eyes,The Eyes of the End,OPTIONAL_END,3-6,End Remastered; Integrated Stronghold,10,Defeat the Ender Dragon,Kill entity or complete encounter (verify kill attribution),Ensure player credit and boss/arena version are supported,"Optional, may start after location discovery; never blocks main campaign",None or a short beginner primer,Needs exact installed IDs/achievement predicates and playtest,Planned content seed only; not coded as Questlog JSON
ao_end_eyes_11_begin_the_end_explorer_s_atlas,ambient_odyssey:end_eyes,The Eyes of the End,OPTIONAL_END,3-6,End Remastered; Integrated Stronghold,11,Begin the End explorer's atlas,Information / read / unlock,Display quest without assuming player's history; FTB can explain mechanics,"Optional, may start after location discovery; never blocks main campaign",None or a short beginner primer,Needs exact installed IDs/achievement predicates and playtest,Planned content seed only; not coded as Questlog JSON
ao_end_atlas_01_observe_the_enhanced_dragon_isla,ambient_odyssey:end_atlas,Beyond the End,OPTIONAL_END,4-7,BetterEnd; Echoes of the End; Moog's End; YUNG's Better End Island,1,Observe the enhanced Dragon Island,"Visit biome, dimension, position, or structure (verify registry)",Confirm position criterion: visit_structure requires specific piece/registry; modded worldgen may be non-structure,"Optional, may start after location discovery; never blocks main campaign",None or a short beginner primer,Needs exact installed IDs/achievement predicates and playtest,Planned content seed only; not coded as Questlog JSON
ao_end_atlas_02_find_a_special_end_biome,ambient_odyssey:end_atlas,Beyond the End,OPTIONAL_END,4-7,BetterEnd; Echoes of the End; Moog's End; YUNG's Better End Island,2,Find a special End biome,"Visit biome, dimension, position, or structure (verify registry)",Confirm position criterion: visit_structure requires specific piece/registry; modded worldgen may be non-structure,"Optional, may start after location discovery; never blocks main campaign",None or a short beginner primer,Needs exact installed IDs/achievement predicates and playtest,Planned content seed only; not coded as Questlog JSON
ao_end_atlas_03_collect_a_new_end_resource,ambient_odyssey:end_atlas,Beyond the End,OPTIONAL_END,4-7,BetterEnd; Echoes of the End; Moog's End; YUNG's Better End Island,3,Collect a new End resource,Obtain or craft item (verify item ID),Craft and obtain semantics differ; check real item IDs and achievable source,"Optional, may start after location discovery; never blocks main campaign",None or a short beginner primer,Needs exact installed IDs/achievement predicates and playtest,Planned content seed only; not coded as Questlog JSON
ao_end_atlas_04_discover_a_moog_s_end_structure,ambient_odyssey:end_atlas,Beyond the End,OPTIONAL_END,4-7,BetterEnd; Echoes of the End; Moog's End; YUNG's Better End Island,4,Discover a Moog's End structure,"Visit biome, dimension, position, or structure (verify registry)",Confirm position criterion: visit_structure requires specific piece/registry; modded worldgen may be non-structure,"Optional, may start after location discovery; never blocks main campaign",None or a short beginner primer,Needs exact installed IDs/achievement predicates and playtest,Planned content seed only; not coded as Questlog JSON
ao_end_atlas_05_find_an_echoes_of_the_end_landma,ambient_odyssey:end_atlas,Beyond the End,OPTIONAL_END,4-7,BetterEnd; Echoes of the End; Moog's End; YUNG's Better End Island,5,Find an Echoes of the End landmark,"Visit biome, dimension, position, or structure (verify registry)",Confirm position criterion: visit_structure requires specific piece/registry; modded worldgen may be non-structure,"Optional, may start after location discovery; never blocks main campaign",None or a short beginner primer,Needs exact installed IDs/achievement predicates and playtest,Planned content seed only; not coded as Questlog JSON
ao_end_atlas_06_reach_a_major_end_city_or_ship,ambient_odyssey:end_atlas,Beyond the End,OPTIONAL_END,4-7,BetterEnd; Echoes of the End; Moog's End; YUNG's Better End Island,6,Reach a major End city or ship,"Visit biome, dimension, position, or structure (verify registry)",Confirm position criterion: visit_structure requires specific piece/registry; modded worldgen may be non-structure,"Optional, may start after location discovery; never blocks main campaign",None or a short beginner primer,Needs exact installed IDs/achievement predicates and playtest,Planned content seed only; not coded as Questlog JSON
ao_end_atlas_07_record_optional_rare_end_discove,ambient_odyssey:end_atlas,Beyond the End,OPTIONAL_END,4-7,BetterEnd; Echoes of the End; Moog's End; YUNG's Better End Island,7,Record optional rare End discoveries,Information / read / unlock,Display quest without assuming player's history; FTB can explain mechanics,"Optional, may start after location discovery; never blocks main campaign",None or a short beginner primer,Needs exact installed IDs/achievement predicates and playtest,Planned content seed only; not coded as Questlog JSON
ao_end_atlas_08_complete_the_end_surveyor_badge,ambient_odyssey:end_atlas,Beyond the End,OPTIONAL_END,4-7,BetterEnd; Echoes of the End; Moog's End; YUNG's Better End Island,8,Complete the End Surveyor badge,Information / read / unlock,Display quest without assuming player's history; FTB can explain mechanics,"Optional, may start after location discovery; never blocks main campaign",None or a short beginner primer,Needs exact installed IDs/achievement predicates and playtest,Planned content seed only; not coded as Questlog JSON
ao_oceanographer_01_build_or_obtain_a_usable_boat_or,ambient_odyssey:oceanographer,The Oceanographer,OPTIONAL_OCEAN,1-5,Hybrid Aquatic; Deeper Oceans; FTB Ocean Mobs; YUNG Ocean Monuments; Small Ships; Better Shipwrecks,1,Build or obtain a usable boat or ship,Obtain or craft item (verify item ID),Craft and obtain semantics differ; check real item IDs and achievable source,"Optional, may start after location discovery; never blocks main campaign",None or a short beginner primer,Needs exact installed IDs/achievement predicates and playtest,Planned content seed only; not coded as Questlog JSON
ao_oceanographer_02_find_a_notable_shipwreck,ambient_odyssey:oceanographer,The Oceanographer,OPTIONAL_OCEAN,1-5,Hybrid Aquatic; Deeper Oceans; FTB Ocean Mobs; YUNG Ocean Monuments; Small Ships; Better Shipwrecks,2,Find a notable shipwreck,"Visit biome, dimension, position, or structure (verify registry)",Confirm position criterion: visit_structure requires specific piece/registry; modded worldgen may be non-structure,"Optional, may start after location discovery; never blocks main campaign",None or a short beginner primer,Needs exact installed IDs/achievement predicates and playtest,Planned content seed only; not coded as Questlog JSON
ao_oceanographer_03_explore_a_second_ocean_biome,ambient_odyssey:oceanographer,The Oceanographer,OPTIONAL_OCEAN,1-5,Hybrid Aquatic; Deeper Oceans; FTB Ocean Mobs; YUNG Ocean Monuments; Small Ships; Better Shipwrecks,3,Explore a second ocean biome,"Visit biome, dimension, position, or structure (verify registry)",Confirm position criterion: visit_structure requires specific piece/registry; modded worldgen may be non-structure,"Optional, may start after location discovery; never blocks main campaign",None or a short beginner primer,Needs exact installed IDs/achievement predicates and playtest,Planned content seed only; not coded as Questlog JSON
ao_oceanographer_04_learn_common_ocean_hazards,ambient_odyssey:oceanographer,The Oceanographer,OPTIONAL_OCEAN,1-5,Hybrid Aquatic; Deeper Oceans; FTB Ocean Mobs; YUNG Ocean Monuments; Small Ships; Better Shipwrecks,4,Learn common ocean hazards,Information / read / unlock,Display quest without assuming player's history; FTB can explain mechanics,"Optional, may start after location discovery; never blocks main campaign",None or a short beginner primer,Needs exact installed IDs/achievement predicates and playtest,Planned content seed only; not coded as Questlog JSON
ao_oceanographer_05_encounter_a_rare_marine_creature,ambient_odyssey:oceanographer,The Oceanographer,OPTIONAL_OCEAN,1-5,Hybrid Aquatic; Deeper Oceans; FTB Ocean Mobs; YUNG Ocean Monuments; Small Ships; Better Shipwrecks,5,Encounter a rare marine creature,"Visit biome, dimension, position, or structure (verify registry)",Confirm position criterion: visit_structure requires specific piece/registry; modded worldgen may be non-structure,"Optional, may start after location discovery; never blocks main campaign",None or a short beginner primer,Needs exact installed IDs/achievement predicates and playtest,Planned content seed only; not coded as Questlog JSON
ao_oceanographer_06_prepare_deep_diving_equipment,ambient_odyssey:oceanographer,The Oceanographer,OPTIONAL_OCEAN,1-5,Hybrid Aquatic; Deeper Oceans; FTB Ocean Mobs; YUNG Ocean Monuments; Small Ships; Better Shipwrecks,6,Prepare deep diving equipment,Obtain or craft item (verify item ID),Craft and obtain semantics differ; check real item IDs and achievable source,"Optional, may start after location discovery; never blocks main campaign",None or a short beginner primer,Needs exact installed IDs/achievement predicates and playtest,Planned content seed only; not coded as Questlog JSON
ao_oceanographer_07_visit_a_deep_trench_or_marine_la,ambient_odyssey:oceanographer,The Oceanographer,OPTIONAL_OCEAN,1-5,Hybrid Aquatic; Deeper Oceans; FTB Ocean Mobs; YUNG Ocean Monuments; Small Ships; Better Shipwrecks,7,Visit a deep trench or marine landmark,"Visit biome, dimension, position, or structure (verify registry)",Confirm position criterion: visit_structure requires specific piece/registry; modded worldgen may be non-structure,"Optional, may start after location discovery; never blocks main campaign",None or a short beginner primer,Needs exact installed IDs/achievement predicates and playtest,Planned content seed only; not coded as Questlog JSON
ao_oceanographer_08_defeat_a_dangerous_ocean_mob,ambient_odyssey:oceanographer,The Oceanographer,OPTIONAL_OCEAN,1-5,Hybrid Aquatic; Deeper Oceans; FTB Ocean Mobs; YUNG Ocean Monuments; Small Ships; Better Shipwrecks,8,Defeat a dangerous ocean mob,Kill entity or complete encounter (verify kill attribution),Ensure player credit and boss/arena version are supported,"Optional, may start after location discovery; never blocks main campaign",None or a short beginner primer,Needs exact installed IDs/achievement predicates and playtest,Planned content seed only; not coded as Questlog JSON
ao_oceanographer_09_approach_an_ocean_monument,ambient_odyssey:oceanographer,The Oceanographer,OPTIONAL_OCEAN,1-5,Hybrid Aquatic; Deeper Oceans; FTB Ocean Mobs; YUNG Ocean Monuments; Small Ships; Better Shipwrecks,9,Approach an ocean monument,"Visit biome, dimension, position, or structure (verify registry)",Confirm position criterion: visit_structure requires specific piece/registry; modded worldgen may be non-structure,"Optional, may start after location discovery; never blocks main campaign",None or a short beginner primer,Needs exact installed IDs/achievement predicates and playtest,Planned content seed only; not coded as Questlog JSON
ao_oceanographer_10_defeat_its_elder_guardian_if_via,ambient_odyssey:oceanographer,The Oceanographer,OPTIONAL_OCEAN,1-5,Hybrid Aquatic; Deeper Oceans; FTB Ocean Mobs; YUNG Ocean Monuments; Small Ships; Better Shipwrecks,10,Defeat its Elder Guardian if viable,Kill entity or complete encounter (verify kill attribution),Ensure player credit and boss/arena version are supported,"Optional, may start after location discovery; never blocks main campaign",None or a short beginner primer,Needs exact installed IDs/achievement predicates and playtest,Planned content seed only; not coded as Questlog JSON
ao_oceanographer_11_return_home_with_discoveries_and,ambient_odyssey:oceanographer,The Oceanographer,OPTIONAL_OCEAN,1-5,Hybrid Aquatic; Deeper Oceans; FTB Ocean Mobs; YUNG Ocean Monuments; Small Ships; Better Shipwrecks,11,Return home with discoveries and treasures,Information / read / unlock,Display quest without assuming player's history; FTB can explain mechanics,"Optional, may start after location discovery; never blocks main campaign",None or a short beginner primer,Needs exact installed IDs/achievement predicates and playtest,Planned content seed only; not coded as Questlog JSON
ao_ars_01_craft_a_basic_spellbook,ambient_odyssey:ars,The Arcane Academy,OPTIONAL_MAGIC,2-6,Ars Nouveau,1,Craft a basic spellbook,Obtain or craft item (verify item ID),Craft and obtain semantics differ; check real item IDs and achievable source,"Optional, may start after location discovery; never blocks main campaign",Contextual FTB technical reference,Needs exact installed IDs/achievement predicates and playtest,Planned content seed only; not coded as Questlog JSON
ao_ars_02_learn_glyph_types_from_ftb_manua,ambient_odyssey:ars,The Arcane Academy,OPTIONAL_MAGIC,2-6,Ars Nouveau,2,Learn glyph types from FTB manual,Information / read / unlock,Display quest without assuming player's history; FTB can explain mechanics,"Optional, may start after location discovery; never blocks main campaign",Contextual FTB technical reference,Needs exact installed IDs/achievement predicates and playtest,Planned content seed only; not coded as Questlog JSON
ao_ars_03_create_a_useful_projectile_spell,ambient_odyssey:ars,The Arcane Academy,OPTIONAL_MAGIC,2-6,Ars Nouveau,3,Create a useful projectile spell,Obtain or craft item (verify item ID),Craft and obtain semantics differ; check real item IDs and achievable source,"Optional, may start after location discovery; never blocks main campaign",Contextual FTB technical reference,Needs exact installed IDs/achievement predicates and playtest,Planned content seed only; not coded as Questlog JSON
ao_ars_04_create_a_noncombat_utility_spell,ambient_odyssey:ars,The Arcane Academy,OPTIONAL_MAGIC,2-6,Ars Nouveau,4,Create a noncombat utility spell,Obtain or craft item (verify item ID),Craft and obtain semantics differ; check real item IDs and achievable source,"Optional, may start after location discovery; never blocks main campaign",Contextual FTB technical reference,Needs exact installed IDs/achievement predicates and playtest,Planned content seed only; not coded as Questlog JSON
ao_ars_05_study_source_generation,ambient_odyssey:ars,The Arcane Academy,OPTIONAL_MAGIC,2-6,Ars Nouveau,5,Study source generation,Information / read / unlock,Display quest without assuming player's history; FTB can explain mechanics,"Optional, may start after location discovery; never blocks main campaign",Contextual FTB technical reference,Needs exact installed IDs/achievement predicates and playtest,Planned content seed only; not coded as Questlog JSON
ao_ars_06_upgrade_basic_spellcasting_equip,ambient_odyssey:ars,The Arcane Academy,OPTIONAL_MAGIC,2-6,Ars Nouveau,6,Upgrade basic spellcasting equipment,Obtain or craft item (verify item ID),Craft and obtain semantics differ; check real item IDs and achievable source,"Optional, may start after location discovery; never blocks main campaign",Contextual FTB technical reference,Needs exact installed IDs/achievement predicates and playtest,Planned content seed only; not coded as Questlog JSON
ao_ars_07_perform_a_simple_magic_ritual,ambient_odyssey:ars,The Arcane Academy,OPTIONAL_MAGIC,2-6,Ars Nouveau,7,Perform a simple magic ritual,Obtain or craft item (verify item ID),Craft and obtain semantics differ; check real item IDs and achievable source,"Optional, may start after location discovery; never blocks main campaign",Contextual FTB technical reference,Needs exact installed IDs/achievement predicates and playtest,Planned content seed only; not coded as Questlog JSON
ao_ars_08_find_an_ars_magic_structure,ambient_odyssey:ars,The Arcane Academy,OPTIONAL_MAGIC,2-6,Ars Nouveau,8,Find an Ars magic structure,"Visit biome, dimension, position, or structure (verify registry)",Confirm position criterion: visit_structure requires specific piece/registry; modded worldgen may be non-structure,"Optional, may start after location discovery; never blocks main campaign",Contextual FTB technical reference,Needs exact installed IDs/achievement predicates and playtest,Planned content seed only; not coded as Questlog JSON
ao_ars_09_acquire_an_uncommon_glyph,ambient_odyssey:ars,The Arcane Academy,OPTIONAL_MAGIC,2-6,Ars Nouveau,9,Acquire an uncommon glyph,Obtain or craft item (verify item ID),Craft and obtain semantics differ; check real item IDs and achievable source,"Optional, may start after location discovery; never blocks main campaign",Contextual FTB technical reference,Needs exact installed IDs/achievement predicates and playtest,Planned content seed only; not coded as Questlog JSON
ao_ars_10_experiment_with_a_hybrid_spell_c,ambient_odyssey:ars,The Arcane Academy,OPTIONAL_MAGIC,2-6,Ars Nouveau,10,Experiment with a hybrid spell construction,Information / read / unlock,Display quest without assuming player's history; FTB can explain mechanics,"Optional, may start after location discovery; never blocks main campaign",Contextual FTB technical reference,Needs exact installed IDs/achievement predicates and playtest,Planned content seed only; not coded as Questlog JSON
ao_ars_11_create_a_high_tier_spellbook,ambient_odyssey:ars,The Arcane Academy,OPTIONAL_MAGIC,2-6,Ars Nouveau,11,Create a high-tier spellbook,Obtain or craft item (verify item ID),Craft and obtain semantics differ; check real item IDs and achievable source,"Optional, may start after location discovery; never blocks main campaign",Contextual FTB technical reference,Needs exact installed IDs/achievement predicates and playtest,Planned content seed only; not coded as Questlog JSON
ao_ars_12_record_your_favorite_spell_in_th,ambient_odyssey:ars,The Arcane Academy,OPTIONAL_MAGIC,2-6,Ars Nouveau,12,Record your favorite spell in the character page,Information / read / unlock,Display quest without assuming player's history; FTB can explain mechanics,"Optional, may start after location discovery; never blocks main campaign",Contextual FTB technical reference,Needs exact installed IDs/achievement predicates and playtest,Planned content seed only; not coded as Questlog JSON
ao_iron_magic_01_obtain_a_starter_spellbook,ambient_odyssey:iron_magic,The Spellwright's Journey,OPTIONAL_MAGIC,2-7,Iron's Spellbooks; Cataclysm Spellbooks; Traveloptics,1,Obtain a starter spellbook,Obtain or craft item (verify item ID),Craft and obtain semantics differ; check real item IDs and achievable source,"Optional, may start after location discovery; never blocks main campaign",Contextual FTB technical reference,Needs exact installed IDs/achievement predicates and playtest,Planned content seed only; not coded as Questlog JSON
ao_iron_magic_02_find_a_spell_scroll,ambient_odyssey:iron_magic,The Spellwright's Journey,OPTIONAL_MAGIC,2-7,Iron's Spellbooks; Cataclysm Spellbooks; Traveloptics,2,Find a spell scroll,Obtain or craft item (verify item ID),Craft and obtain semantics differ; check real item IDs and achievable source,"Optional, may start after location discovery; never blocks main campaign",Contextual FTB technical reference,Needs exact installed IDs/achievement predicates and playtest,Planned content seed only; not coded as Questlog JSON
ao_iron_magic_03_learn_mana_cooldowns_and_spell_s,ambient_odyssey:iron_magic,The Spellwright's Journey,OPTIONAL_MAGIC,2-7,Iron's Spellbooks; Cataclysm Spellbooks; Traveloptics,3,"Learn mana, cooldowns and spell schools",Information / read / unlock,Display quest without assuming player's history; FTB can explain mechanics,"Optional, may start after location discovery; never blocks main campaign",Contextual FTB technical reference,Needs exact installed IDs/achievement predicates and playtest,Planned content seed only; not coded as Questlog JSON
ao_iron_magic_04_cast_a_first_combat_spell,ambient_odyssey:iron_magic,The Spellwright's Journey,OPTIONAL_MAGIC,2-7,Iron's Spellbooks; Cataclysm Spellbooks; Traveloptics,4,Cast a first combat spell,Obtain or craft item (verify item ID),Craft and obtain semantics differ; check real item IDs and achievable source,"Optional, may start after location discovery; never blocks main campaign",Contextual FTB technical reference,Needs exact installed IDs/achievement predicates and playtest,Planned content seed only; not coded as Questlog JSON
ao_iron_magic_05_equip_a_suitable_caster_accessor,ambient_odyssey:iron_magic,The Spellwright's Journey,OPTIONAL_MAGIC,2-7,Iron's Spellbooks; Cataclysm Spellbooks; Traveloptics,5,Equip a suitable caster accessory,Obtain or craft item (verify item ID),Craft and obtain semantics differ; check real item IDs and achievable source,"Optional, may start after location discovery; never blocks main campaign",Contextual FTB technical reference,Needs exact installed IDs/achievement predicates and playtest,Planned content seed only; not coded as Questlog JSON
ao_iron_magic_06_find_an_iron_s_mage_tower,ambient_odyssey:iron_magic,The Spellwright's Journey,OPTIONAL_MAGIC,2-7,Iron's Spellbooks; Cataclysm Spellbooks; Traveloptics,6,Find an Iron's mage tower,"Visit biome, dimension, position, or structure (verify registry)",Confirm position criterion: visit_structure requires specific piece/registry; modded worldgen may be non-structure,"Optional, may start after location discovery; never blocks main campaign",Contextual FTB technical reference,Needs exact installed IDs/achievement predicates and playtest,Planned content seed only; not coded as Questlog JSON
ao_iron_magic_07_defeat_a_hostile_wizard_or_spell,ambient_odyssey:iron_magic,The Spellwright's Journey,OPTIONAL_MAGIC,2-7,Iron's Spellbooks; Cataclysm Spellbooks; Traveloptics,7,Defeat a hostile wizard or spellcaster,Kill entity or complete encounter (verify kill attribution),Ensure player credit and boss/arena version are supported,"Optional, may start after location discovery; never blocks main campaign",Contextual FTB technical reference,Needs exact installed IDs/achievement predicates and playtest,Planned content seed only; not coded as Questlog JSON
ao_iron_magic_08_learn_an_improved_spell_from_loo,ambient_odyssey:iron_magic,The Spellwright's Journey,OPTIONAL_MAGIC,2-7,Iron's Spellbooks; Cataclysm Spellbooks; Traveloptics,8,Learn an improved spell from loot,Obtain or craft item (verify item ID),Craft and obtain semantics differ; check real item IDs and achievable source,"Optional, may start after location discovery; never blocks main campaign",Contextual FTB technical reference,Needs exact installed IDs/achievement predicates and playtest,Planned content seed only; not coded as Questlog JSON
ao_iron_magic_09_upgrade_a_spellbook_tier,ambient_odyssey:iron_magic,The Spellwright's Journey,OPTIONAL_MAGIC,2-7,Iron's Spellbooks; Cataclysm Spellbooks; Traveloptics,9,Upgrade a spellbook tier,Obtain or craft item (verify item ID),Craft and obtain semantics differ; check real item IDs and achievable source,"Optional, may start after location discovery; never blocks main campaign",Contextual FTB technical reference,Needs exact installed IDs/achievement predicates and playtest,Planned content seed only; not coded as Questlog JSON
ao_iron_magic_10_read_school_specific_resistances,ambient_odyssey:iron_magic,The Spellwright's Journey,OPTIONAL_MAGIC,2-7,Iron's Spellbooks; Cataclysm Spellbooks; Traveloptics,10,Read school-specific resistances in FTB,Information / read / unlock,Display quest without assuming player's history; FTB can explain mechanics,"Optional, may start after location discovery; never blocks main campaign",Contextual FTB technical reference,Needs exact installed IDs/achievement predicates and playtest,Planned content seed only; not coded as Questlog JSON
ao_iron_magic_11_acquire_a_boss_linked_spell_or_s,ambient_odyssey:iron_magic,The Spellwright's Journey,OPTIONAL_MAGIC,2-7,Iron's Spellbooks; Cataclysm Spellbooks; Traveloptics,11,Acquire a boss-linked spell or staff,Obtain or craft item (verify item ID),Craft and obtain semantics differ; check real item IDs and achievable source,"Optional, may start after location discovery; never blocks main campaign",Contextual FTB technical reference,Needs exact installed IDs/achievement predicates and playtest,Planned content seed only; not coded as Questlog JSON
ao_iron_magic_12_defeat_a_spell_related_boss,ambient_odyssey:iron_magic,The Spellwright's Journey,OPTIONAL_MAGIC,2-7,Iron's Spellbooks; Cataclysm Spellbooks; Traveloptics,12,Defeat a spell-related boss,Kill entity or complete encounter (verify kill attribution),Ensure player credit and boss/arena version are supported,"Optional, may start after location discovery; never blocks main campaign",Contextual FTB technical reference,Needs exact installed IDs/achievement predicates and playtest,Planned content seed only; not coded as Questlog JSON
ao_iron_magic_13_craft_a_legitimate_cataclysm_spe,ambient_odyssey:iron_magic,The Spellwright's Journey,OPTIONAL_MAGIC,2-7,Iron's Spellbooks; Cataclysm Spellbooks; Traveloptics,13,Craft a legitimate Cataclysm spell upgrade,Obtain or craft item (verify item ID),Craft and obtain semantics differ; check real item IDs and achievable source,"Optional, may start after location discovery; never blocks main campaign",Contextual FTB technical reference,Needs exact installed IDs/achievement predicates and playtest,Planned content seed only; not coded as Questlog JSON
ao_iron_magic_14_compare_caster_and_hybrid_readin,ambient_odyssey:iron_magic,The Spellwright's Journey,OPTIONAL_MAGIC,2-7,Iron's Spellbooks; Cataclysm Spellbooks; Traveloptics,14,Compare caster and hybrid readiness in Gear Atlas,Information / read / unlock,Display quest without assuming player's history; FTB can explain mechanics,"Optional, may start after location discovery; never blocks main campaign",Contextual FTB technical reference,Needs exact installed IDs/achievement predicates and playtest,Planned content seed only; not coded as Questlog JSON
ao_forbidden_01_find_an_unusual_arcane_resource,ambient_odyssey:forbidden,Forbidden Research,OPTIONAL_MAGIC,3-6,Forbidden & Arcanus; Astrological,1,Find an unusual arcane resource,Obtain or craft item (verify item ID),Craft and obtain semantics differ; check real item IDs and achievable source,"Optional, may start after location discovery; never blocks main campaign",None or a short beginner primer,Needs exact installed IDs/achievement predicates and playtest,Planned content seed only; not coded as Questlog JSON
ao_forbidden_02_study_the_ftb_forbidden_arcanus_,ambient_odyssey:forbidden,Forbidden Research,OPTIONAL_MAGIC,3-6,Forbidden & Arcanus; Astrological,2,Study the FTB Forbidden & Arcanus glossary,Information / read / unlock,Display quest without assuming player's history; FTB can explain mechanics,"Optional, may start after location discovery; never blocks main campaign",None or a short beginner primer,Needs exact installed IDs/achievement predicates and playtest,Planned content seed only; not coded as Questlog JSON
ao_forbidden_03_craft_a_signature_basic_artifact,ambient_odyssey:forbidden,Forbidden Research,OPTIONAL_MAGIC,3-6,Forbidden & Arcanus; Astrological,3,Craft a signature basic artifact,Obtain or craft item (verify item ID),Craft and obtain semantics differ; check real item IDs and achievable source,"Optional, may start after location discovery; never blocks main campaign",None or a short beginner primer,Needs exact installed IDs/achievement predicates and playtest,Planned content seed only; not coded as Questlog JSON
ao_forbidden_04_discover_a_magic_landmark,ambient_odyssey:forbidden,Forbidden Research,OPTIONAL_MAGIC,3-6,Forbidden & Arcanus; Astrological,4,Discover a magic landmark,"Visit biome, dimension, position, or structure (verify registry)",Confirm position criterion: visit_structure requires specific piece/registry; modded worldgen may be non-structure,"Optional, may start after location discovery; never blocks main campaign",None or a short beginner primer,Needs exact installed IDs/achievement predicates and playtest,Planned content seed only; not coded as Questlog JSON
ao_forbidden_05_use_a_verified_special_crafting_,ambient_odyssey:forbidden,Forbidden Research,OPTIONAL_MAGIC,3-6,Forbidden & Arcanus; Astrological,5,Use a verified special crafting method,Obtain or craft item (verify item ID),Craft and obtain semantics differ; check real item IDs and achievable source,"Optional, may start after location discovery; never blocks main campaign",None or a short beginner primer,Needs exact installed IDs/achievement predicates and playtest,Planned content seed only; not coded as Questlog JSON
ao_forbidden_06_acquire_an_advanced_arcane_upgra,ambient_odyssey:forbidden,Forbidden Research,OPTIONAL_MAGIC,3-6,Forbidden & Arcanus; Astrological,6,Acquire an advanced arcane upgrade,Obtain or craft item (verify item ID),Craft and obtain semantics differ; check real item IDs and achievable source,"Optional, may start after location discovery; never blocks main campaign",None or a short beginner primer,Needs exact installed IDs/achievement predicates and playtest,Planned content seed only; not coded as Questlog JSON
ao_forbidden_07_investigate_astrological_s_optio,ambient_odyssey:forbidden,Forbidden Research,OPTIONAL_MAGIC,3-6,Forbidden & Arcanus; Astrological,7,Investigate Astrological's optional content,Information / read / unlock,Display quest without assuming player's history; FTB can explain mechanics,"Optional, may start after location discovery; never blocks main campaign",None or a short beginner primer,Needs exact installed IDs/achievement predicates and playtest,Planned content seed only; not coded as Questlog JSON
ao_forbidden_08_encounter_an_available_celestial,ambient_odyssey:forbidden,Forbidden Research,OPTIONAL_MAGIC,3-6,Forbidden & Arcanus; Astrological,8,Encounter an available celestial structure,"Visit biome, dimension, position, or structure (verify registry)",Confirm position criterion: visit_structure requires specific piece/registry; modded worldgen may be non-structure,"Optional, may start after location discovery; never blocks main campaign",None or a short beginner primer,Needs exact installed IDs/achievement predicates and playtest,Planned content seed only; not coded as Questlog JSON
ao_forbidden_09_close_the_research_journal,ambient_odyssey:forbidden,Forbidden Research,OPTIONAL_MAGIC,3-6,Forbidden & Arcanus; Astrological,9,Close the research journal,Information / read / unlock,Display quest without assuming player's history; FTB can explain mechanics,"Optional, may start after location discovery; never blocks main campaign",None or a short beginner primer,Needs exact installed IDs/achievement predicates and playtest,Planned content seed only; not coded as Questlog JSON
ao_equipment_01_learn_different_weapon_attack_pa,ambient_odyssey:equipment,The Art of the Blade,OPTIONAL_GEAR,1-6,Simply Swords; Simply More; Better Combat,1,Learn different weapon attack patterns,Information / read / unlock,Display quest without assuming player's history; FTB can explain mechanics,"Optional, may start after location discovery; never blocks main campaign",None or a short beginner primer,Needs exact installed IDs/achievement predicates and playtest,Planned content seed only; not coded as Questlog JSON
ao_equipment_02_acquire_an_uncommon_weapon_famil,ambient_odyssey:equipment,The Art of the Blade,OPTIONAL_GEAR,1-6,Simply Swords; Simply More; Better Combat,2,Acquire an uncommon weapon family,Obtain or craft item (verify item ID),Craft and obtain semantics differ; check real item IDs and achievable source,"Optional, may start after location discovery; never blocks main campaign",None or a short beginner primer,Needs exact installed IDs/achievement predicates and playtest,Planned content seed only; not coded as Questlog JSON
ao_equipment_03_understand_reach_and_attack_cade,ambient_odyssey:equipment,The Art of the Blade,OPTIONAL_GEAR,1-6,Simply Swords; Simply More; Better Combat,3,Understand reach and attack cadence,Information / read / unlock,Display quest without assuming player's history; FTB can explain mechanics,"Optional, may start after location discovery; never blocks main campaign",None or a short beginner primer,Needs exact installed IDs/achievement predicates and playtest,Planned content seed only; not coded as Questlog JSON
ao_equipment_04_find_a_unique_or_runic_weapon,ambient_odyssey:equipment,The Art of the Blade,OPTIONAL_GEAR,1-6,Simply Swords; Simply More; Better Combat,4,Find a unique or runic weapon,Obtain or craft item (verify item ID),Craft and obtain semantics differ; check real item IDs and achievable source,"Optional, may start after location discovery; never blocks main campaign",None or a short beginner primer,Needs exact installed IDs/achievement predicates and playtest,Planned content seed only; not coded as Questlog JSON
ao_equipment_05_obtain_a_suitable_enchantment,ambient_odyssey:equipment,The Art of the Blade,OPTIONAL_GEAR,1-6,Simply Swords; Simply More; Better Combat,5,Obtain a suitable enchantment,Obtain or craft item (verify item ID),Craft and obtain semantics differ; check real item IDs and achievable source,"Optional, may start after location discovery; never blocks main campaign",None or a short beginner primer,Needs exact installed IDs/achievement predicates and playtest,Planned content seed only; not coded as Questlog JSON
ao_equipment_06_defeat_a_challenge_using_your_pr,ambient_odyssey:equipment,The Art of the Blade,OPTIONAL_GEAR,1-6,Simply Swords; Simply More; Better Combat,6,Defeat a challenge using your preferred weapon,Kill entity or complete encounter (verify kill attribution),Ensure player credit and boss/arena version are supported,"Optional, may start after location discovery; never blocks main campaign",None or a short beginner primer,Needs exact installed IDs/achievement predicates and playtest,Planned content seed only; not coded as Questlog JSON
ao_equipment_07_compare_sword_spear_and_magic_hy,ambient_odyssey:equipment,The Art of the Blade,OPTIONAL_GEAR,1-6,Simply Swords; Simply More; Better Combat,7,"Compare sword, spear and magic hybrid builds",Information / read / unlock,Display quest without assuming player's history; FTB can explain mechanics,"Optional, may start after location discovery; never blocks main campaign",None or a short beginner primer,Needs exact installed IDs/achievement predicates and playtest,Planned content seed only; not coded as Questlog JSON
ao_equipment_08_upgrade_a_specialty_weapon,ambient_odyssey:equipment,The Art of the Blade,OPTIONAL_GEAR,1-6,Simply Swords; Simply More; Better Combat,8,Upgrade a specialty weapon,Obtain or craft item (verify item ID),Craft and obtain semantics differ; check real item IDs and achievable source,"Optional, may start after location discovery; never blocks main campaign",None or a short beginner primer,Needs exact installed IDs/achievement predicates and playtest,Planned content seed only; not coded as Questlog JSON
ao_equipment_09_record_build_changes_in_the_gear,ambient_odyssey:equipment,The Art of the Blade,OPTIONAL_GEAR,1-6,Simply Swords; Simply More; Better Combat,9,Record build changes in the Gear Atlas,Information / read / unlock,Display quest without assuming player's history; FTB can explain mechanics,"Optional, may start after location discovery; never blocks main campaign",None or a short beginner primer,Needs exact installed IDs/achievement predicates and playtest,Planned content seed only; not coded as Questlog JSON
ao_supports_01_learn_that_combat_supports_occup,ambient_odyssey:supports,The Relic Collector,OPTIONAL_GEAR,1-7,Artifacts; Relics; More Relics; Enigmatic Legacy; Curios,1,Learn that combat supports occupy specific slots,Information / read / unlock,Display quest without assuming player's history; FTB can explain mechanics,"Optional, may start after location discovery; never blocks main campaign",Contextual FTB technical reference,Needs exact installed IDs/achievement predicates and playtest,Planned content seed only; not coded as Questlog JSON
ao_supports_02_find_your_first_artifact,ambient_odyssey:supports,The Relic Collector,OPTIONAL_GEAR,1-7,Artifacts; Relics; More Relics; Enigmatic Legacy; Curios,2,Find your first Artifact,Obtain or craft item (verify item ID),Craft and obtain semantics differ; check real item IDs and achievable source,"Optional, may start after location discovery; never blocks main campaign",Contextual FTB technical reference,Needs exact installed IDs/achievement predicates and playtest,Planned content seed only; not coded as Questlog JSON
ao_supports_03_equip_a_support_item_with_a_meas,ambient_odyssey:supports,The Relic Collector,OPTIONAL_GEAR,1-7,Artifacts; Relics; More Relics; Enigmatic Legacy; Curios,3,Equip a support item with a measurable effect,Obtain or craft item (verify item ID),Craft and obtain semantics differ; check real item IDs and achievable source,"Optional, may start after location discovery; never blocks main campaign",Contextual FTB technical reference,Needs exact installed IDs/achievement predicates and playtest,Planned content seed only; not coded as Questlog JSON
ao_supports_04_find_how_relics_level_or_charge,ambient_odyssey:supports,The Relic Collector,OPTIONAL_GEAR,1-7,Artifacts; Relics; More Relics; Enigmatic Legacy; Curios,4,Find how Relics level or charge,Information / read / unlock,Display quest without assuming player's history; FTB can explain mechanics,"Optional, may start after location discovery; never blocks main campaign",Contextual FTB technical reference,Needs exact installed IDs/achievement predicates and playtest,Planned content seed only; not coded as Questlog JSON
ao_supports_05_acquire_a_relic,ambient_odyssey:supports,The Relic Collector,OPTIONAL_GEAR,1-7,Artifacts; Relics; More Relics; Enigmatic Legacy; Curios,5,Acquire a Relic,Obtain or craft item (verify item ID),Craft and obtain semantics differ; check real item IDs and achievable source,"Optional, may start after location discovery; never blocks main campaign",Contextual FTB technical reference,Needs exact installed IDs/achievement predicates and playtest,Planned content seed only; not coded as Questlog JSON
ao_supports_06_improve_or_attune_a_relic,ambient_odyssey:supports,The Relic Collector,OPTIONAL_GEAR,1-7,Artifacts; Relics; More Relics; Enigmatic Legacy; Curios,6,Improve or attune a Relic,Obtain or craft item (verify item ID),Craft and obtain semantics differ; check real item IDs and achievable source,"Optional, may start after location discovery; never blocks main campaign",Contextual FTB technical reference,Needs exact installed IDs/achievement predicates and playtest,Planned content seed only; not coded as Questlog JSON
ao_supports_07_compare_two_support_item_loadout,ambient_odyssey:supports,The Relic Collector,OPTIONAL_GEAR,1-7,Artifacts; Relics; More Relics; Enigmatic Legacy; Curios,7,Compare two support item loadouts,Information / read / unlock,Display quest without assuming player's history; FTB can explain mechanics,"Optional, may start after location discovery; never blocks main campaign",Contextual FTB technical reference,Needs exact installed IDs/achievement predicates and playtest,Planned content seed only; not coded as Questlog JSON
ao_supports_08_equip_two_compatible_a_grade_com,ambient_odyssey:supports,The Relic Collector,OPTIONAL_GEAR,1-7,Artifacts; Relics; More Relics; Enigmatic Legacy; Curios,8,Equip two compatible A-grade combat supports,Obtain or craft item (verify item ID),Craft and obtain semantics differ; check real item IDs and achievable source,"Optional, may start after location discovery; never blocks main campaign",Contextual FTB technical reference,Needs exact installed IDs/achievement predicates and playtest,Planned content seed only; not coded as Questlog JSON
ao_supports_09_acquire_a_specialized_rare_relic,ambient_odyssey:supports,The Relic Collector,OPTIONAL_GEAR,1-7,Artifacts; Relics; More Relics; Enigmatic Legacy; Curios,9,Acquire a specialized rare relic,Obtain or craft item (verify item ID),Craft and obtain semantics differ; check real item IDs and achievable source,"Optional, may start after location discovery; never blocks main campaign",Contextual FTB technical reference,Needs exact installed IDs/achievement predicates and playtest,Planned content seed only; not coded as Questlog JSON
ao_supports_10_understand_slot_conflicts_and_mu,ambient_odyssey:supports,The Relic Collector,OPTIONAL_GEAR,1-7,Artifacts; Relics; More Relics; Enigmatic Legacy; Curios,10,Understand slot conflicts and mutually exclusive effects,Information / read / unlock,Display quest without assuming player's history; FTB can explain mechanics,"Optional, may start after location discovery; never blocks main campaign",Contextual FTB technical reference,Needs exact installed IDs/achievement predicates and playtest,Planned content seed only; not coded as Questlog JSON
ao_supports_11_choose_a_final_equipment_identit,ambient_odyssey:supports,The Relic Collector,OPTIONAL_GEAR,1-7,Artifacts; Relics; More Relics; Enigmatic Legacy; Curios,11,Choose a final equipment identity,Information / read / unlock,Display quest without assuming player's history; FTB can explain mechanics,"Optional, may start after location discovery; never blocks main campaign",Contextual FTB technical reference,Needs exact installed IDs/achievement predicates and playtest,Planned content seed only; not coded as Questlog JSON
ao_apotheosis_01_understand_unusual_item_rarity_a,ambient_odyssey:apotheosis,Forged by Fortune,OPTIONAL_GEAR,2-8,Apotheosis; Apothic Enchanting; Iron's Jewelry,1,Understand unusual item rarity/affixes,Information / read / unlock,Display quest without assuming player's history; FTB can explain mechanics,"Optional, may start after location discovery; never blocks main campaign",Contextual FTB technical reference,Needs exact installed IDs/achievement predicates and playtest,Planned content seed only; not coded as Questlog JSON
ao_apotheosis_02_acquire_an_affix_item,ambient_odyssey:apotheosis,Forged by Fortune,OPTIONAL_GEAR,2-8,Apotheosis; Apothic Enchanting; Iron's Jewelry,2,Acquire an affix item,Obtain or craft item (verify item ID),Craft and obtain semantics differ; check real item IDs and achievable source,"Optional, may start after location discovery; never blocks main campaign",Contextual FTB technical reference,Needs exact installed IDs/achievement predicates and playtest,Planned content seed only; not coded as Questlog JSON
ao_apotheosis_03_salvage_unwanted_loot,ambient_odyssey:apotheosis,Forged by Fortune,OPTIONAL_GEAR,2-8,Apotheosis; Apothic Enchanting; Iron's Jewelry,3,Salvage unwanted loot,Obtain or craft item (verify item ID),Craft and obtain semantics differ; check real item IDs and achievable source,"Optional, may start after location discovery; never blocks main campaign",Contextual FTB technical reference,Needs exact installed IDs/achievement predicates and playtest,Planned content seed only; not coded as Questlog JSON
ao_apotheosis_04_learn_upgraded_enchanting_from_f,ambient_odyssey:apotheosis,Forged by Fortune,OPTIONAL_GEAR,2-8,Apotheosis; Apothic Enchanting; Iron's Jewelry,4,Learn upgraded enchanting from FTB reference,Information / read / unlock,Display quest without assuming player's history; FTB can explain mechanics,"Optional, may start after location discovery; never blocks main campaign",Contextual FTB technical reference,Needs exact installed IDs/achievement predicates and playtest,Planned content seed only; not coded as Questlog JSON
ao_apotheosis_05_apply_a_desirable_enchantment,ambient_odyssey:apotheosis,Forged by Fortune,OPTIONAL_GEAR,2-8,Apotheosis; Apothic Enchanting; Iron's Jewelry,5,Apply a desirable enchantment,Obtain or craft item (verify item ID),Craft and obtain semantics differ; check real item IDs and achievable source,"Optional, may start after location discovery; never blocks main campaign",Contextual FTB technical reference,Needs exact installed IDs/achievement predicates and playtest,Planned content seed only; not coded as Questlog JSON
ao_apotheosis_06_craft_or_use_a_socketing_item,ambient_odyssey:apotheosis,Forged by Fortune,OPTIONAL_GEAR,2-8,Apotheosis; Apothic Enchanting; Iron's Jewelry,6,Craft or use a socketing item,Obtain or craft item (verify item ID),Craft and obtain semantics differ; check real item IDs and achievable source,"Optional, may start after location discovery; never blocks main campaign",Contextual FTB technical reference,Needs exact installed IDs/achievement predicates and playtest,Planned content seed only; not coded as Questlog JSON
ao_apotheosis_07_equip_an_apotheosis_gem,ambient_odyssey:apotheosis,Forged by Fortune,OPTIONAL_GEAR,2-8,Apotheosis; Apothic Enchanting; Iron's Jewelry,7,Equip an Apotheosis gem,Obtain or craft item (verify item ID),Craft and obtain semantics differ; check real item IDs and achievable source,"Optional, may start after location discovery; never blocks main campaign",Contextual FTB technical reference,Needs exact installed IDs/achievement predicates and playtest,Planned content seed only; not coded as Questlog JSON
ao_apotheosis_08_reforge_an_item_for_stronger_aff,ambient_odyssey:apotheosis,Forged by Fortune,OPTIONAL_GEAR,2-8,Apotheosis; Apothic Enchanting; Iron's Jewelry,8,Reforge an item for stronger affixes,Obtain or craft item (verify item ID),Craft and obtain semantics differ; check real item IDs and achievable source,"Optional, may start after location discovery; never blocks main campaign",Contextual FTB technical reference,Needs exact installed IDs/achievement predicates and playtest,Planned content seed only; not coded as Questlog JSON
ao_apotheosis_09_craft_a_gem_or_jewelry_upgrade,ambient_odyssey:apotheosis,Forged by Fortune,OPTIONAL_GEAR,2-8,Apotheosis; Apothic Enchanting; Iron's Jewelry,9,Craft a gem or jewelry upgrade,Obtain or craft item (verify item ID),Craft and obtain semantics differ; check real item IDs and achievable source,"Optional, may start after location discovery; never blocks main campaign",Contextual FTB technical reference,Needs exact installed IDs/achievement predicates and playtest,Planned content seed only; not coded as Questlog JSON
ao_apotheosis_10_compare_armor_defenses_and_damag,ambient_odyssey:apotheosis,Forged by Fortune,OPTIONAL_GEAR,2-8,Apotheosis; Apothic Enchanting; Iron's Jewelry,10,Compare armor defenses and damage caps,Information / read / unlock,Display quest without assuming player's history; FTB can explain mechanics,"Optional, may start after location discovery; never blocks main campaign",Contextual FTB technical reference,Needs exact installed IDs/achievement predicates and playtest,Planned content seed only; not coded as Questlog JSON
ao_apotheosis_11_build_a_viable_tier_5_loadout,ambient_odyssey:apotheosis,Forged by Fortune,OPTIONAL_GEAR,2-8,Apotheosis; Apothic Enchanting; Iron's Jewelry,11,Build a viable Tier 5 loadout,Obtain or craft item (verify item ID),Craft and obtain semantics differ; check real item IDs and achievable source,"Optional, may start after location discovery; never blocks main campaign",Contextual FTB technical reference,Needs exact installed IDs/achievement predicates and playtest,Planned content seed only; not coded as Questlog JSON
ao_apotheosis_12_optimize_one_legendary_item,ambient_odyssey:apotheosis,Forged by Fortune,OPTIONAL_GEAR,2-8,Apotheosis; Apothic Enchanting; Iron's Jewelry,12,Optimize one legendary item,Obtain or craft item (verify item ID),Craft and obtain semantics differ; check real item IDs and achievable source,"Optional, may start after location discovery; never blocks main campaign",Contextual FTB technical reference,Needs exact installed IDs/achievement predicates and playtest,Planned content seed only; not coded as Questlog JSON
ao_overworld_atlas_01_discover_a_small_overworld_landm,ambient_odyssey:overworld_atlas,The Explorer's Atlas,OPTIONAL_EXPLORER,0-5,WDA; IDAS; Adventure Dungeons; Dungeon Crawl; Moog's; YUNG; Structory; Explorify,1,Discover a small Overworld landmark,"Visit biome, dimension, position, or structure (verify registry)",Confirm position criterion: visit_structure requires specific piece/registry; modded worldgen may be non-structure,"Optional, may start after location discovery; never blocks main campaign",None or a short beginner primer,Needs exact installed IDs/achievement predicates and playtest,Planned content seed only; not coded as Questlog JSON
ao_overworld_atlas_02_learn_which_generated_structures,ambient_odyssey:overworld_atlas,The Explorer's Atlas,OPTIONAL_EXPLORER,0-5,WDA; IDAS; Adventure Dungeons; Dungeon Crawl; Moog's; YUNG; Structory; Explorify,2,Learn which generated structures contain actual bosses,Information / read / unlock,Display quest without assuming player's history; FTB can explain mechanics,"Optional, may start after location discovery; never blocks main campaign",None or a short beginner primer,Needs exact installed IDs/achievement predicates and playtest,Planned content seed only; not coded as Questlog JSON
ao_overworld_atlas_03_explore_a_naturally_generated_to,ambient_odyssey:overworld_atlas,The Explorer's Atlas,OPTIONAL_EXPLORER,0-5,WDA; IDAS; Adventure Dungeons; Dungeon Crawl; Moog's; YUNG; Structory; Explorify,3,Explore a naturally generated tower,"Visit biome, dimension, position, or structure (verify registry)",Confirm position criterion: visit_structure requires specific piece/registry; modded worldgen may be non-structure,"Optional, may start after location discovery; never blocks main campaign",None or a short beginner primer,Needs exact installed IDs/achievement predicates and playtest,Planned content seed only; not coded as Questlog JSON
ao_overworld_atlas_04_find_a_ruined_settlement,ambient_odyssey:overworld_atlas,The Explorer's Atlas,OPTIONAL_EXPLORER,0-5,WDA; IDAS; Adventure Dungeons; Dungeon Crawl; Moog's; YUNG; Structory; Explorify,4,Find a ruined settlement,"Visit biome, dimension, position, or structure (verify registry)",Confirm position criterion: visit_structure requires specific piece/registry; modded worldgen may be non-structure,"Optional, may start after location discovery; never blocks main campaign",None or a short beginner primer,Needs exact installed IDs/achievement predicates and playtest,Planned content seed only; not coded as Questlog JSON
ao_overworld_atlas_05_enter_an_underground_dungeon,ambient_odyssey:overworld_atlas,The Explorer's Atlas,OPTIONAL_EXPLORER,0-5,WDA; IDAS; Adventure Dungeons; Dungeon Crawl; Moog's; YUNG; Structory; Explorify,5,Enter an underground dungeon,"Visit biome, dimension, position, or structure (verify registry)",Confirm position criterion: visit_structure requires specific piece/registry; modded worldgen may be non-structure,"Optional, may start after location discovery; never blocks main campaign",None or a short beginner primer,Needs exact installed IDs/achievement predicates and playtest,Planned content seed only; not coded as Questlog JSON
ao_overworld_atlas_06_discover_a_large_wda_structure,ambient_odyssey:overworld_atlas,The Explorer's Atlas,OPTIONAL_EXPLORER,0-5,WDA; IDAS; Adventure Dungeons; Dungeon Crawl; Moog's; YUNG; Structory; Explorify,6,Discover a large WDA structure,"Visit biome, dimension, position, or structure (verify registry)",Confirm position criterion: visit_structure requires specific piece/registry; modded worldgen may be non-structure,"Optional, may start after location discovery; never blocks main campaign",None or a short beginner primer,Needs exact installed IDs/achievement predicates and playtest,Planned content seed only; not coded as Questlog JSON
ao_overworld_atlas_07_record_its_apparent_danger_tier,ambient_odyssey:overworld_atlas,The Explorer's Atlas,OPTIONAL_EXPLORER,0-5,WDA; IDAS; Adventure Dungeons; Dungeon Crawl; Moog's; YUNG; Structory; Explorify,7,Record its apparent danger tier,Information / read / unlock,Display quest without assuming player's history; FTB can explain mechanics,"Optional, may start after location discovery; never blocks main campaign",None or a short beginner primer,Needs exact installed IDs/achievement predicates and playtest,Planned content seed only; not coded as Questlog JSON
ao_overworld_atlas_08_defeat_a_meaningful_hostile_enem,ambient_odyssey:overworld_atlas,The Explorer's Atlas,OPTIONAL_EXPLORER,0-5,WDA; IDAS; Adventure Dungeons; Dungeon Crawl; Moog's; YUNG; Structory; Explorify,8,Defeat a meaningful hostile enemy inside,Kill entity or complete encounter (verify kill attribution),Ensure player credit and boss/arena version are supported,"Optional, may start after location discovery; never blocks main campaign",None or a short beginner primer,Needs exact installed IDs/achievement predicates and playtest,Planned content seed only; not coded as Questlog JSON
ao_overworld_atlas_09_find_an_archaeological_site_or_r,ambient_odyssey:overworld_atlas,The Explorer's Atlas,OPTIONAL_EXPLORER,0-5,WDA; IDAS; Adventure Dungeons; Dungeon Crawl; Moog's; YUNG; Structory; Explorify,9,Find an archaeological site or ruin,"Visit biome, dimension, position, or structure (verify registry)",Confirm position criterion: visit_structure requires specific piece/registry; modded worldgen may be non-structure,"Optional, may start after location discovery; never blocks main campaign",None or a short beginner primer,Needs exact installed IDs/achievement predicates and playtest,Planned content seed only; not coded as Questlog JSON
ao_overworld_atlas_10_discover_a_rare_sky_landmark,ambient_odyssey:overworld_atlas,The Explorer's Atlas,OPTIONAL_EXPLORER,0-5,WDA; IDAS; Adventure Dungeons; Dungeon Crawl; Moog's; YUNG; Structory; Explorify,10,Discover a rare sky landmark,"Visit biome, dimension, position, or structure (verify registry)",Confirm position criterion: visit_structure requires specific piece/registry; modded worldgen may be non-structure,"Optional, may start after location discovery; never blocks main campaign",None or a short beginner primer,Needs exact installed IDs/achievement predicates and playtest,Planned content seed only; not coded as Questlog JSON
ao_overworld_atlas_11_discover_an_ocean_landmark,ambient_odyssey:overworld_atlas,The Explorer's Atlas,OPTIONAL_EXPLORER,0-5,WDA; IDAS; Adventure Dungeons; Dungeon Crawl; Moog's; YUNG; Structory; Explorify,11,Discover an ocean landmark,"Visit biome, dimension, position, or structure (verify registry)",Confirm position criterion: visit_structure requires specific piece/registry; modded worldgen may be non-structure,"Optional, may start after location discovery; never blocks main campaign",None or a short beginner primer,Needs exact installed IDs/achievement predicates and playtest,Planned content seed only; not coded as Questlog JSON
ao_overworld_atlas_12_bookmark_a_spectacular_discovery,ambient_odyssey:overworld_atlas,The Explorer's Atlas,OPTIONAL_EXPLORER,0-5,WDA; IDAS; Adventure Dungeons; Dungeon Crawl; Moog's; YUNG; Structory; Explorify,12,Bookmark a spectacular discovery for later,Information / read / unlock,Display quest without assuming player's history; FTB can explain mechanics,"Optional, may start after location discovery; never blocks main campaign",None or a short beginner primer,Needs exact installed IDs/achievement predicates and playtest,Planned content seed only; not coded as Questlog JSON
ao_creatures_01_encounter_a_new_unusual_creature,ambient_odyssey:creatures,Field Notes on Creatures,OPTIONAL_EXPLORER,0-6,Alex's Mobs; Hominid; Opposing Force; Ben's Sharks; Friends & Foes,1,Encounter a new unusual creature habitat,"Visit biome, dimension, position, or structure (verify registry)",Confirm position criterion: visit_structure requires specific piece/registry; modded worldgen may be non-structure,"Optional, may start after location discovery; never blocks main campaign",None or a short beginner primer,Needs exact installed IDs/achievement predicates and playtest,Planned content seed only; not coded as Questlog JSON
ao_creatures_02_record_whether_it_is_neutral_pas,ambient_odyssey:creatures,Field Notes on Creatures,OPTIONAL_EXPLORER,0-6,Alex's Mobs; Hominid; Opposing Force; Ben's Sharks; Friends & Foes,2,"Record whether it is neutral, passive or hostile",Information / read / unlock,Display quest without assuming player's history; FTB can explain mechanics,"Optional, may start after location discovery; never blocks main campaign",None or a short beginner primer,Needs exact installed IDs/achievement predicates and playtest,Planned content seed only; not coded as Questlog JSON
ao_creatures_03_discover_a_useful_noncombat_anim,ambient_odyssey:creatures,Field Notes on Creatures,OPTIONAL_EXPLORER,0-6,Alex's Mobs; Hominid; Opposing Force; Ben's Sharks; Friends & Foes,3,Discover a useful noncombat animal resource,Obtain or craft item (verify item ID),Craft and obtain semantics differ; check real item IDs and achievable source,"Optional, may start after location discovery; never blocks main campaign",None or a short beginner primer,Needs exact installed IDs/achievement predicates and playtest,Planned content seed only; not coded as Questlog JSON
ao_creatures_04_observe_an_uncommon_marine_creat,ambient_odyssey:creatures,Field Notes on Creatures,OPTIONAL_EXPLORER,0-6,Alex's Mobs; Hominid; Opposing Force; Ben's Sharks; Friends & Foes,4,Observe an uncommon marine creature,"Visit biome, dimension, position, or structure (verify registry)",Confirm position criterion: visit_structure requires specific piece/registry; modded worldgen may be non-structure,"Optional, may start after location discovery; never blocks main campaign",None or a short beginner primer,Needs exact installed IDs/achievement predicates and playtest,Planned content seed only; not coded as Questlog JSON
ao_creatures_05_survive_a_dangerous_named_mob,ambient_odyssey:creatures,Field Notes on Creatures,OPTIONAL_EXPLORER,0-6,Alex's Mobs; Hominid; Opposing Force; Ben's Sharks; Friends & Foes,5,Survive a dangerous named mob,Kill entity or complete encounter (verify kill attribution),Ensure player credit and boss/arena version are supported,"Optional, may start after location discovery; never blocks main campaign",None or a short beginner primer,Needs exact installed IDs/achievement predicates and playtest,Planned content seed only; not coded as Questlog JSON
ao_creatures_06_find_a_creature_unique_to_a_rare,ambient_odyssey:creatures,Field Notes on Creatures,OPTIONAL_EXPLORER,0-6,Alex's Mobs; Hominid; Opposing Force; Ben's Sharks; Friends & Foes,6,Find a creature unique to a rare biome,"Visit biome, dimension, position, or structure (verify registry)",Confirm position criterion: visit_structure requires specific piece/registry; modded worldgen may be non-structure,"Optional, may start after location discovery; never blocks main campaign",None or a short beginner primer,Needs exact installed IDs/achievement predicates and playtest,Planned content seed only; not coded as Questlog JSON
ao_creatures_07_finish_an_ecology_collection_wit,ambient_odyssey:creatures,Field Notes on Creatures,OPTIONAL_EXPLORER,0-6,Alex's Mobs; Hominid; Opposing Force; Ben's Sharks; Friends & Foes,7,Finish an ecology collection without harming passive wildlife,Information / read / unlock,Display quest without assuming player's history; FTB can explain mechanics,"Optional, may start after location discovery; never blocks main campaign",None or a short beginner primer,Needs exact installed IDs/achievement predicates and playtest,Planned content seed only; not coded as Questlog JSON
ao_archaion_01_find_a_ruined_shrine_or_ancient_,ambient_odyssey:archaion,Ancient Monuments,OPTIONAL_EXPLORER,2-6,Archaion; Dungeons and Taverns; Philip's Ruins; Additional Structures,1,Find a ruined shrine or ancient monument,"Visit biome, dimension, position, or structure (verify registry)",Confirm position criterion: visit_structure requires specific piece/registry; modded worldgen may be non-structure,"Optional, may start after location discovery; never blocks main campaign",None or a short beginner primer,Needs exact installed IDs/achievement predicates and playtest,Planned content seed only; not coded as Questlog JSON
ao_archaion_02_distinguish_a_landmark_from_an_a,ambient_odyssey:archaion,Ancient Monuments,OPTIONAL_EXPLORER,2-6,Archaion; Dungeons and Taverns; Philip's Ruins; Additional Structures,2,Distinguish a landmark from an accessible dungeon,Information / read / unlock,Display quest without assuming player's history; FTB can explain mechanics,"Optional, may start after location discovery; never blocks main campaign",None or a short beginner primer,Needs exact installed IDs/achievement predicates and playtest,Planned content seed only; not coded as Questlog JSON
ao_archaion_03_discover_an_archaion_major_struc,ambient_odyssey:archaion,Ancient Monuments,OPTIONAL_EXPLORER,2-6,Archaion; Dungeons and Taverns; Philip's Ruins; Additional Structures,3,Discover an Archaion major structure,"Visit biome, dimension, position, or structure (verify registry)",Confirm position criterion: visit_structure requires specific piece/registry; modded worldgen may be non-structure,"Optional, may start after location discovery; never blocks main campaign",None or a short beginner primer,Needs exact installed IDs/achievement predicates and playtest,Planned content seed only; not coded as Questlog JSON
ao_archaion_04_recover_a_unique_but_real_ruin_r,ambient_odyssey:archaion,Ancient Monuments,OPTIONAL_EXPLORER,2-6,Archaion; Dungeons and Taverns; Philip's Ruins; Additional Structures,4,Recover a unique but real ruin reward,Obtain or craft item (verify item ID),Craft and obtain semantics differ; check real item IDs and achievable source,"Optional, may start after location discovery; never blocks main campaign",None or a short beginner primer,Needs exact installed IDs/achievement predicates and playtest,Planned content seed only; not coded as Questlog JSON
ao_archaion_05_conquer_a_dangerous_ancient_loca,ambient_odyssey:archaion,Ancient Monuments,OPTIONAL_EXPLORER,2-6,Archaion; Dungeons and Taverns; Philip's Ruins; Additional Structures,5,Conquer a dangerous ancient location,Kill entity or complete encounter (verify kill attribution),Ensure player credit and boss/arena version are supported,"Optional, may start after location discovery; never blocks main campaign",None or a short beginner primer,Needs exact installed IDs/achievement predicates and playtest,Planned content seed only; not coded as Questlog JSON
ao_archaion_06_record_its_history_as_a_simple_d,ambient_odyssey:archaion,Ancient Monuments,OPTIONAL_EXPLORER,2-6,Archaion; Dungeons and Taverns; Philip's Ruins; Additional Structures,6,Record its history as a simple discovery,Information / read / unlock,Display quest without assuming player's history; FTB can explain mechanics,"Optional, may start after location discovery; never blocks main campaign",None or a short beginner primer,Needs exact installed IDs/achievement predicates and playtest,Planned content seed only; not coded as Questlog JSON
ao_nether_atlas_01_discover_a_new_nether_biome,ambient_odyssey:nether_atlas,Through Fire and Stone,OPTIONAL_EXPLORER,2-6,Incendium; Nether structures; Better Bastions; YUNG Fortresses,1,Discover a new Nether biome,"Visit biome, dimension, position, or structure (verify registry)",Confirm position criterion: visit_structure requires specific piece/registry; modded worldgen may be non-structure,"Optional, may start after location discovery; never blocks main campaign",None or a short beginner primer,Needs exact installed IDs/achievement predicates and playtest,Planned content seed only; not coded as Questlog JSON
ao_nether_atlas_02_find_a_ruined_nether_settlement,ambient_odyssey:nether_atlas,Through Fire and Stone,OPTIONAL_EXPLORER,2-6,Incendium; Nether structures; Better Bastions; YUNG Fortresses,2,Find a ruined Nether settlement,"Visit biome, dimension, position, or structure (verify registry)",Confirm position criterion: visit_structure requires specific piece/registry; modded worldgen may be non-structure,"Optional, may start after location discovery; never blocks main campaign",None or a short beginner primer,Needs exact installed IDs/achievement predicates and playtest,Planned content seed only; not coded as Questlog JSON
ao_nether_atlas_03_explore_a_reworked_fortress,ambient_odyssey:nether_atlas,Through Fire and Stone,OPTIONAL_EXPLORER,2-6,Incendium; Nether structures; Better Bastions; YUNG Fortresses,3,Explore a reworked fortress,"Visit biome, dimension, position, or structure (verify registry)",Confirm position criterion: visit_structure requires specific piece/registry; modded worldgen may be non-structure,"Optional, may start after location discovery; never blocks main campaign",None or a short beginner primer,Needs exact installed IDs/achievement predicates and playtest,Planned content seed only; not coded as Questlog JSON
ao_nether_atlas_04_recover_a_notable_nether_only_re,ambient_odyssey:nether_atlas,Through Fire and Stone,OPTIONAL_EXPLORER,2-6,Incendium; Nether structures; Better Bastions; YUNG Fortresses,4,Recover a notable Nether-only resource,Obtain or craft item (verify item ID),Craft and obtain semantics differ; check real item IDs and achievable source,"Optional, may start after location discovery; never blocks main campaign",None or a short beginner primer,Needs exact installed IDs/achievement predicates and playtest,Planned content seed only; not coded as Questlog JSON
ao_nether_atlas_05_discover_a_rare_incendium_struct,ambient_odyssey:nether_atlas,Through Fire and Stone,OPTIONAL_EXPLORER,2-6,Incendium; Nether structures; Better Bastions; YUNG Fortresses,5,Discover a rare Incendium structure,"Visit biome, dimension, position, or structure (verify registry)",Confirm position criterion: visit_structure requires specific piece/registry; modded worldgen may be non-structure,"Optional, may start after location discovery; never blocks main campaign",None or a short beginner primer,Needs exact installed IDs/achievement predicates and playtest,Planned content seed only; not coded as Questlog JSON
ao_nether_atlas_06_overcome_a_nether_native_dangero,ambient_odyssey:nether_atlas,Through Fire and Stone,OPTIONAL_EXPLORER,2-6,Incendium; Nether structures; Better Bastions; YUNG Fortresses,6,Overcome a Nether-native dangerous encounter,Kill entity or complete encounter (verify kill attribution),Ensure player credit and boss/arena version are supported,"Optional, may start after location discovery; never blocks main campaign",None or a short beginner primer,Needs exact installed IDs/achievement predicates and playtest,Planned content seed only; not coded as Questlog JSON
ao_nether_atlas_07_prepare_a_safe_return_and_record,ambient_odyssey:nether_atlas,Through Fire and Stone,OPTIONAL_EXPLORER,2-6,Incendium; Nether structures; Better Bastions; YUNG Fortresses,7,Prepare a safe return and record the expedition,Information / read / unlock,Display quest without assuming player's history; FTB can explain mechanics,"Optional, may start after location discovery; never blocks main campaign",None or a short beginner primer,Needs exact installed IDs/achievement predicates and playtest,Planned content seed only; not coded as Questlog JSON
ao_cooking_01_prepare_an_upgraded_meal,ambient_odyssey:cooking,Expedition Provisions,OPTIONAL_LIFESTYLE,0-2,Farmer's Delight; Rustic/Corn/Cultural Delights; cooking,1,Prepare an upgraded meal,Obtain or craft item (verify item ID),Craft and obtain semantics differ; check real item IDs and achievable source,"Optional, may start after location discovery; never blocks main campaign",Contextual FTB technical reference,Needs exact installed IDs/achievement predicates and playtest,Planned content seed only; not coded as Questlog JSON
ao_cooking_02_read_the_farmer_s_delight_ftb_gu,ambient_odyssey:cooking,Expedition Provisions,OPTIONAL_LIFESTYLE,0-2,Farmer's Delight; Rustic/Corn/Cultural Delights; cooking,2,Read the Farmer's Delight FTB guide,Information / read / unlock,Display quest without assuming player's history; FTB can explain mechanics,"Optional, may start after location discovery; never blocks main campaign",Contextual FTB technical reference,Needs exact installed IDs/achievement predicates and playtest,Planned content seed only; not coded as Questlog JSON
ao_cooking_03_make_a_nourishing_travel_ration,ambient_odyssey:cooking,Expedition Provisions,OPTIONAL_LIFESTYLE,0-2,Farmer's Delight; Rustic/Corn/Cultural Delights; cooking,3,Make a nourishing travel ration,Obtain or craft item (verify item ID),Craft and obtain semantics differ; check real item IDs and achievable source,"Optional, may start after location discovery; never blocks main campaign",Contextual FTB technical reference,Needs exact installed IDs/achievement predicates and playtest,Planned content seed only; not coded as Questlog JSON
ao_cooking_04_discover_a_local_specialty_ingre,ambient_odyssey:cooking,Expedition Provisions,OPTIONAL_LIFESTYLE,0-2,Farmer's Delight; Rustic/Corn/Cultural Delights; cooking,4,Discover a local specialty ingredient,Obtain or craft item (verify item ID),Craft and obtain semantics differ; check real item IDs and achievable source,"Optional, may start after location discovery; never blocks main campaign",Contextual FTB technical reference,Needs exact installed IDs/achievement predicates and playtest,Planned content seed only; not coded as Questlog JSON
ao_cooking_05_finish_the_optional_camp_cook_ch,ambient_odyssey:cooking,Expedition Provisions,OPTIONAL_LIFESTYLE,0-2,Farmer's Delight; Rustic/Corn/Cultural Delights; cooking,5,Finish the optional camp-cook chapter,Information / read / unlock,Display quest without assuming player's history; FTB can explain mechanics,"Optional, may start after location discovery; never blocks main campaign",Contextual FTB technical reference,Needs exact installed IDs/achievement predicates and playtest,Planned content seed only; not coded as Questlog JSON
ao_create_01_find_a_distinctive_create_struct,ambient_odyssey:create,The Engineer's Detour,OPTIONAL_LIFESTYLE,1-4,Create; Create: Structures Arise; Create: Rustic; Create: Easy Structures,1,Find a distinctive Create structure,"Visit biome, dimension, position, or structure (verify registry)",Confirm position criterion: visit_structure requires specific piece/registry; modded worldgen may be non-structure,"Optional, may start after location discovery; never blocks main campaign",Contextual FTB technical reference,Needs exact installed IDs/achievement predicates and playtest,Planned content seed only; not coded as Questlog JSON
ao_create_02_build_a_first_simple_kinetic_com,ambient_odyssey:create,The Engineer's Detour,OPTIONAL_LIFESTYLE,1-4,Create; Create: Structures Arise; Create: Rustic; Create: Easy Structures,2,Build a first simple kinetic component,Obtain or craft item (verify item ID),Craft and obtain semantics differ; check real item IDs and achievable source,"Optional, may start after location discovery; never blocks main campaign",Contextual FTB technical reference,Needs exact installed IDs/achievement predicates and playtest,Planned content seed only; not coded as Questlog JSON
ao_create_03_follow_the_detailed_create_ftb_t,ambient_odyssey:create,The Engineer's Detour,OPTIONAL_LIFESTYLE,1-4,Create; Create: Structures Arise; Create: Rustic; Create: Easy Structures,3,Follow the detailed Create FTB tutorial for automation,Information / read / unlock,Display quest without assuming player's history; FTB can explain mechanics,"Optional, may start after location discovery; never blocks main campaign",Contextual FTB technical reference,Needs exact installed IDs/achievement predicates and playtest,Planned content seed only; not coded as Questlog JSON
ao_create_04_make_a_small_powered_workshop,ambient_odyssey:create,The Engineer's Detour,OPTIONAL_LIFESTYLE,1-4,Create; Create: Structures Arise; Create: Rustic; Create: Easy Structures,4,Make a small powered workshop,Obtain or craft item (verify item ID),Craft and obtain semantics differ; check real item IDs and achievable source,"Optional, may start after location discovery; never blocks main campaign",Contextual FTB technical reference,Needs exact installed IDs/achievement predicates and playtest,Planned content seed only; not coded as Questlog JSON
ao_create_05_record_this_optional_alternative,ambient_odyssey:create,The Engineer's Detour,OPTIONAL_LIFESTYLE,1-4,Create; Create: Structures Arise; Create: Rustic; Create: Easy Structures,5,Record this optional alternative progression,Information / read / unlock,Display quest without assuming player's history; FTB can explain mechanics,"Optional, may start after location discovery; never blocks main campaign",Contextual FTB technical reference,Needs exact installed IDs/achievement predicates and playtest,Planned content seed only; not coded as Questlog JSON
ao_fishing_01_craft_upgraded_fishing_equipment,ambient_odyssey:fishing,Angler's Diary,OPTIONAL_LIFESTYLE,0-3,Aquaculture; Ocean's Delight,1,Craft upgraded fishing equipment,Obtain or craft item (verify item ID),Craft and obtain semantics differ; check real item IDs and achievable source,"Optional, may start after location discovery; never blocks main campaign",None or a short beginner primer,Needs exact installed IDs/achievement predicates and playtest,Planned content seed only; not coded as Questlog JSON
ao_fishing_02_catch_a_new_species_of_fish,ambient_odyssey:fishing,Angler's Diary,OPTIONAL_LIFESTYLE,0-3,Aquaculture; Ocean's Delight,2,Catch a new species of fish,Obtain or craft item (verify item ID),Craft and obtain semantics differ; check real item IDs and achievable source,"Optional, may start after location discovery; never blocks main campaign",None or a short beginner primer,Needs exact installed IDs/achievement predicates and playtest,Planned content seed only; not coded as Questlog JSON
ao_fishing_03_check_local_fish_habitats,ambient_odyssey:fishing,Angler's Diary,OPTIONAL_LIFESTYLE,0-3,Aquaculture; Ocean's Delight,3,Check local fish habitats,Information / read / unlock,Display quest without assuming player's history; FTB can explain mechanics,"Optional, may start after location discovery; never blocks main campaign",None or a short beginner primer,Needs exact installed IDs/achievement predicates and playtest,Planned content seed only; not coded as Questlog JSON
ao_fishing_04_prepare_a_fish_based_travel_meal,ambient_odyssey:fishing,Angler's Diary,OPTIONAL_LIFESTYLE,0-3,Aquaculture; Ocean's Delight,4,Prepare a fish-based travel meal,Obtain or craft item (verify item ID),Craft and obtain semantics differ; check real item IDs and achievable source,"Optional, may start after location discovery; never blocks main campaign",None or a short beginner primer,Needs exact installed IDs/achievement predicates and playtest,Planned content seed only; not coded as Questlog JSON
ao_fishing_05_close_the_angler_sidequest,ambient_odyssey:fishing,Angler's Diary,OPTIONAL_LIFESTYLE,0-3,Aquaculture; Ocean's Delight,5,Close the angler sidequest,Information / read / unlock,Display quest without assuming player's history; FTB can explain mechanics,"Optional, may start after location discovery; never blocks main campaign",None or a short beginner primer,Needs exact installed IDs/achievement predicates and playtest,Planned content seed only; not coded as Questlog JSON
ao_ftb_jei_01_jei_recipes_and_uses,ambient_odyssey:ftb_jei,JEI and Getting Around,FTB_EDUCATION,0,JEI; Xaero; Waystones; Lootr; FTB Teams; Curios,1,JEI recipes and uses,Information / read / unlock,Display quest without assuming player's history; FTB can explain mechanics,Information page only; no double rewards,This quest IS the manual,Needs accurate instructions and screenshots,Planned content seed only; not coded as Questlog JSON
ao_ftb_jei_02_search_syntax_and_bookmarks,ambient_odyssey:ftb_jei,JEI and Getting Around,FTB_EDUCATION,0,JEI; Xaero; Waystones; Lootr; FTB Teams; Curios,2,Search syntax and bookmarks,Information / read / unlock,Display quest without assuming player's history; FTB can explain mechanics,Information page only; no double rewards,This quest IS the manual,Needs accurate instructions and screenshots,Planned content seed only; not coded as Questlog JSON
ao_ftb_jei_03_item_tooltip_modifiers_and_hotke,ambient_odyssey:ftb_jei,JEI and Getting Around,FTB_EDUCATION,0,JEI; Xaero; Waystones; Lootr; FTB Teams; Curios,3,Item tooltip modifiers and hotkeys,Information / read / unlock,Display quest without assuming player's history; FTB can explain mechanics,Information page only; no double rewards,This quest IS the manual,Needs accurate instructions and screenshots,Planned content seed only; not coded as Questlog JSON
ao_ftb_jei_04_shields_and_offhand,ambient_odyssey:ftb_jei,JEI and Getting Around,FTB_EDUCATION,0,JEI; Xaero; Waystones; Lootr; FTB Teams; Curios,4,Shields and offhand,Information / read / unlock,Display quest without assuming player's history; FTB can explain mechanics,Information page only; no double rewards,This quest IS the manual,Needs accurate instructions and screenshots,Planned content seed only; not coded as Questlog JSON
ao_ftb_jei_05_waystones_and_waypoints,ambient_odyssey:ftb_jei,JEI and Getting Around,FTB_EDUCATION,0,JEI; Xaero; Waystones; Lootr; FTB Teams; Curios,5,Waystones and waypoints,Information / read / unlock,Display quest without assuming player's history; FTB can explain mechanics,Information page only; no double rewards,This quest IS the manual,Needs accurate instructions and screenshots,Planned content seed only; not coded as Questlog JSON
ao_ftb_jei_06_shared_vs_personal_dungeon_chest,ambient_odyssey:ftb_jei,JEI and Getting Around,FTB_EDUCATION,0,JEI; Xaero; Waystones; Lootr; FTB Teams; Curios,6,Shared vs personal dungeon chests,Information / read / unlock,Display quest without assuming player's history; FTB can explain mechanics,Information page only; no double rewards,This quest IS the manual,Needs accurate instructions and screenshots,Planned content seed only; not coded as Questlog JSON
ao_ftb_jei_07_curios_slot_assignment,ambient_odyssey:ftb_jei,JEI and Getting Around,FTB_EDUCATION,0,JEI; Xaero; Waystones; Lootr; FTB Teams; Curios,7,Curios slot assignment,Information / read / unlock,Display quest without assuming player's history; FTB can explain mechanics,Information page only; no double rewards,This quest IS the manual,Needs accurate instructions and screenshots,Planned content seed only; not coded as Questlog JSON
ao_ftb_jei_08_chunk_claims_and_server_permissi,ambient_odyssey:ftb_jei,JEI and Getting Around,FTB_EDUCATION,0,JEI; Xaero; Waystones; Lootr; FTB Teams; Curios,8,Chunk claims and server permissions,Information / read / unlock,Display quest without assuming player's history; FTB can explain mechanics,Information page only; no double rewards,This quest IS the manual,Needs accurate instructions and screenshots,Planned content seed only; not coded as Questlog JSON
ao_ftb_gear_01_vanilla_enchantments_and_levels,ambient_odyssey:ftb_gear,Equipment Technical Reference,FTB_EDUCATION,1-8,Apotheosis; Enchanting; Artifacts; Relics; Iron's Jewelry,1,Vanilla enchantments and levels,Information / read / unlock,Display quest without assuming player's history; FTB can explain mechanics,Information page only; no double rewards,This quest IS the manual,Needs accurate instructions and screenshots,Planned content seed only; not coded as Questlog JSON
ao_ftb_gear_02_apotheosis_enchantment_table_att,ambient_odyssey:ftb_gear,Equipment Technical Reference,FTB_EDUCATION,1-8,Apotheosis; Enchanting; Artifacts; Relics; Iron's Jewelry,2,Apotheosis enchantment table attributes,Information / read / unlock,Display quest without assuming player's history; FTB can explain mechanics,Information page only; no double rewards,This quest IS the manual,Needs accurate instructions and screenshots,Planned content seed only; not coded as Questlog JSON
ao_ftb_gear_03_reforging_and_affixes,ambient_odyssey:ftb_gear,Equipment Technical Reference,FTB_EDUCATION,1-8,Apotheosis; Enchanting; Artifacts; Relics; Iron's Jewelry,3,Reforging and affixes,Information / read / unlock,Display quest without assuming player's history; FTB can explain mechanics,Information page only; no double rewards,This quest IS the manual,Needs accurate instructions and screenshots,Planned content seed only; not coded as Questlog JSON
ao_ftb_gear_04_apotheosis_gems_and_sockets,ambient_odyssey:ftb_gear,Equipment Technical Reference,FTB_EDUCATION,1-8,Apotheosis; Enchanting; Artifacts; Relics; Iron's Jewelry,4,Apotheosis gems and sockets,Information / read / unlock,Display quest without assuming player's history; FTB can explain mechanics,Information page only; no double rewards,This quest IS the manual,Needs accurate instructions and screenshots,Planned content seed only; not coded as Questlog JSON
ao_ftb_gear_05_loot_rarity_and_gear_scaling,ambient_odyssey:ftb_gear,Equipment Technical Reference,FTB_EDUCATION,1-8,Apotheosis; Enchanting; Artifacts; Relics; Iron's Jewelry,5,Loot rarity and gear scaling,Information / read / unlock,Display quest without assuming player's history; FTB can explain mechanics,Information page only; no double rewards,This quest IS the manual,Needs accurate instructions and screenshots,Planned content seed only; not coded as Questlog JSON
ao_ftb_gear_06_relic_leveling_and_cooldowns,ambient_odyssey:ftb_gear,Equipment Technical Reference,FTB_EDUCATION,1-8,Apotheosis; Enchanting; Artifacts; Relics; Iron's Jewelry,6,Relic leveling and cooldowns,Information / read / unlock,Display quest without assuming player's history; FTB can explain mechanics,Information page only; no double rewards,This quest IS the manual,Needs accurate instructions and screenshots,Planned content seed only; not coded as Questlog JSON
ao_ftb_gear_07_combat_support_grades_and_slot_c,ambient_odyssey:ftb_gear,Equipment Technical Reference,FTB_EDUCATION,1-8,Apotheosis; Enchanting; Artifacts; Relics; Iron's Jewelry,7,Combat-support grades and slot conflicts,Information / read / unlock,Display quest without assuming player's history; FTB can explain mechanics,Information page only; no double rewards,This quest IS the manual,Needs accurate instructions and screenshots,Planned content seed only; not coded as Questlog JSON
ao_ftb_gear_08_class_and_origin_passive_stackin,ambient_odyssey:ftb_gear,Equipment Technical Reference,FTB_EDUCATION,1-8,Apotheosis; Enchanting; Artifacts; Relics; Iron's Jewelry,8,Class and origin passive stacking,Information / read / unlock,Display quest without assuming player's history; FTB can explain mechanics,Information page only; no double rewards,This quest IS the manual,Needs accurate instructions and screenshots,Planned content seed only; not coded as Questlog JSON
ao_ftb_gear_09_gear_readiness_tiers_0_8,ambient_odyssey:ftb_gear,Equipment Technical Reference,FTB_EDUCATION,1-8,Apotheosis; Enchanting; Artifacts; Relics; Iron's Jewelry,9,Gear readiness tiers 0–8,Information / read / unlock,Display quest without assuming player's history; FTB can explain mechanics,Information page only; no double rewards,This quest IS the manual,Needs accurate instructions and screenshots,Planned content seed only; not coded as Questlog JSON
ao_ftb_magic_01_iron_s_spellbooks_spell_acquisit,ambient_odyssey:ftb_magic,Magic Systems Manual,FTB_EDUCATION,1-8,Ars Nouveau; Iron's Spellbooks; Forbidden & Arcanus,1,Iron's Spellbooks: spell acquisition,Information / read / unlock,Display quest without assuming player's history; FTB can explain mechanics,Information page only; no double rewards,This quest IS the manual,Needs accurate instructions and screenshots,Planned content seed only; not coded as Questlog JSON
ao_ftb_magic_02_mana_and_spell_cooldowns,ambient_odyssey:ftb_magic,Magic Systems Manual,FTB_EDUCATION,1-8,Ars Nouveau; Iron's Spellbooks; Forbidden & Arcanus,2,Mana and spell cooldowns,Information / read / unlock,Display quest without assuming player's history; FTB can explain mechanics,Information page only; no double rewards,This quest IS the manual,Needs accurate instructions and screenshots,Planned content seed only; not coded as Questlog JSON
ao_ftb_magic_03_spell_schools_and_resistances,ambient_odyssey:ftb_magic,Magic Systems Manual,FTB_EDUCATION,1-8,Ars Nouveau; Iron's Spellbooks; Forbidden & Arcanus,3,Spell schools and resistances,Information / read / unlock,Display quest without assuming player's history; FTB can explain mechanics,Information page only; no double rewards,This quest IS the manual,Needs accurate instructions and screenshots,Planned content seed only; not coded as Questlog JSON
ao_ftb_magic_04_spellbook_upgrading,ambient_odyssey:ftb_magic,Magic Systems Manual,FTB_EDUCATION,1-8,Ars Nouveau; Iron's Spellbooks; Forbidden & Arcanus,4,Spellbook upgrading,Information / read / unlock,Display quest without assuming player's history; FTB can explain mechanics,Information page only; no double rewards,This quest IS the manual,Needs accurate instructions and screenshots,Planned content seed only; not coded as Questlog JSON
ao_ftb_magic_05_ars_nouveau_glyph_syntax,ambient_odyssey:ftb_magic,Magic Systems Manual,FTB_EDUCATION,1-8,Ars Nouveau; Iron's Spellbooks; Forbidden & Arcanus,5,Ars Nouveau glyph syntax,Information / read / unlock,Display quest without assuming player's history; FTB can explain mechanics,Information page only; no double rewards,This quest IS the manual,Needs accurate instructions and screenshots,Planned content seed only; not coded as Questlog JSON
ao_ftb_magic_06_source_mana_generation,ambient_odyssey:ftb_magic,Magic Systems Manual,FTB_EDUCATION,1-8,Ars Nouveau; Iron's Spellbooks; Forbidden & Arcanus,6,Source/mana generation,Information / read / unlock,Display quest without assuming player's history; FTB can explain mechanics,Information page only; no double rewards,This quest IS the manual,Needs accurate instructions and screenshots,Planned content seed only; not coded as Questlog JSON
ao_ftb_magic_07_rituals_and_casting_apparatus,ambient_odyssey:ftb_magic,Magic Systems Manual,FTB_EDUCATION,1-8,Ars Nouveau; Iron's Spellbooks; Forbidden & Arcanus,7,Rituals and casting apparatus,Information / read / unlock,Display quest without assuming player's history; FTB can explain mechanics,Information page only; no double rewards,This quest IS the manual,Needs accurate instructions and screenshots,Planned content seed only; not coded as Questlog JSON
ao_ftb_magic_08_ars_utility_spell_examples,ambient_odyssey:ftb_magic,Magic Systems Manual,FTB_EDUCATION,1-8,Ars Nouveau; Iron's Spellbooks; Forbidden & Arcanus,8,Ars utility spell examples,Information / read / unlock,Display quest without assuming player's history; FTB can explain mechanics,Information page only; no double rewards,This quest IS the manual,Needs accurate instructions and screenshots,Planned content seed only; not coded as Questlog JSON
ao_ftb_magic_09_forbidden_arcanus_material_gloss,ambient_odyssey:ftb_magic,Magic Systems Manual,FTB_EDUCATION,1-8,Ars Nouveau; Iron's Spellbooks; Forbidden & Arcanus,9,Forbidden & Arcanus material glossary,Information / read / unlock,Display quest without assuming player's history; FTB can explain mechanics,Information page only; no double rewards,This quest IS the manual,Needs accurate instructions and screenshots,Planned content seed only; not coded as Questlog JSON
ao_ftb_magic_10_boss_drop_spell_additions_and_re,ambient_odyssey:ftb_magic,Magic Systems Manual,FTB_EDUCATION,1-8,Ars Nouveau; Iron's Spellbooks; Forbidden & Arcanus,10,Boss-drop spell additions and requirements,Information / read / unlock,Display quest without assuming player's history; FTB can explain mechanics,Information page only; no double rewards,This quest IS the manual,Needs accurate instructions and screenshots,Planned content seed only; not coded as Questlog JSON
ao_ftb_rpg_01_difference_between_questlog_and_,ambient_odyssey:ftb_rpg,Character & Questing Manual,FTB_EDUCATION,0-8,Origins; Questlog; FTB Quests; Boss Atlas,1,Difference between Questlog and FTB manual,Information / read / unlock,Display quest without assuming player's history; FTB can explain mechanics,Information page only; no double rewards,This quest IS the manual,Needs accurate instructions and screenshots,Planned content seed only; not coded as Questlog JSON
ao_ftb_rpg_02_optional_and_required_branches,ambient_odyssey:ftb_rpg,Character & Questing Manual,FTB_EDUCATION,0-8,Origins; Questlog; FTB Quests; Boss Atlas,2,Optional and required branches,Information / read / unlock,Display quest without assuming player's history; FTB can explain mechanics,Information page only; no double rewards,This quest IS the manual,Needs accurate instructions and screenshots,Planned content seed only; not coded as Questlog JSON
ao_ftb_rpg_03_what_origin_means_when_adopted,ambient_odyssey:ftb_rpg,Character & Questing Manual,FTB_EDUCATION,0-8,Origins; Questlog; FTB Quests; Boss Atlas,3,What Origin means when adopted,Information / read / unlock,Display quest without assuming player's history; FTB can explain mechanics,Information page only; no double rewards,This quest IS the manual,Needs accurate instructions and screenshots,Planned content seed only; not coded as Questlog JSON
ao_ftb_rpg_04_what_discipline_or_background_me,ambient_odyssey:ftb_rpg,Character & Questing Manual,FTB_EDUCATION,0-8,Origins; Questlog; FTB Quests; Boss Atlas,4,What discipline or background means when adopted,Information / read / unlock,Display quest without assuming player's history; FTB can explain mechanics,Information page only; no double rewards,This quest IS the manual,Needs accurate instructions and screenshots,Planned content seed only; not coded as Questlog JSON
ao_ftb_rpg_05_progressing_without_one_fixed_cl,ambient_odyssey:ftb_rpg,Character & Questing Manual,FTB_EDUCATION,0-8,Origins; Questlog; FTB Quests; Boss Atlas,5,Progressing without one fixed class,Information / read / unlock,Display quest without assuming player's history; FTB can explain mechanics,Information page only; no double rewards,This quest IS the manual,Needs accurate instructions and screenshots,Planned content seed only; not coded as Questlog JSON
ao_ftb_rpg_06_boss_tier_danger_and_gear_readin,ambient_odyssey:ftb_rpg,Character & Questing Manual,FTB_EDUCATION,0-8,Origins; Questlog; FTB Quests; Boss Atlas,6,Boss tier danger and gear readiness,Information / read / unlock,Display quest without assuming player's history; FTB can explain mechanics,Information page only; no double rewards,This quest IS the manual,Needs accurate instructions and screenshots,Planned content seed only; not coded as Questlog JSON
ao_ftb_rpg_07_personal_vs_party_progress_and_r,ambient_odyssey:ftb_rpg,Character & Questing Manual,FTB_EDUCATION,0-8,Origins; Questlog; FTB Quests; Boss Atlas,7,Personal vs party progress and rewards,Information / read / unlock,Display quest without assuming player's history; FTB can explain mechanics,Information page only; no double rewards,This quest IS the manual,Needs accurate instructions and screenshots,Planned content seed only; not coded as Questlog JSON
ao_ftb_rpg_08_what_information_explorer_s_jour,ambient_odyssey:ftb_rpg,Character & Questing Manual,FTB_EDUCATION,0-8,Origins; Questlog; FTB Quests; Boss Atlas,8,What information Explorer's Journal saves,Information / read / unlock,Display quest without assuming player's history; FTB can explain mechanics,Information page only; no double rewards,This quest IS the manual,Needs accurate instructions and screenshots,Planned content seed only; not coded as Questlog JSON
ao_ftb_rpg_09_help_and_accessibility_settings,ambient_odyssey:ftb_rpg,Character & Questing Manual,FTB_EDUCATION,0-8,Origins; Questlog; FTB Quests; Boss Atlas,9,Help and accessibility settings,Information / read / unlock,Display quest without assuming player's history; FTB can explain mechanics,Information page only; no double rewards,This quest IS the manual,Needs accurate instructions and screenshots,Planned content seed only; not coded as Questlog JSON
ao_ftb_create_01_create_kinetic_power_principles,ambient_odyssey:ftb_create,"Engineering, Food & Storage",FTB_EDUCATION,0-5,Create; Farmer's Delight; Sophisticated Storage; Sophisticated Backpacks,1,Create kinetic power principles,Information / read / unlock,Display quest without assuming player's history; FTB can explain mechanics,Information page only; no double rewards,This quest IS the manual,Needs accurate instructions and screenshots,Planned content seed only; not coded as Questlog JSON
ao_ftb_create_02_rotation_direction_and_capacity,ambient_odyssey:ftb_create,"Engineering, Food & Storage",FTB_EDUCATION,0-5,Create; Farmer's Delight; Sophisticated Storage; Sophisticated Backpacks,2,Rotation direction and capacity,Information / read / unlock,Display quest without assuming player's history; FTB can explain mechanics,Information page only; no double rewards,This quest IS the manual,Needs accurate instructions and screenshots,Planned content seed only; not coded as Questlog JSON
ao_ftb_create_03_simple_gear_and_shaft_example,ambient_odyssey:ftb_create,"Engineering, Food & Storage",FTB_EDUCATION,0-5,Create; Farmer's Delight; Sophisticated Storage; Sophisticated Backpacks,3,Simple gear and shaft example,Information / read / unlock,Display quest without assuming player's history; FTB can explain mechanics,Information page only; no double rewards,This quest IS the manual,Needs accurate instructions and screenshots,Planned content seed only; not coded as Questlog JSON
ao_ftb_create_04_create_workshop_safety,ambient_odyssey:ftb_create,"Engineering, Food & Storage",FTB_EDUCATION,0-5,Create; Farmer's Delight; Sophisticated Storage; Sophisticated Backpacks,4,Create workshop safety,Information / read / unlock,Display quest without assuming player's history; FTB can explain mechanics,Information page only; no double rewards,This quest IS the manual,Needs accurate instructions and screenshots,Planned content seed only; not coded as Questlog JSON
ao_ftb_create_05_food_nutrition_and_cookware,ambient_odyssey:ftb_create,"Engineering, Food & Storage",FTB_EDUCATION,0-5,Create; Farmer's Delight; Sophisticated Storage; Sophisticated Backpacks,5,Food nutrition and cookware,Information / read / unlock,Display quest without assuming player's history; FTB can explain mechanics,Information page only; no double rewards,This quest IS the manual,Needs accurate instructions and screenshots,Planned content seed only; not coded as Questlog JSON
ao_ftb_create_06_backpack_filters_and_upgrades,ambient_odyssey:ftb_create,"Engineering, Food & Storage",FTB_EDUCATION,0-5,Create; Farmer's Delight; Sophisticated Storage; Sophisticated Backpacks,6,Backpack filters and upgrades,Information / read / unlock,Display quest without assuming player's history; FTB can explain mechanics,Information page only; no double rewards,This quest IS the manual,Needs accurate instructions and screenshots,Planned content seed only; not coded as Questlog JSON
ao_ftb_create_07_storage_system_interfaces,ambient_odyssey:ftb_create,"Engineering, Food & Storage",FTB_EDUCATION,0-5,Create; Farmer's Delight; Sophisticated Storage; Sophisticated Backpacks,7,Storage system interfaces,Information / read / unlock,Display quest without assuming player's history; FTB can explain mechanics,Information page only; no double rewards,This quest IS the manual,Needs accurate instructions and screenshots,Planned content seed only; not coded as Questlog JSON
ao_ftb_create_08_automation_alternatives_and_reci,ambient_odyssey:ftb_create,"Engineering, Food & Storage",FTB_EDUCATION,0-5,Create; Farmer's Delight; Sophisticated Storage; Sophisticated Backpacks,8,Automation alternatives and recipe JEI tips,Information / read / unlock,Display quest without assuming player's history; FTB can explain mechanics,Information page only; no double rewards,This quest IS the manual,Needs accurate instructions and screenshots,Planned content seed only; not coded as Questlog JSON
